all_activity_sum,session_Sum,mean_periodicity_h,median_periodicity_h,mode_periodicity_h,start_learning_before_exam_d,start_learning_before_exam_h,activities_during_learning,best_learning_window_activity_count,weekend_total,homework_time_total,homework_count_total,attempt_quizes_data_start_learning_date_count,time_diff_earliest_quiz_attempt_h,count_attempts_quiz,activity_Night,session_Night,activity_start_learning_before_exam_Night,activity_Morning,session_Morning,activity_start_learning_before_exam_Morning,activity_Afternoon,session_Afternoon,activity_start_learning_before_exam_Afternoon,activity_Evening,session_Evening,activity_start_learning_before_exam_Evening,activity_per_learning_day,activity_per_session,regularity_inverse_mean_periodicity,regularity_inverse_median_periodicity,learning_activity_ratio,student_id,year,learning_window_avg_pm10,activities_x_learning_window_avg_pm10,activity_per_day_x_learning_window_avg_pm10,sessions_x_learning_window_avg_pm10,regularity_x_learning_window_avg_pm10,learning_window_avg_pm2_5,activities_x_learning_window_avg_pm2_5,activity_per_day_x_learning_window_avg_pm2_5,sessions_x_learning_window_avg_pm2_5,regularity_x_learning_window_avg_pm2_5,learning_window_avg_tavg,activities_x_learning_window_avg_tavg,activity_per_day_x_learning_window_avg_tavg,sessions_x_learning_window_avg_tavg,regularity_x_learning_window_avg_tavg,learning_window_avg_tmin,activities_x_learning_window_avg_tmin,activity_per_day_x_learning_window_avg_tmin,sessions_x_learning_window_avg_tmin,regularity_x_learning_window_avg_tmin,learning_window_avg_tmax,activities_x_learning_window_avg_tmax,activity_per_day_x_learning_window_avg_tmax,sessions_x_learning_window_avg_tmax,regularity_x_learning_window_avg_tmax,learning_window_avg_prcp,activities_x_learning_window_avg_prcp,activity_per_day_x_learning_window_avg_prcp,sessions_x_learning_window_avg_prcp,regularity_x_learning_window_avg_prcp,learning_window_avg_wdir,activities_x_learning_window_avg_wdir,activity_per_day_x_learning_window_avg_wdir,sessions_x_learning_window_avg_wdir,regularity_x_learning_window_avg_wdir,learning_window_avg_wspd,activities_x_learning_window_avg_wspd,activity_per_day_x_learning_window_avg_wspd,sessions_x_learning_window_avg_wspd,regularity_x_learning_window_avg_wspd,kolokvij1
32.0,29.0,44.65714285714286,25.95,2.0,6.192511574074074,148.62027777777777,3.0,3.0,13.0,2202.884722222222,3.0,2.0,774.9816666666667,4.0,1.0,1.0,0.0,6.0,6.0,0.0,18.0,15.0,2.0,7.0,7.0,1.0,0.48445609896959624,0.10344827586206896,0.02190237797246558,0.03710575139146568,0.09375,SYN2023_001,2023,24.332857142857144,72.99857142857144,11.788201048213047,705.6528571428572,0.5329474342928661,14.214285714285714,42.64285714285714,6.8861974067821174,412.21428571428567,0.31132665832290357,7.408571428571428,22.225714285714286,3.5891276132233227,214.84857142857143,0.1622653316645807,3.5914285714285716,10.774285714285714,1.7398894754422358,104.15142857142858,0.07866082603254068,11.142857142857142,33.42857142857143,5.398225102804072,323.1428571428571,0.24405506883604502,2.7457142857142856,8.237142857142857,1.3301780317422343,79.62571428571428,0.060137672090112636,203.70142857142858,611.1042857142858,98.68439944024814,5907.341428571429,4.461545682102628,7.851428571428571,23.554285714285715,3.8036724570527154,227.69142857142856,0.17196495619524405,6.11
46.0,40.0,32.53846153846154,16.4,1.5,2.0916087962962964,50.19861111111111,7.0,19.0,19.0,856.3447222222222,3.0,0.0,1273.9855555555555,4.0,0.0,0.0,0.0,4.0,3.0,0.0,29.0,27.0,3.0,13.0,10.0,4.0,3.346706139501425,0.175,0.029816513761467888,0.0574712643678161,0.15217391304347827,SYN2023_002,2023,25.316666666666666,177.21666666666667,84.7274437650444,1012.6666666666666,0.754854740061162,16.58,116.05999999999999,55.488387792933615,663.1999999999999,0.49435779816513753,7.859999999999999,55.019999999999996,26.305110256481196,314.4,0.23435779816513758,3.7133333333333334,25.993333333333332,12.427435464681958,148.53333333333333,0.11071865443425076,11.406666666666666,79.84666666666666,38.17476136457958,456.26666666666665,0.3401070336391437,5.260000000000001,36.82000000000001,17.603674293777498,210.40000000000003,0.1568348623853211,184.79999999999998,1293.6,618.4712945798633,7391.999999999999,5.510091743119265,7.57,52.99,25.334565476025787,302.8,0.22571100917431192,13.85
48.0,45.0,29.56590909090909,20.9,1.8,12.184131944444445,292.4191666666667,19.0,9.0,18.0,1112.2730555555556,2.0,1.0,887.3011111111111,5.0,0.0,0.0,0.0,5.0,5.0,4.0,28.0,25.0,11.0,15.0,15.0,4.0,1.5594053057397628,0.4222222222222222,0.03271618707710611,0.04566210045662101,0.3958333333333333,SYN2023_003,2023,26.187692307692302,497.5661538461537,40.837226329695746,1178.4461538461535,0.8567614406561539,14.670769230769231,278.7446153846154,22.8776753777452,660.1846153846154,0.4799716307188982,8.636153846153846,164.08692307692309,13.467264128877167,388.62692307692305,0.2825420248574387,4.863846153846155,92.41307692307694,7.584707498609633,218.87307692307698,0.15912650068349382,12.266923076923076,233.07153846153844,19.12910493125538,552.0115384615384,0.4013269502450854,1.6676923076923076,31.686153846153843,2.6006082329567732,75.04615384615384,0.054560533525512336,215.49307692307696,4094.3684615384623,336.04104750403303,9697.188461538462,7.050111818436602,9.222307692307693,175.22384615384615,14.381315546549244,415.00384615384615,0.3017187437441732,12.72
60.0,50.0,26.3265306122449,20.0,0.8,2.171122685185185,52.10694444444444,5.0,15.0,20.0,1089.0661111111112,6.0,0.0,1253.5102777777777,10.0,0.0,0.0,0.0,6.0,6.0,0.0,44.0,34.0,4.0,10.0,10.0,1.0,2.302955993283045,0.1,0.03659447348767737,0.047619047619047616,0.08333333333333333,SYN2023_004,2023,25.316666666666666,126.58333333333333,58.30316922994909,1265.8333333333333,0.9264500871296988,16.58,82.89999999999999,38.183010368632885,828.9999999999999,0.6067363704256907,7.859999999999999,39.3,18.101234107204732,393.0,0.28763256161314416,3.7133333333333334,18.566666666666666,8.551643255057707,185.66666666666666,0.13588747821757532,11.406666666666666,57.03333333333333,26.269051363381934,570.3333333333333,0.41742096091610653,5.260000000000001,26.300000000000004,12.113548524668818,263.00000000000006,0.192486930545183,184.79999999999998,923.9999999999999,425.58626755870665,9240.0,6.762658700522778,7.57,37.85,17.433376869152653,378.5,0.2770201643017177,12.06
66.0,47.0,27.510869565217387,15.8,1.4,3.1754398148148146,76.21055555555554,21.0,21.0,21.0,1010.1102777777777,10.0,6.0,1128.5472222222222,11.0,0.0,0.0,0.0,3.0,3.0,1.0,29.0,15.0,10.0,34.0,29.0,10.0,6.61325713119355,0.44680851063829785,0.035074342356080826,0.05952380952380952,0.3181818181818182,SYN2023_005,2023,22.77,478.17,150.58386487727714,1070.19,0.7986427754479604,15.059999999999999,316.26,99.59565239577486,707.8199999999999,0.5282195958825772,7.8675,165.2175,52.029800479665255,369.7725,0.2759473884864659,4.2125,88.4625,27.858345665152832,197.9875,0.1477506671749905,11.152500000000002,234.20250000000004,73.75435015563608,524.1675000000001,0.39116660312619145,3.9450000000000003,82.845,26.089299382558558,185.41500000000002,0.13836828059473888,202.3525,4249.4025,1338.2091136398428,9510.5675,7.097380861608845,7.317500000000001,153.66750000000002,48.39250905750881,343.9225,0.2566565001906215,19.91
77.0,58.0,20.168421052631576,3.2,1.4,4.217905092592592,101.22972222222222,26.0,30.0,30.0,968.55,11.0,3.0,673.8830555555555,6.0,0.0,0.0,0.0,1.0,1.0,0.0,50.0,39.0,13.0,26.0,18.0,13.0,6.164197493599541,0.4482758620689655,0.047240179015415225,0.23809523809523808,0.33766233766233766,SYN2023_006,2023,25.086,652.236,154.6350583244381,1454.9879999999998,1.1850671307807064,14.834,385.68399999999997,91.43970562005559,860.372,0.7007608155146694,7.465999999999999,194.11599999999999,46.02189848721417,433.02799999999996,0.35269517652909005,3.7380000000000004,97.18800000000002,23.041770231075088,216.80400000000003,0.17658378915962214,11.054,287.404,68.13903909424933,641.1320000000001,0.5221929388364,3.156,82.056,19.454207289800152,183.048,0.14909000497265046,213.456,5549.856,1315.7849401937835,12380.447999999999,10.083699651914472,6.7299999999999995,174.98,41.48504913192491,390.34,0.31792640477374445,13.75
71.0,62.0,21.208196721311477,16.9,3.2,8.439571759259259,202.54972222222221,18.0,12.0,24.0,1345.2280555555553,5.0,4.0,1321.8825,13.0,0.0,0.0,0.0,14.0,14.0,4.0,34.0,27.0,10.0,23.0,21.0,4.0,2.1328096393341003,0.2903225806451613,0.045028419576289946,0.0558659217877095,0.2535211267605634,SYN2023_007,2023,25.15888888888889,452.86,53.659120737157814,1559.851111111111,1.132865004962148,14.596666666666668,262.74,31.13191136881342,904.9933333333333,0.6572648310819122,8.185555555555556,147.34,17.458231792193686,507.50444444444446,0.3685826300205867,4.288888888888888,77.19999999999999,9.147383564255138,265.91111111111104,0.19312188840497682,11.873333333333335,213.72000000000003,25.32355978436022,736.1466666666668,0.5346374351024827,2.1355555555555554,38.44,4.554733474222378,132.40444444444444,0.09616069158403252,228.27333333333334,4108.92,486.86356573625955,14152.946666666667,10.278787431411628,8.883333333333333,159.89999999999998,18.946458962751258,550.7666666666667,0.40000246056937566,10.49
64.0,54.0,24.441509433962267,15.6,0.9,10.206180555555555,244.94833333333332,16.0,11.0,14.0,288.6041666666667,9.0,9.0,893.1244444444444,12.0,0.0,0.0,0.0,3.0,3.0,0.0,36.0,29.0,12.0,25.0,22.0,4.0,1.5676775374398684,0.2962962962962963,0.03930584396321566,0.06024096385542168,0.25,SYN2023_008,2023,25.765454545454542,412.2472727272727,40.39192433283704,1391.3345454545454,1.012732936004962,14.172727272727274,226.76363636363638,22.218266189715955,765.3272727272728,0.5570710067150293,8.14090909090909,130.25454545454545,12.7623203161582,439.6090909090909,0.31998530244599654,4.278181818181817,68.45090909090908,6.70680953744729,231.02181818181813,0.16815754699172078,11.83,189.28,18.545625267913643,638.82,0.46498813408484124,1.908181818181818,30.530909090909088,2.991413773714803,103.04181818181817,0.07500269679889969,230.6318181818182,3690.1090909090913,361.55632078255223,12454.118181818183,9.06517825840727,8.96909090909091,143.50545454545457,14.060642349437948,484.3309090909092,0.3525376877646234,10.57
55.0,48.0,22.927659574468088,16.6,1.0,3.1911574074074074,76.58777777777777,8.0,12.0,20.0,1640.6080555555554,6.0,2.0,1080.2447222222222,8.0,0.0,0.0,0.0,2.0,2.0,0.0,33.0,30.0,4.0,20.0,16.0,4.0,2.506927418067867,0.16666666666666666,0.04179263738218033,0.056818181818181816,0.14545454545454545,SYN2023_009,2023,22.77,182.16,57.08273730940533,1092.96,0.9516183531922461,15.059999999999999,120.47999999999999,37.75432691610207,722.8799999999999,0.6293971189756357,7.8675,62.94,19.723251461648942,377.64,0.3288035746043037,4.2125,33.7,10.560431748610892,202.20000000000002,0.17605148497243464,11.152500000000002,89.22000000000001,27.95850803000189,535.32,0.4660923884047662,3.9450000000000003,31.560000000000002,9.889828664277736,189.36,0.16487195447270142,202.3525,1618.82,507.28303036457805,9712.92,8.456844655877644,7.317500000000001,58.540000000000006,18.34444138171162,351.24,0.3058176240441046,13.08
45.0,39.0,29.689473684210526,3.95,1.4,5.144641203703704,123.4713888888889,20.0,20.0,15.0,513.4380555555556,5.0,6.0,1155.7330555555557,7.0,0.0,0.0,0.0,3.0,3.0,2.0,25.0,23.0,8.0,17.0,13.0,10.0,3.887540298359719,0.5128205128205128,0.03258446235637112,0.20202020202020202,0.4444444444444444,SYN2023_010,2023,25.488333333333333,509.76666666666665,99.08692297135865,994.045,0.8305236380266393,14.411666666666667,288.23333333333335,56.02593493319415,562.0550000000001,0.4695964099925685,7.103333333333333,142.06666666666666,27.6144945860152,277.03,0.23145829760475617,3.4116666666666666,68.23333333333333,13.262991651237241,133.055,0.11116732407248614,10.685000000000002,213.70000000000005,41.53836808797361,416.7150000000001,0.3481649802778255,2.951666666666666,59.033333333333324,11.47472311399177,115.11499999999998,0.09617847138855541,231.525,4630.5,900.062767577734,9029.475,7.544117647058824,7.051666666666667,141.03333333333333,27.41363833726662,275.015,0.22977476704967703,13.55
69.0,55.0,23.93888888888889,6.65,1.0,8.464583333333334,203.15,23.0,18.0,14.0,1825.451111111111,9.0,8.0,1321.4822222222222,12.0,0.0,0.0,0.0,3.0,3.0,2.0,35.0,26.0,12.0,31.0,26.0,9.0,2.7172040364262857,0.41818181818181815,0.04009801737580753,0.13071895424836602,0.3333333333333333,SYN2023_011,2023,25.15888888888889,578.6544444444445,68.36183444088933,1383.7388888888888,1.0088215638226776,14.596666666666668,335.72333333333336,39.662121585035685,802.8166666666667,0.5852973936288707,8.185555555555556,188.26777777777778,22.241824595947165,450.2055555555556,0.32822454889730457,4.288888888888888,98.64444444444442,11.653786200672734,235.88888888888883,0.1719759411895745,11.873333333333335,273.0866666666667,32.2622692591681,653.0333333333334,0.4760971263087548,2.1355555555555554,49.117777777777775,5.802740175568134,117.45555555555555,0.08563154377366897,228.27333333333334,5250.286666666667,620.2652227418164,12555.033333333333,9.153308086433505,8.883333333333333,204.31666666666666,24.137829190253502,488.5833333333333,0.3562040543550902,13.51
64.0,58.0,20.99649122807017,15.0,0.9,5.267453703703704,126.41888888888889,9.0,12.0,25.0,813.9994444444444,11.0,0.0,1224.9119444444445,11.0,0.0,0.0,0.0,6.0,6.0,1.0,39.0,35.0,6.0,19.0,17.0,2.0,1.708605429919931,0.15517241379310345,0.045461796139735215,0.0625,0.140625,SYN2023_012,2023,25.488333333333333,229.395,43.54950473294251,1478.3233333333333,1.1587454139416178,14.411666666666667,129.705,24.623851920862737,835.8766666666667,0.6551802520338174,7.103333333333333,63.92999999999999,12.136793903864575,411.9933333333333,0.32293029191258577,3.4116666666666666,30.705,5.8291921917434975,197.87666666666667,0.15510049449672997,10.685000000000002,96.16500000000002,18.256449018694465,619.7300000000001,0.48575929175307087,2.951666666666666,26.564999999999998,5.043233693980329,171.19666666666663,0.13418806827245175,231.525,2083.725,395.58487216221204,13428.45,10.525542351252197,7.051666666666667,63.465,12.048515956652047,408.99666666666667,0.3205814324453662,14.08
68.0,49.0,25.491666666666664,13.2,1.7,3.0707407407407405,73.69777777777777,17.0,24.0,27.0,789.1580555555556,8.0,4.0,985.47,15.0,0.0,0.0,0.0,2.0,2.0,0.0,34.0,24.0,7.0,32.0,23.0,10.0,5.536123507417682,0.3469387755102041,0.03774771940861907,0.07042253521126761,0.25,SYN2023_013,2023,22.77,387.09,126.05753226390061,1115.73,0.8595155709342561,15.059999999999999,256.02,83.37402002171028,737.9399999999999,0.5684806542938031,7.8675,133.7475,43.555451694608614,385.5075,0.2969801824473105,4.2125,71.61250000000001,23.320920274996986,206.41250000000002,0.15901226800880783,11.152500000000002,189.59250000000003,61.741617416475705,546.4725000000001,0.42098144070462423,3.9450000000000003,67.065,21.84000723676276,193.305,0.14891475306700225,202.3525,3439.9925,1120.2484320347364,9915.2725,7.63834539163259,7.317500000000001,124.39750000000001,40.51058376552889,358.55750000000006,0.27621893677257003,21.6
54.0,46.0,28.213333333333335,17.6,1.1,6.285277777777778,150.84666666666666,11.0,13.0,23.0,821.3063888888889,4.0,1.0,1251.7811111111112,5.0,0.0,0.0,0.0,10.0,8.0,4.0,32.0,27.0,6.0,12.0,11.0,1.0,1.7501215362177929,0.2391304347826087,0.03423094477407576,0.05376344086021505,0.2037037037037037,SYN2023_014,2023,24.332857142857144,267.6614285714286,42.58545732342524,1119.3114285714287,0.8329366890526178,14.214285714285714,156.35714285714286,24.87672755052434,653.8571428571428,0.4865684292886483,7.408571428571428,81.49428571428571,12.965900409750677,340.7942857142857,0.25360239942622415,3.5914285714285716,39.50571428571429,6.285436488645045,165.2057142857143,0.12293799308860924,11.142857142857142,122.57142857142857,19.50135426071255,512.5714285714286,0.38143052748255846,2.7457142857142856,30.20285714285714,4.805333703729425,126.30285714285714,0.09398839407967659,203.70142857142858,2240.7157142857145,356.5022571011876,9370.265714285715,6.97289235182891,7.851428571428571,86.36571428571429,13.740954232932843,361.1657142857143,0.268761817826172,13.69
51.0,44.0,30.162790697674417,19.5,1.0,6.003287037037037,144.07888888888888,13.0,14.0,16.0,1582.4955555555555,3.0,3.0,1277.0555555555557,13.0,0.0,0.0,0.0,4.0,4.0,0.0,31.0,28.0,8.0,16.0,12.0,5.0,2.1654803309915094,0.29545454545454547,0.03208955223880597,0.04878048780487805,0.2549019607843137,SYN2023_015,2023,24.332857142857144,316.32714285714286,52.6923235396834,1070.6457142857143,0.7808304904051172,14.214285714285714,184.78571428571428,30.78075613337931,625.4285714285714,0.4561300639658848,7.408571428571428,96.31142857142856,16.043115709317096,325.97714285714284,0.2377377398720682,3.5914285714285716,46.68857142857143,7.777167931589507,158.02285714285716,0.11524733475479744,11.142857142857142,144.85714285714286,24.12963797390539,490.2857142857143,0.35756929637526647,2.7457142857142856,35.69428571428571,5.945790280236687,120.81142857142856,0.08810874200426438,203.70142857142858,2648.1185714285716,441.11143696630046,8962.862857142858,6.53668763326226,7.851428571428571,102.06857142857143,17.002114141613337,345.46285714285716,0.2519488272921109,12.84
49.0,47.0,26.860869565217396,22.6,1.3,8.2940625,199.0575,10.0,8.0,14.0,1422.0602777777776,5.0,2.0,1224.5630555555556,6.0,0.0,0.0,0.0,7.0,7.0,1.0,28.0,27.0,3.0,14.0,13.0,6.0,1.2056817753664142,0.2127659574468085,0.035892634207240946,0.0423728813559322,0.20408163265306123,SYN2023_016,2023,25.15888888888889,251.5888888888889,30.333613821801908,1182.4677777777779,0.9030187959495075,14.596666666666668,145.96666666666667,17.598934981098427,686.0433333333334,0.5239128173116937,8.185555555555556,81.85555555555555,9.869175154582638,384.72111111111116,0.2938011513386045,4.288888888888888,42.88888888888888,5.171035169904842,201.57777777777773,0.1539395200443889,11.873333333333335,118.73333333333335,14.315461612850559,558.0466666666667,0.42616521015397424,2.1355555555555554,21.355555555555554,2.574800413615831,100.3711111111111,0.07665071438479677,228.27333333333334,2282.7333333333336,275.2249978021426,10728.846666666666,8.193331252600915,8.883333333333333,88.83333333333333,10.71047310450498,417.51666666666665,0.3188462338743237,2.42
49.0,46.0,28.817777777777778,16.6,1.4,9.143530092592593,219.44472222222225,11.0,7.0,15.0,844.2677777777778,5.0,4.0,695.575,6.0,0.0,0.0,0.0,5.0,5.0,0.0,30.0,28.0,8.0,14.0,13.0,3.0,1.2030364518525924,0.2391304347826087,0.03353703979728723,0.056818181818181816,0.22448979591836735,SYN2023_017,2023,26.455000000000002,291.005,31.826329333760334,1216.93,0.8872223878372336,14.807999999999998,162.88799999999998,17.814563779033186,681.1679999999999,0.4966164853182292,8.120000000000001,89.32000000000001,9.768655989043053,373.52000000000004,0.2723207631539723,4.135,45.485,4.974555728410469,190.20999999999998,0.13867565956178268,11.815000000000001,129.965,14.21387567863838,543.49,0.3962401252049486,2.0989999999999998,23.089,2.5251735124385912,96.55399999999999,0.07039424653450588,218.13600000000002,2399.496,262.4255594613171,10034.256000000001,7.315635713221047,9.142,100.562,10.9981592428364,420.532,0.30659561782679984,6.13
70.0,52.0,25.41176470588235,8.9,1.6,4.115636574074074,98.77527777777777,22.0,22.0,30.0,371.4194444444444,11.0,3.0,1325.1383333333333,13.0,0.0,0.0,0.0,7.0,6.0,1.0,42.0,31.0,14.0,21.0,15.0,7.0,5.345467123746102,0.4230769230769231,0.0378619153674833,0.10101010101010101,0.3142857142857143,SYN2023_018,2023,25.086,551.8919999999999,134.0963882662947,1304.472,0.9498040089086859,14.834,326.348,79.29465931364967,771.3679999999999,0.5616436525612473,7.465999999999999,164.25199999999998,39.90925754588839,388.23199999999997,0.28267706013363025,3.7380000000000004,82.236,19.98135610856293,194.37600000000003,0.1415278396436526,11.054,243.18800000000002,59.088793585889405,574.808,0.41852561247216036,3.156,69.432,16.8702942425427,164.112,0.11949220489977729,213.456,4696.032,1141.0220303663477,11099.712,8.081853006681515,6.7299999999999995,148.06,35.974993742811264,349.96,0.25481069042316257,21.85
76.0,53.0,24.434615384615384,3.25,1.1,5.26136574074074,126.27277777777778,25.0,25.0,25.0,348.70472222222224,12.0,9.0,1226.4552777777778,12.0,0.0,0.0,0.0,6.0,4.0,2.0,45.0,28.0,15.0,25.0,21.0,8.0,4.751617969915219,0.4716981132075472,0.03931649780734916,0.23529411764705882,0.32894736842105265,SYN2023_019,2023,25.488333333333333,637.2083333333334,121.11082268985574,1350.8816666666667,1.0021120016129845,14.411666666666667,360.2916666666667,68.47873430976149,763.8183333333334,0.566616260900247,7.103333333333333,177.58333333333331,33.752326312964435,376.47666666666663,0.27927818942487015,3.4116666666666666,85.29166666666667,16.210936640694086,180.81833333333333,0.1341347850194062,10.685000000000002,267.12500000000006,50.771038008544124,566.3050000000001,0.42009677907152587,2.951666666666666,73.79166666666666,14.025192374533086,156.4383333333333,0.11604919602802558,231.525,5788.125,1100.118350484621,12270.825,9.102752154846515,7.051666666666667,176.29166666666666,33.506826051185485,373.73833333333334,0.27724683703815717,16.28
49.0,45.0,29.55909090909091,18.700000000000003,3.8,11.190092592592592,268.5622222222222,19.0,11.0,12.0,1842.5391666666667,4.0,5.0,1202.0580555555555,8.0,0.0,0.0,0.0,3.0,3.0,0.0,29.0,27.0,12.0,17.0,15.0,7.0,1.6979305437184018,0.4222222222222222,0.032723486538747584,0.05076142131979695,0.3877551020408163,SYN2023_020,2023,25.775833333333328,489.7408333333332,43.765574706461564,1159.9124999999997,0.8434751351083344,14.362499999999999,272.8875,24.386527434155543,646.3125,0.46999107541276214,8.369166666666667,159.01416666666665,14.210263708803257,376.6125,0.27386831275720164,4.6475,88.3025,7.891132201931272,209.1375,0.1520824036888294,11.99,227.81,20.358187219183637,539.55,0.3923546035995835,1.7491666666666665,33.23416666666667,2.9699635093874375,78.71249999999999,0.05723883187069265,222.95166666666668,4236.081666666667,378.55644460625723,10032.825,7.295755862958005,9.426666666666668,179.10666666666668,16.00582525878547,424.20000000000005,0.3084733997719273,13.61
29.0,28.0,45.340740740740735,17.3,0.8,6.598298611111111,158.35916666666665,7.0,7.0,7.0,669.0872222222222,2.0,2.0,1136.5791666666667,5.0,1.0,1.0,1.0,6.0,6.0,1.0,16.0,15.0,4.0,6.0,6.0,1.0,1.0608795407065164,0.25,0.021579283887468034,0.0546448087431694,0.2413793103448276,SYN2023_021,2023,24.332857142857144,170.33,25.81423030979156,681.32,0.5250856320789187,14.214285714285714,99.5,15.079644900042625,398.0,0.30673410668615275,7.408571428571428,51.86,7.859601854434277,207.44,0.15987166605772746,3.5914285714285716,25.14,3.810073093337403,100.56,0.07750045670442092,11.142857142857142,78.0,11.82122916787261,312.0,0.24045487760321524,2.7457142857142856,19.22,2.912872110339892,76.88,0.059250548045305086,203.70142857142858,1425.91,216.1026779841184,5703.64,4.395730955425649,7.851428571428571,54.96,8.329419936747163,219.84,0.16942820606503473,7.64
38.0,36.0,33.63714285714286,19.7,2.0,14.11425925925926,338.74222222222227,15.0,8.0,12.0,660.6469444444444,3.0,1.0,1108.1766666666667,3.0,1.0,1.0,0.0,6.0,6.0,4.0,25.0,24.0,10.0,6.0,5.0,1.0,1.062755028405736,0.4166666666666667,0.028870741565619067,0.04830917874396135,0.39473684210526316,SYN2023_022,2023,25.216,378.24,26.798430796279042,907.7760000000001,0.7280046193186505,14.68266666666667,220.24000000000004,15.604077830405291,528.5760000000001,0.423899474827463,8.746666666666666,131.2,9.295563981788838,314.88,0.2525227528939481,5.030666666666667,75.46000000000001,5.346366296233123,181.104,0.14523907723610766,12.310666666666666,184.66,13.083222903026881,443.18399999999997,0.35541807583381446,1.4753333333333332,22.13,1.5679179185745957,53.111999999999995,0.04259396738980999,227.03133333333332,3405.47,241.2786911056588,8173.128,6.554562951964584,9.736666666666666,146.04999999999998,10.347691459910516,350.52,0.28110478704391095,9.88
83.0,53.0,23.10192307692308,17.3,0.9,2.1375925925925925,51.30222222222222,19.0,29.0,28.0,667.4977777777777,14.0,3.0,913.6961111111111,12.0,0.0,0.0,0.0,4.0,3.0,2.0,48.0,31.0,7.0,31.0,19.0,10.0,8.888503855150308,0.3584905660377358,0.04149046517194606,0.0546448087431694,0.2289156626506024,SYN2023_023,2023,25.316666666666666,481.01666666666665,225.02728926622197,1341.7833333333333,1.050400276603101,16.58,315.02,147.3713939183921,878.7399999999999,0.6879119125508656,7.859999999999999,149.33999999999997,69.86364030148141,416.58,0.326115056251496,3.7133333333333334,70.55333333333333,33.00597764879148,196.80666666666667,0.15406792733849303,11.406666666666666,216.72666666666666,101.38820064108117,604.5533333333333,0.47326790606133134,5.260000000000001,99.94000000000001,46.75353027809063,278.78000000000003,0.2182398468044363,184.79999999999998,3511.2,1642.5955124317768,9794.4,7.667437963775631,7.57,143.83,67.28597418348784,401.21000000000004,0.3140828213516317,8.08
75.0,62.0,20.486885245901643,3.5,1.2,5.213425925925926,125.12222222222223,19.0,20.0,22.0,858.2850000000001,9.0,5.0,1275.9291666666666,15.0,0.0,0.0,0.0,3.0,3.0,1.0,41.0,33.0,8.0,31.0,26.0,10.0,3.6444365509279812,0.3064516129032258,0.04654001678492408,0.2222222222222222,0.25333333333333335,SYN2023_024,2023,25.488333333333333,484.2783333333333,92.89061362223603,1580.2766666666666,1.1862274611530732,14.411666666666667,273.82166666666666,52.522404759790426,893.5233333333333,0.6707192085653976,7.103333333333333,134.9633333333333,25.88764763342509,440.40666666666664,0.33058925256224403,3.4116666666666666,64.82166666666667,12.433602699582629,211.52333333333334,0.15877902393123267,10.685000000000002,203.01500000000004,38.94080454666549,662.4700000000001,0.49728007934691393,2.951666666666666,56.081666666666656,10.757161886155757,183.0033333333333,0.13737061621016755,231.525,4398.975,843.7781724536009,14354.550000000001,10.775177386129547,7.051666666666667,133.98166666666665,25.69935174496048,437.2033333333333,0.3281846850283563,10.34
43.0,35.0,38.18235294117647,14.05,1.1,3.250648148148148,78.01555555555555,10.0,17.0,21.0,424.8072222222222,3.0,1.0,1328.006388888889,4.0,0.0,0.0,0.0,10.0,8.0,2.0,24.0,19.0,6.0,9.0,8.0,2.0,3.0763095678924435,0.2857142857142857,0.025521693439423513,0.06644518272425248,0.23255813953488372,SYN2023_025,2023,22.77,227.7,70.04756886091094,796.9499999999999,0.5811289596156733,15.059999999999999,150.6,46.32922209246019,527.0999999999999,0.3843567031977181,7.8675,78.675,24.202865525393797,275.3625,0.20079192313466449,4.2125,42.125,12.958954054746918,147.4375,0.10751013361357156,11.152500000000002,111.52500000000002,34.30854245592048,390.33750000000003,0.28463068608317077,3.9450000000000003,39.45,12.13604124533569,138.07500000000002,0.10068308061852577,202.3525,2023.5249999999999,622.4989318369556,7082.3375,5.164378471700946,7.317500000000001,73.17500000000001,22.51089526305296,256.1125,0.18675499174298157,8.65
77.0,52.0,22.017647058823528,2.9,1.3,5.290011574074074,126.96027777777778,24.0,24.0,26.0,1545.277222222222,10.0,15.0,701.1516666666666,22.0,0.0,0.0,0.0,4.0,4.0,1.0,38.0,26.0,15.0,35.0,22.0,8.0,4.536852077530811,0.46153846153846156,0.0434449271658574,0.25641025641025644,0.3116883116883117,SYN2023_026,2023,25.488333333333333,611.72,115.63679803613115,1325.3933333333334,1.107338785245762,14.411666666666667,345.88,65.3835998573482,749.4066666666666,0.6261138086719482,7.103333333333333,170.48,32.22677259072719,369.3733333333333,0.3086037993014737,3.4116666666666666,81.88,15.478227004509282,177.40666666666667,0.1482196098475168,10.685000000000002,256.44000000000005,48.47626444841672,555.6200000000001,0.4642090467671864,2.951666666666666,70.83999999999999,13.391275048845108,153.48666666666665,0.1282349433512224,231.525,5556.6,1050.394677250321,12039.300000000001,10.058586762075134,7.051666666666667,169.24,31.992368566721435,366.68666666666667,0.30635914473123776,18.97
61.0,55.0,24.031481481481485,17.25,1.1,4.296435185185185,103.11444444444444,9.0,12.0,21.0,2132.4005555555555,2.0,1.0,1172.8572222222222,5.0,0.0,0.0,0.0,13.0,13.0,3.0,35.0,31.0,5.0,13.0,11.0,1.0,2.0947598676766916,0.16363636363636364,0.03994969297921136,0.0547945205479452,0.14754098360655737,SYN2023_027,2023,25.086,225.774,52.54914604053749,1379.73,1.0021779980764962,14.834,133.506,31.073667877116044,815.87,0.5926137456536213,7.465999999999999,67.19399999999999,15.639477172074178,410.62999999999994,0.298264407782792,3.7380000000000004,33.642,7.830212385375474,205.59000000000003,0.14933195235629207,11.054,99.486,23.15547557729815,607.97,0.44160390619220236,3.156,28.404,6.611062142387639,173.58,0.12608123104239105,213.456,1921.1039999999998,447.13906231479586,11740.08,8.52750166457054,6.7299999999999995,60.56999999999999,14.097733909464134,370.15,0.2688614337500924,16.45
69.0,55.0,23.97407407407407,13.1,0.9,9.079363425925926,217.90472222222223,18.0,12.0,15.0,820.2322222222222,15.0,9.0,552.8161111111111,11.0,0.0,0.0,0.0,6.0,4.0,1.0,37.0,28.0,9.0,26.0,23.0,8.0,1.982517843552929,0.32727272727272727,0.04004152454397153,0.07092198581560284,0.2608695652173913,SYN2023_028,2023,26.455000000000002,476.19000000000005,52.44750955119274,1455.025,1.0592985318107668,14.807999999999998,266.544,29.357124227331767,814.4399999999999,0.5929348954471303,8.120000000000001,146.16000000000003,16.098044889649785,446.6000000000001,0.3251371792970489,4.135,74.42999999999999,8.19771128309136,227.42499999999998,0.16557170398932228,11.815000000000001,212.67000000000002,23.423448321577858,649.825,0.47309061248702367,2.0989999999999998,37.782,4.161304953617598,115.445,0.08404716001779623,218.13600000000002,3926.4480000000003,432.45851232126176,11997.480000000001,8.734497997923775,9.142,164.55599999999998,18.124178125760874,502.80999999999995,0.3660596173809877,15.24
32.0,28.0,46.462962962962955,24.1,16.4,4.9038310185185185,117.69194444444445,5.0,5.0,19.0,1669.096111111111,3.0,0.0,1175.8152777777777,3.0,0.0,0.0,0.0,3.0,3.0,1.0,23.0,19.0,2.0,6.0,6.0,2.0,1.0196109900847552,0.17857142857142858,0.02106905969566914,0.0398406374501992,0.15625,SYN2023_029,2023,25.488333333333333,127.44166666666666,25.98818478561027,713.6733333333333,0.5370152165431137,14.411666666666667,72.05833333333334,14.694293718771464,403.5266666666667,0.3036402653140851,7.103333333333333,35.516666666666666,7.242636732902044,198.89333333333332,0.14966055403823644,3.4116666666666666,17.058333333333334,3.4785728278391566,95.52666666666667,0.07188060866172455,10.685000000000002,53.42500000000001,10.894543429055611,299.18000000000006,0.22512290284822484,2.951666666666666,14.758333333333331,3.009551772400169,82.64666666666665,0.06218884120171674,231.525,1157.625,236.06543447937295,6482.7,4.878014046039798,7.051666666666667,35.25833333333333,7.189956831747666,197.44666666666666,0.14857198595396023,6.41
72.0,53.0,24.96153846153846,7.15,1.0,8.055972222222222,193.3433333333333,22.0,15.0,26.0,907.0908333333333,14.0,9.0,1012.3797222222222,12.0,0.0,0.0,0.0,5.0,5.0,0.0,41.0,28.0,14.0,26.0,20.0,8.0,2.730893229660535,0.41509433962264153,0.03851851851851852,0.12269938650306748,0.3055555555555556,SYN2023_030,2023,25.15888888888889,553.4955555555556,68.70623933244833,1333.421111111111,0.9690831275720165,14.596666666666668,321.12666666666667,39.86193817561161,773.6233333333333,0.5622419753086421,8.185555555555556,180.08222222222224,22.35387824767685,433.8344444444445,0.31529547325102886,4.288888888888888,94.35555555555553,11.712497629432958,227.31111111111105,0.16520164609053495,11.873333333333335,261.21333333333337,32.424805613502755,629.2866666666667,0.4573432098765433,2.1355555555555554,46.98222222222222,5.8319742082306085,113.18444444444444,0.08225843621399177,228.27333333333334,5022.013333333333,623.3901005120425,12098.486666666668,8.792750617283952,8.883333333333333,195.43333333333334,24.25943485681775,470.81666666666666,0.34217283950617283,15.28
42.0,39.0,32.64473684210526,22.85,20.3,13.185474537037036,316.45138888888886,7.0,7.0,6.0,595.4480555555555,4.0,1.0,1295.6183333333333,4.0,0.0,0.0,0.0,8.0,8.0,0.0,26.0,23.0,6.0,8.0,8.0,1.0,0.5308872259650201,0.1794871794871795,0.029722330856472433,0.04192872117400419,0.16666666666666666,SYN2023_031,2023,25.95785714285714,181.70499999999998,13.780694770567711,1012.3564285714284,0.7715280183250461,14.974285714285715,104.82000000000001,7.949657003664774,583.9971428571429,0.44507067433934866,8.78357142857143,61.48500000000001,4.663085869779895,342.55928571428575,0.26106821610145825,5.135000000000001,35.94500000000001,2.7261059053303787,200.26500000000001,0.15262416894798597,12.404285714285715,86.83,6.585276832934672,483.76714285714286,0.3686842840382145,1.5485714285714285,10.84,0.822116789922974,60.39428571428571,0.04602715235488016,221.6514285714286,1551.5600000000002,117.67191204546954,8644.405714285715,6.587997094809768,9.304285714285713,65.13,4.939526432443109,362.8671428571428,0.2765450583831499,10.24
47.0,45.0,25.638636363636365,18.7,1.4,46.32568287037037,1111.816388888889,19.0,7.0,18.0,1178.6216666666667,3.0,8.0,988.1016666666667,8.0,0.0,0.0,0.0,5.0,5.0,3.0,28.0,26.0,11.0,14.0,14.0,5.0,0.41013966384837225,0.4222222222222222,0.03753945909052128,0.050761421319796954,0.40425531914893614,SYN2023_032,2023,25.757234042553193,489.3874468085107,10.564063311876618,1159.0755319148936,0.9669126336254077,14.538085106382976,276.22361702127654,5.962645338530941,654.2138297872339,0.5457518511055804,7.29531914893617,138.61106382978724,2.992099743411274,328.2893617021277,0.2738623347437859,3.7489361702127657,71.22978723404255,1.5375874206400677,168.70212765957444,0.14073303599467765,10.797021276595743,205.14340425531913,4.428286676946701,485.8659574468084,0.40531433851225374,1.4129787234042552,26.84659574468085,0.5795186186419234,63.58404255319149,0.05304245698301103,182.4663829787234,3466.8612765957446,74.83670097852198,8210.987234042554,6.849689319225176,10.117872340425533,192.23957446808512,4.149740760562872,455.304255319149,0.37981945480652113,14.89
65.0,57.0,23.085714285714285,14.05,1.1,11.026076388888889,264.62583333333333,24.0,14.0,24.0,512.1630555555555,8.0,6.0,1271.046111111111,11.0,0.0,0.0,0.0,10.0,8.0,3.0,37.0,32.0,12.0,18.0,17.0,9.0,2.1766582375744368,0.42105263157894735,0.04151838671411625,0.06644518272425248,0.36923076923076925,SYN2023_033,2023,25.775833333333328,618.6199999999999,56.10517995534574,1469.2224999999996,1.070171016211941,14.362499999999999,344.7,31.262253937162846,818.6624999999999,0.5963078291814946,8.369166666666667,200.86,18.21681556663339,477.0425,0.3474742981415579,4.6475,111.53999999999999,10.116019159127195,264.90749999999997,0.19295670225385528,11.99,287.76,26.098132268517496,683.4300000000001,0.49780545670225385,1.7491666666666665,41.98,3.807338033890619,99.70249999999999,0.07262257809410834,222.95166666666668,5350.84,485.28958183095,12708.245,9.25659351522341,9.426666666666668,226.24,20.518631652868358,537.32,0.3913799920917359,14.76
47.0,40.0,31.39999999999999,18.0,1.6,12.146018518518519,291.50444444444446,12.0,8.0,14.0,1325.3833333333332,3.0,7.0,1177.0836111111112,10.0,0.0,0.0,0.0,1.0,1.0,0.0,33.0,28.0,8.0,13.0,11.0,4.0,0.9879780754248078,0.3,0.030864197530864206,0.05263157894736842,0.2553191489361702,SYN2023_034,2023,26.187692307692302,314.2523076923076,25.872865845970882,1047.5076923076922,0.8082621082621083,14.670769230769231,176.04923076923077,14.494398349616873,586.8307692307692,0.45280151946818625,8.636153846153846,103.63384615384615,8.532330655995628,345.44615384615383,0.26654795821462496,4.863846153846155,58.366153846153864,4.805373362239278,194.5538461538462,0.15011870845204187,12.266923076923076,147.2030769230769,12.119451052922622,490.67692307692306,0.37860873694207037,1.6676923076923076,20.01230769230769,1.6476434365546024,66.7076923076923,0.05147198480531815,215.49307692307696,2585.9169230769235,212.90243540583162,8619.723076923077,6.651020892687562,9.222307692307693,110.6676923076923,9.111437804821554,368.8923076923077,0.2846391263057931,23.48
37.0,36.0,34.86,25.9,1.0,14.979733796296296,359.5136111111111,6.0,5.0,15.0,1513.6452777777777,2.0,2.0,1016.7725,6.0,0.0,0.0,0.0,5.0,5.0,0.0,19.0,18.0,3.0,13.0,13.0,3.0,0.40054116325374794,0.16666666666666666,0.027886224205242612,0.03717472118959108,0.16216216216216217,SYN2023_035,2023,24.901249999999997,149.40749999999997,9.97397564147239,896.4449999999999,0.6944018404907976,14.335,86.01,5.741757575242477,516.0600000000001,0.3997490239821529,8.80125,52.8075,3.5252629130870488,316.84499999999997,0.24543363078639152,5.1918750000000005,31.151250000000005,2.0795596519680526,186.90750000000003,0.144781790295594,12.341875000000002,74.05125000000001,4.943428969232351,444.30750000000006,0.3441682933630787,1.3831250000000002,8.298750000000002,0.5539984964253402,49.792500000000004,0.03857013385387619,221.92812500000002,1331.5687500000001,88.8913493462232,7989.4125,6.188737451199109,9.608125,57.64874999999999,3.848449564187417,345.8925,0.2679343279419967,10.8
55.0,45.0,28.884090909090904,16.450000000000003,1.1,3.1234837962962962,74.9636111111111,13.0,14.0,21.0,1644.7408333333333,1.0,8.0,1297.7244444444445,16.0,0.0,0.0,0.0,9.0,7.0,1.0,26.0,21.0,8.0,20.0,17.0,4.0,4.162019350129137,0.28888888888888886,0.03346262073161458,0.057306590257879646,0.23636363636363636,SYN2023_036,2023,22.77,296.01,94.76918060244046,1024.65,0.761943874058864,15.059999999999999,195.77999999999997,62.6800114129448,677.6999999999999,0.5039470682181155,7.8675,102.2775,32.74468723714099,354.03749999999997,0.2632671686059777,4.2125,54.7625,17.53250651241899,189.56250000000003,0.14096128983192643,11.152500000000002,144.98250000000002,46.41692080231521,501.86250000000007,0.37319187770933165,3.9450000000000003,51.285000000000004,16.419166336259448,177.525,0.13201003878621953,202.3525,2630.5825,842.1950205470062,9105.8625,6.771244961594039,7.317500000000001,95.12750000000001,30.455576594569965,329.2875,0.2448627272035897,6.46
52.0,33.0,38.109375,17.1,1.0,3.163287037037037,75.91888888888889,23.0,23.0,17.0,301.66305555555556,5.0,5.0,1158.02,7.0,0.0,0.0,0.0,4.0,4.0,0.0,28.0,16.0,11.0,20.0,13.0,12.0,7.270917792380757,0.696969696969697,0.02556931681981622,0.055248618784530384,0.4423076923076923,SYN2023_037,2023,22.77,523.71,165.55879813250985,751.41,0.5822133439872154,15.059999999999999,346.38,109.50002195325419,496.97999999999996,0.38507391130643226,7.8675,180.9525,57.203945731555606,259.6275,0.2011666000799041,4.2125,96.8875,30.628741200403944,139.01250000000002,0.10771074710347583,11.152500000000002,256.50750000000005,81.0889106795264,368.0325,0.28516180583300044,3.9450000000000003,90.73500000000001,28.68377069094209,130.185,0.100870954854175,202.3525,4654.1075,1471.288392582727,6677.6325,5.174015181781861,7.317500000000001,168.3025,53.204940945746195,241.47750000000002,0.18710347582900522,10.28
35.0,34.0,34.7969696969697,25.3,1.7,12.148043981481482,291.5530555555556,9.0,8.0,9.0,452.2872222222222,3.0,2.0,1055.828888888889,5.0,0.0,0.0,0.0,7.0,7.0,2.0,20.0,19.0,5.0,8.0,8.0,2.0,0.7408600111853093,0.2647058823529412,0.027935325488868196,0.03802281368821293,0.2571428571428571,SYN2023_038,2023,26.187692307692302,235.68923076923073,19.40141401599436,890.3815384615383,0.7315617084177144,14.670769230769231,132.03692307692307,10.868986256404785,498.80615384615385,0.40983271363361096,8.636153846153846,77.72538461538461,6.39818103505959,293.62923076923073,0.24125376866424864,4.863846153846155,43.774615384615394,3.603429115942086,165.37076923076927,0.13587312543547203,12.266923076923076,110.40230769230769,9.08807276797856,417.07538461538456,0.3426804889007547,1.6676923076923076,15.009230769230768,1.2355265417305772,56.701538461538455,0.04658752743066634,215.49307692307696,1939.4376923076925,159.6502033795875,7326.764615384616,6.019869244443867,9.222307692307693,83.00076923076924,6.832438980077441,313.55846153846153,0.2576281671431083,12.44
65.0,57.0,22.74464285714286,19.95,1.7,4.2480671296296295,101.95361111111112,7.0,9.0,22.0,1527.9563888888888,3.0,3.0,1276.1255555555556,12.0,0.0,0.0,0.0,1.0,1.0,0.0,38.0,31.0,5.0,26.0,25.0,2.0,1.6478082352268053,0.12280701754385964,0.04211476272843498,0.0477326968973747,0.1076923076923077,SYN2023_039,2023,25.086,175.60199999999998,41.336917388899636,1429.9019999999998,1.0564909378055198,14.834,103.838,24.443587361354428,845.538,0.6247303903136044,7.465999999999999,52.26199999999999,12.302536284203327,425.56199999999995,0.31442881853049554,3.7380000000000004,26.166000000000004,6.159507183277799,213.06600000000003,0.15742498307888997,11.054,77.378,18.214872232197106,630.078,0.46553658720012026,3.156,22.092000000000002,5.200482790375798,179.892,0.1329141911709408,213.456,1494.192,351.73455465857296,12166.992,8.989648792960816,6.7299999999999995,47.11,11.089749423076398,383.60999999999996,0.28343235316236737,16.71
50.0,45.0,28.381818181818176,19.65,0.9,4.226446759259259,101.43472222222222,5.0,9.0,22.0,594.5138888888888,4.0,3.0,481.9577777777778,10.0,0.0,0.0,0.0,6.0,5.0,0.0,31.0,28.0,2.0,13.0,12.0,3.0,1.1830268508756316,0.1111111111111111,0.034034653465346544,0.04842615012106538,0.1,SYN2023_040,2023,25.086,125.42999999999999,29.677411581066092,1128.87,0.8537933168316834,14.834,74.17,17.54902030588912,667.53,0.5048700495049506,7.465999999999999,37.33,8.832478468637465,335.96999999999997,0.2541027227722773,3.7380000000000004,18.69,4.4221543685731115,168.21,0.1272215346534654,11.054,55.27,13.077178809579232,497.43,0.3762190594059407,3.156,15.780000000000001,3.7336327413634938,142.02,0.1074133663366337,213.456,1067.28,252.52417948050882,9605.519999999999,7.264900990099012,6.7299999999999995,33.65,7.9617707063930006,302.84999999999997,0.22905321782178223,13.6
69.0,55.0,23.50185185185185,14.149999999999999,0.9,2.2562847222222224,54.15083333333334,7.0,17.0,20.0,1666.1358333333333,6.0,3.0,1106.6019444444444,10.0,0.0,0.0,0.0,3.0,3.0,1.0,44.0,35.0,3.0,22.0,17.0,3.0,3.102445330173435,0.12727272727272726,0.04081324162950647,0.06600660066006601,0.10144927536231885,SYN2023_041,2023,25.316666666666666,177.21666666666667,78.54357427555746,1392.4166666666667,1.0332552339203387,16.58,116.05999999999999,51.43854357427555,911.8999999999999,0.6766835462172172,7.859999999999999,55.019999999999996,24.385220295163197,432.29999999999995,0.3207920792079208,3.7133333333333334,25.993333333333332,11.520413659377356,204.23333333333335,0.151553170584234,11.406666666666666,79.84666666666666,35.38855973284498,627.3666666666667,0.46554304285390374,5.260000000000001,36.82000000000001,16.318862436712273,289.3,0.21467765097120406,184.79999999999998,1293.6,573.3318970160508,10163.999999999998,7.542287053132794,7.57,52.99,23.485511149412904,416.35,0.30895623913536396,17.1
50.0,45.0,29.547727272727276,13.0,1.0,1.1697337962962964,28.073611111111113,6.0,18.0,22.0,1185.8794444444443,4.0,0.0,1155.4591666666668,6.0,0.0,0.0,0.0,7.0,7.0,0.0,30.0,25.0,4.0,13.0,13.0,2.0,5.1293721862167905,0.13333333333333333,0.032735659549140685,0.07142857142857142,0.12,SYN2023_042,2023,25.775,154.64999999999998,132.20956809973777,1159.875,0.8437616248791011,15.17,91.02,77.81257606490871,682.65,0.4965999553604642,7.915,47.49,40.5989808539059,356.175,0.2591027453314485,3.99,23.94,20.466195023004996,179.55,0.13061528160107133,11.845,71.07000000000001,60.75741354573788,533.025,0.38775388735957145,1.8599999999999999,11.16,9.540632266363229,83.69999999999999,0.06088832676140167,209.805,1258.83,1076.1679315292138,9441.225,6.868105051707461,6.92,41.519999999999996,35.49525552862019,311.4,0.22653076408005354,18.24
62.0,53.0,24.54807692307692,13.45,1.5,2.2428587962962965,53.828611111111115,8.0,10.0,8.0,363.0488888888889,7.0,1.0,1199.6719444444445,8.0,0.0,0.0,0.0,8.0,8.0,1.0,36.0,29.0,5.0,18.0,16.0,2.0,3.566876351382732,0.1509433962264151,0.03914188934888973,0.06920415224913495,0.12903225806451613,SYN2023_043,2023,25.316666666666666,202.53333333333333,90.30141962917283,1341.7833333333333,0.9909421653493916,16.58,132.64,59.13880990592569,878.7399999999999,0.6489725254045916,7.859999999999999,62.879999999999995,28.03564812186827,416.58,0.30765525028227325,3.7133333333333334,29.706666666666667,13.245000851467879,196.80666666666667,0.1453468824488772,11.406666666666666,91.25333333333333,40.686169581439025,604.5533333333333,0.4464784845063355,5.260000000000001,42.080000000000005,18.761769608273173,278.78000000000003,0.20588633797516,184.79999999999998,1478.3999999999999,659.1587497355288,9794.4,7.233421151674821,7.57,60.56,27.00125397996728,401.21000000000004,0.2963041023710953,13.49
55.0,48.0,26.98085106382979,18.3,2.0,3.2119097222222224,77.08583333333334,7.0,9.0,17.0,1166.413611111111,3.0,1.0,1175.6633333333334,6.0,0.0,0.0,0.0,10.0,9.0,1.0,35.0,29.0,5.0,10.0,10.0,1.0,2.179388776580219,0.14583333333333334,0.035738727092996726,0.05181347150259067,0.12727272727272726,SYN2023_044,2023,22.77,159.39,49.62468244273159,1092.96,0.8137708159075354,15.059999999999999,105.41999999999999,32.8215949752981,722.8799999999999,0.5382252300205307,7.8675,55.0725,17.146341199744874,377.64,0.2811744354041517,4.2125,29.487500000000004,9.180675221344174,202.20000000000002,0.1505493878792487,11.152500000000002,78.06750000000001,24.3056333308109,535.32,0.39857615390464607,3.9450000000000003,27.615000000000002,8.597688723608965,189.36,0.14098927838187209,202.3525,1416.4675,441.00476741294875,9712.92,7.2318207740856195,7.317500000000001,51.222500000000004,15.947677372625755,351.24,0.26151813550300357,8.75
46.0,41.0,31.220000000000006,20.75,5.1,8.439768518518518,202.5544444444444,13.0,9.0,16.0,1210.7483333333334,5.0,4.0,1205.536388888889,8.0,0.0,0.0,0.0,9.0,8.0,3.0,25.0,22.0,8.0,12.0,11.0,2.0,1.540326606289667,0.3170731707317073,0.03103662321539416,0.04597701149425287,0.2826086956521739,SYN2023_045,2023,25.15888888888889,327.06555555555553,38.752905940241035,1031.5144444444445,0.7808469549624111,14.596666666666668,189.7566666666667,22.483634029808172,598.4633333333334,0.4530312435340368,8.185555555555556,106.41222222222223,12.60842900948442,335.6077777777778,0.2540520035864542,4.288888888888888,55.755555555555546,6.606289666975681,175.8444444444444,0.13311262845713492,11.873333333333335,154.35333333333335,18.288811238679315,486.80666666666673,0.3685081729774467,2.1355555555555554,27.76222222222222,3.289453041431933,87.55777777777777,0.06628043313331952,228.27333333333334,2967.5533333333333,351.61548883976326,9359.206666666667,7.0848334367887436,8.883333333333333,115.48333333333332,13.683234685873208,364.21666666666664,0.2757086695634181,11.62
63.0,47.0,27.582608695652173,5.15,1.0,4.177534722222222,100.26083333333332,15.0,20.0,18.0,1112.4741666666666,10.0,3.0,1252.4972222222223,9.0,0.0,0.0,0.0,5.0,5.0,1.0,41.0,26.0,8.0,17.0,16.0,6.0,3.5906344285322453,0.3191489361702128,0.034986309704898085,0.16260162601626016,0.23809523809523808,SYN2023_046,2023,25.086,376.28999999999996,90.0746552741599,1179.042,0.8776665652570733,14.834,222.51,53.26347111284733,697.198,0.5189869181624581,7.465999999999999,111.99,26.80767664342174,350.902,0.2612077882567691,3.7380000000000004,56.07000000000001,13.421791493853535,175.686,0.13077882567690904,11.054,165.81,39.69087297299544,519.538,0.38673866747794344,3.156,47.34,11.332042256447767,148.332,0.11041679342865836,213.456,3201.8399999999997,766.4424625767789,10032.431999999999,7.468037724368725,6.7299999999999995,100.94999999999999,24.16496970402201,316.31,0.2354578643139641,16.05
55.0,49.0,26.575,21.0,1.4,5.218530092592593,125.24472222222222,7.0,7.0,12.0,2155.9658333333336,3.0,2.0,909.5997222222222,6.0,0.0,0.0,0.0,5.0,5.0,0.0,38.0,33.0,6.0,12.0,11.0,1.0,1.3413738880103618,0.14285714285714285,0.03626473254759746,0.045454545454545456,0.12727272727272726,SYN2023_047,2023,25.488333333333333,178.41833333333332,34.18938478223744,1248.9283333333333,0.9243275914173467,14.411666666666667,100.88166666666667,19.331433349376,706.1716666666667,0.5226352372317921,7.103333333333333,49.72333333333333,9.528225851166935,348.0633333333333,0.2576004835297673,3.4116666666666666,23.881666666666668,4.576320581262018,167.17166666666665,0.12372317920822,10.685000000000002,74.79500000000002,14.33257999339072,523.565,0.38748866727107895,2.951666666666666,20.66166666666666,3.9592885927772508,144.63166666666663,0.10704140223632516,231.525,1620.675,310.561589421599,11344.725,8.396192203082503,7.051666666666667,49.361666666666665,9.458921533619735,345.5316666666667,0.25572680568147477,13.17
92.0,47.0,28.05434782608696,20.700000000000003,0.9,3.3401851851851854,80.16444444444446,32.0,32.0,34.0,446.6997222222222,13.0,9.0,1321.5727777777777,17.0,0.0,0.0,0.0,3.0,3.0,2.0,39.0,17.0,15.0,50.0,27.0,15.0,9.580307146421244,0.6808510638297872,0.03441825664047886,0.046082949308755755,0.34782608695652173,SYN2023_048,2023,22.77,728.64,218.14359372401174,1070.19,0.7837037037037036,15.059999999999999,481.91999999999996,144.27942562510393,707.8199999999999,0.5183389450056116,7.8675,251.76,75.37306647446914,369.7725,0.2707856341189674,4.2125,134.8,40.3570438542995,197.9875,0.1449869060980172,11.152500000000002,356.88000000000005,106.84437545046295,524.1675000000001,0.38384960718294053,3.9450000000000003,126.24000000000001,37.79431169263181,185.41500000000002,0.1357800224466891,202.3525,6475.28,1938.5991018462048,9510.5675,6.964620276842498,7.317500000000001,234.16000000000003,70.10389754393746,343.9225,0.25185559296670407,16.45
85.0,43.0,30.552380952380954,17.35,1.4,3.2158680555555557,77.18083333333334,42.0,43.0,27.0,1775.3947222222223,6.0,7.0,1175.19,11.0,0.0,0.0,0.0,2.0,2.0,1.0,47.0,23.0,24.0,36.0,18.0,17.0,13.060237321442067,0.9767441860465116,0.03169332930878358,0.0544959128065395,0.49411764705882355,SYN2023_049,2023,22.77,956.34,297.38160380923586,979.11,0.7216571083610022,15.059999999999999,632.52,196.6871740609175,647.5799999999999,0.4773015393902807,7.8675,330.435,102.75141712644546,338.3025,0.2493472683368548,4.2125,176.925,55.01624971657471,181.13750000000002,0.13350814971325084,11.152500000000002,468.4050000000001,145.65429672738267,479.55750000000006,0.3534598551162089,3.9450000000000003,165.69,51.52263623308896,169.63500000000002,0.12503018412315123,202.3525,8498.805,2642.7716725871055,8701.1575,6.41322441895563,7.317500000000001,307.33500000000004,95.56828659965234,314.65250000000003,0.2319159372170239,13.78
58.0,51.0,24.91,16.75,2.5,4.284317129629629,102.8236111111111,14.0,16.0,16.0,1137.9355555555555,4.0,1.0,940.8491666666666,3.0,0.0,0.0,0.0,7.0,7.0,2.0,36.0,31.0,10.0,15.0,13.0,2.0,3.267731957370362,0.27450980392156865,0.0385951370127364,0.056338028169014086,0.2413793103448276,SYN2023_050,2023,25.086,351.20399999999995,81.9743238825929,1279.386,0.9681976071015052,14.834,207.676,48.47353585563195,756.534,0.5725202624469317,7.465999999999999,104.52399999999999,24.39688679372712,380.76599999999996,0.2881512929370899,3.7380000000000004,52.33200000000001,12.214782056650415,190.63800000000003,0.14426862215360867,11.054,154.756,36.121509056771984,563.754,0.42663064453878813,3.156,44.184000000000005,10.312962057460863,160.95600000000002,0.12180625241219607,213.456,2988.384,697.516992692448,10886.256,8.23836356619066,6.7299999999999995,94.22,21.991836073102537,343.22999999999996,0.2597452720957159,12.65
45.0,37.0,30.22222222222221,19.6,1.1,2.20443287037037,52.906388888888884,12.0,15.0,16.0,577.9558333333334,4.0,2.0,935.9311111111111,11.0,0.0,0.0,0.0,3.0,3.0,1.0,32.0,24.0,7.0,10.0,10.0,4.0,5.443576967705014,0.32432432432432434,0.032028469750889695,0.04854368932038835,0.26666666666666666,SYN2023_051,2023,25.316666666666666,303.8,137.81322356573193,936.7166666666667,0.8108540925266907,16.58,198.95999999999998,90.25450612454912,613.4599999999999,0.5310320284697511,7.859999999999999,94.32,42.786514966161405,290.82,0.25174377224199296,3.7133333333333334,44.56,20.21381580674462,137.39333333333335,0.11893238434163707,11.406666666666666,136.88,62.093067944955195,422.0466666666666,0.3653380782918151,5.260000000000001,63.120000000000005,28.63321485012838,194.62000000000003,0.1684697508896798,184.79999999999998,2217.6,1005.9730236318865,6837.599999999999,5.918861209964415,7.57,90.84,41.207877645526956,280.09000000000003,0.24245551601423498,9.26
68.0,54.0,24.439622641509438,6.1,1.2,6.02582175925926,144.61972222222224,23.0,21.0,15.0,1018.5405555555556,10.0,4.0,1056.7019444444445,10.0,0.0,0.0,0.0,3.0,3.0,0.0,38.0,31.0,11.0,27.0,20.0,12.0,3.8169067919505366,0.42592592592592593,0.03930875917822443,0.14084507042253522,0.3382352941176471,SYN2023_052,2023,24.332857142857144,559.6557142857143,92.87624769613356,1313.9742857142858,0.9564944215467096,14.214285714285714,326.9285714285714,54.25460368558262,767.5714285714286,0.558745934033333,7.408571428571428,170.39714285714285,28.277826604364975,400.0628571428571,0.29122175014038837,3.5914285714285716,82.60285714285715,13.708148107090928,193.93714285714287,0.14117460082008032,11.142857142857142,256.2857142857143,42.531247110305976,601.7142857142857,0.4380118879859293,2.7457142857142856,63.15142857142857,10.480135505898472,148.26857142857142,0.10793062162935335,203.70142857142858,4685.132857142858,777.5093662443128,10999.877142857144,8.00725039997457,7.851428571428571,180.58285714285714,29.968171040800215,423.97714285714284,0.30862991491931635,18.54
41.0,39.0,31.7,17.1,71.4,7.117083333333333,170.81,8.0,7.0,12.0,407.04611111111114,9.0,2.0,626.9033333333333,4.0,0.0,0.0,0.0,8.0,8.0,3.0,23.0,21.0,4.0,10.0,10.0,1.0,1.1240559686201042,0.20512820512820512,0.030581039755351678,0.055248618784530384,0.1951219512195122,SYN2023_053,2023,24.6075,196.86,27.660207247819216,959.6925000000001,0.7525229357798164,14.63875,117.11,16.45477431063755,570.91125,0.44766819571865435,7.757499999999999,62.059999999999995,8.719864176570457,302.54249999999996,0.23723241590214061,3.9512500000000004,31.610000000000003,4.441426146010187,154.09875000000002,0.12083333333333333,11.59375,92.75,13.032023886189332,452.15625,0.3545489296636085,2.4025000000000003,19.220000000000002,2.7005444646098007,93.6975,0.07347094801223242,212.87625,1703.01,239.28481938996543,8302.17375,6.509977064220182,8.73125,69.85,9.814413676014283,340.51874999999995,0.2670107033639143,8.06
43.0,40.0,30.064102564102566,19.9,1.6,8.223298611111112,197.35916666666668,9.0,8.0,11.0,1312.5108333333333,2.0,4.0,1225.5969444444445,8.0,0.0,0.0,0.0,7.0,7.0,2.0,28.0,25.0,5.0,8.0,8.0,2.0,1.0944513176062254,0.225,0.03219149814279818,0.04784688995215311,0.20930232558139536,SYN2023_054,2023,25.15888888888889,226.43,27.53517909395307,1006.3555555555556,0.8099023249415325,14.596666666666668,131.37,15.975341065992204,583.8666666666667,0.46988856789104416,8.185555555555556,73.67,8.958692063116736,327.4222222222222,0.26350529646443804,4.288888888888888,38.599999999999994,4.693980095511144,171.55555555555551,0.1380657587013344,11.873333333333335,106.86000000000001,12.994785311044584,474.9333333333334,0.3822203879488238,2.1355555555555554,19.22,2.337261591599072,85.42222222222222,0.068746732700509,228.27333333333334,2054.46,249.83405044103176,9130.933333333334,7.348460586050351,8.883333333333333,79.94999999999999,9.722375871401969,355.3333333333333,0.28596780850185716,7.81
43.0,41.0,31.237500000000004,18.549999999999997,21.4,12.266377314814815,294.3930555555555,10.0,7.0,15.0,491.49222222222227,4.0,2.0,1182.3536111111111,4.0,0.0,0.0,0.0,8.0,8.0,4.0,27.0,25.0,5.0,8.0,8.0,1.0,0.8152366214858254,0.24390243902439024,0.03101977510663047,0.05115089514066497,0.23255813953488372,SYN2023_055,2023,26.187692307692302,261.87692307692305,21.34916580143341,1073.6953846153845,0.8123363259462519,14.670769230769231,146.7076923076923,11.96014834229051,601.5015384615385,0.4550839621797357,8.636153846153846,86.36153846153846,7.040508884170278,354.08230769230767,0.26789155009395405,4.863846153846155,48.63846153846155,3.965185505888366,199.41769230769236,0.15087541384555733,12.266923076923076,122.66923076923077,10.000444925257275,502.9438461538461,0.3805171950964893,1.6676923076923076,16.676923076923075,1.3595638426009764,68.3753846153846,0.05173144033167297,215.49307692307696,2154.9307692307693,175.67784798435434,8835.216153846155,6.684546783189668,9.222307692307693,92.22307692307693,7.518362965379663,378.1146153846154,0.28607391057953285,13.92
32.0,28.0,48.17407407407407,24.9,0.9,2.263472222222222,54.32333333333333,7.0,9.0,7.0,1318.2608333333333,3.0,1.0,1324.9725,5.0,0.0,0.0,0.0,4.0,3.0,1.0,20.0,17.0,4.0,8.0,8.0,2.0,3.0925937289071608,0.25,0.020335919258868723,0.03861003861003861,0.21875,SYN2023_056,2023,25.316666666666666,177.21666666666667,78.29416457016629,708.8666666666667,0.5148376892370264,16.58,116.05999999999999,51.27520402528072,464.23999999999995,0.3371695413120434,7.859999999999999,55.019999999999996,24.307786709210284,220.07999999999998,0.15984032537470816,3.7133333333333334,25.993333333333332,11.48383138000859,103.97333333333333,0.07551404684793252,11.406666666666666,79.84666666666666,35.276185801067676,319.38666666666666,0.23196505234616255,5.260000000000001,36.82000000000001,16.26704301405167,147.28000000000003,0.1069669353016495,184.79999999999998,1293.6,571.5113211020432,5174.4,3.7580778790389395,7.57,52.99,23.41093452782721,211.96,0.15394290878963623,16.81
74.0,46.0,28.217777777777776,17.5,1.2,2.1304398148148147,51.13055555555555,14.0,26.0,28.0,965.5397222222223,6.0,8.0,1246.8569444444445,15.0,0.0,0.0,0.0,3.0,3.0,0.0,37.0,25.0,10.0,34.0,18.0,4.0,6.571413049383387,0.30434782608695654,0.0342257377547916,0.05405405405405406,0.1891891891891892,SYN2023_057,2023,25.316666666666666,354.43333333333334,166.36627370022273,1164.5666666666666,0.8664815941588074,16.58,232.11999999999998,108.95402835877654,762.68,0.5674627319744447,7.859999999999999,110.03999999999999,51.651306568153416,361.55999999999995,0.269014298752662,3.7133333333333334,51.986666666666665,24.401847123376978,170.81333333333333,0.12709157286279282,11.406666666666666,159.69333333333333,74.95791818329982,524.7066666666667,0.3904015819896562,5.260000000000001,73.64000000000001,34.56563263975662,241.96000000000004,0.18002738059020384,184.79999999999998,2587.2,1214.3971315260499,8500.8,6.3249163370854875,7.57,105.98,49.74559678383224,348.22,0.2590888348037724,21.16
52.0,43.0,30.811904761904763,5.2,1.6,2.264594907407407,54.35027777777778,12.0,16.0,13.0,1447.3113888888888,7.0,1.0,1058.31,7.0,0.0,0.0,0.0,4.0,4.0,2.0,31.0,24.0,9.0,17.0,15.0,1.0,5.298960957983452,0.27906976744186046,0.031434772846343835,0.16129032258064516,0.23076923076923078,SYN2023_058,2023,25.316666666666666,303.8,134.15202825294773,1088.6166666666666,0.7958236658932715,16.58,198.95999999999998,87.85677268336562,712.9399999999999,0.5211885337923807,7.859999999999999,94.32,41.64983312974993,337.97999999999996,0.24707731457226254,3.7133333333333334,44.56,19.676808357311884,159.67333333333335,0.11672778983609011,11.406666666666666,136.88,60.443481327397905,490.4866666666667,0.35856597560062864,5.260000000000001,63.120000000000005,27.87253463899296,226.18000000000004,0.1653469051717686,184.79999999999998,2217.6,979.2479850353418,7946.4,5.80914602200434,7.57,90.84,40.113134451934734,325.51,0.23796123044682285,16.97
85.0,52.0,25.3,14.4,1.1,6.226574074074074,149.4377777777778,37.0,32.0,32.0,1786.7041666666669,9.0,9.0,819.7358333333333,13.0,0.0,0.0,0.0,1.0,1.0,0.0,55.0,34.0,20.0,29.0,17.0,17.0,5.942272517733133,0.7115384615384616,0.03802281368821293,0.06493506493506493,0.43529411764705883,SYN2023_059,2023,24.332857142857144,900.3157142857143,144.59246827792637,1265.3085714285714,0.9252036936447583,14.214285714285714,525.9285714285714,84.46515935920667,739.1428571428571,0.5404671374253123,7.408571428571428,274.1171428571428,44.023750395662894,385.24571428571426,0.2816947311243889,3.5914285714285716,132.88285714285715,21.341247299401566,186.75428571428571,0.13655621944595328,11.142857142857142,412.2857142857143,66.21389376902633,579.4285714285714,0.42368278109722973,2.7457142857142856,101.59142857142857,16.315782541547257,142.77714285714285,0.10439978272677891,203.70142857142858,7536.952857142857,1210.4494008229788,10592.474285714286,7.745301466594242,7.851428571428571,290.5028571428571,46.65532822494471,408.2742857142857,0.29853340575774034,12.92
72.0,61.0,21.663333333333338,10.65,0.9,6.185497685185185,148.45194444444445,17.0,16.0,26.0,1324.1825,6.0,1.0,1319.651388888889,8.0,0.0,0.0,0.0,6.0,6.0,1.0,39.0,32.0,7.0,27.0,23.0,9.0,2.7483641357940374,0.2786885245901639,0.044124135902338574,0.08583690987124463,0.2361111111111111,SYN2023_060,2023,24.332857142857144,413.65857142857146,66.87555189282834,1484.3042857142857,1.0736662954636185,14.214285714285714,241.64285714285714,39.06603307307238,867.0714285714286,0.6271930746118125,7.408571428571428,125.94571428571429,20.36145201175411,451.92285714285714,0.32689681255646835,3.5914285714285716,61.05428571428572,9.8705534819803,219.07714285714286,0.15846868236925596,11.142857142857142,189.42857142857142,30.624628941704987,679.7142857142857,0.49166894291177266,2.7457142857142856,46.677142857142854,7.546222669994485,167.48857142857142,0.12115227029184962,203.70142857142858,3462.924285714286,559.8457006957251,12425.787142857143,8.988149517786228,7.851428571428571,133.4742857142857,21.578584700462898,478.9371428571429,0.34643750131321827,15.54
60.0,51.0,25.813999999999997,16.700000000000003,1.3,10.990347222222223,263.7683333333333,16.0,10.0,23.0,1976.3591666666666,7.0,5.0,1298.246388888889,9.0,0.0,0.0,,5.0,5.0,3.0,31.0,26.0,8.0,24.0,20.0,5.0,1.4558229759700747,0.3137254901960784,0.03729395092116059,0.05649717514124293,0.26666666666666666,SYN2024_001,2024,25.921666666666667,414.74666666666667,37.73735790877095,1322.005,0.9667213644613512,12.658333333333331,202.5333333333333,18.428292504154527,645.5749999999999,0.47207926207702444,7.7775,124.44,11.322663195607255,396.6525,0.2900537032893265,4.6866666666666665,74.98666666666666,6.822957014046416,239.01999999999998,0.17478431665050598,11.183333333333332,178.9333333333333,16.280953614598666,570.3499999999999,0.4170706844683126,0.8450000000000001,13.520000000000001,1.2301704146947132,43.095000000000006,0.031513388528380704,146.63749999999996,2346.1999999999994,213.47824163881177,7478.512499999998,5.4686917282016845,8.756666666666666,140.10666666666665,12.74815652624462,446.59,0.32657069689962953,15.73
33.0,30.0,43.19310344827586,23.6,51.4,15.276655092592593,366.63972222222225,9.0,4.0,11.0,1862.4508333333333,3.0,1.0,1301.3702777777778,6.0,0.0,0.0,,7.0,6.0,3.0,21.0,19.0,5.0,5.0,5.0,1.0,0.5891342015284456,0.3,0.02262796504369538,0.04065040650406504,0.2727272727272727,SYN2024_002,2024,26.0875,234.7875,15.369038482373325,782.625,0.5903070380774033,12.92,116.28,7.611613883747518,387.6,0.2923533083645443,8.20625,73.85625,4.834582541292807,246.18750000000003,0.18569073813982523,5.00875,45.07875,2.950825931905602,150.2625,0.11333781991260924,11.528125,103.753125,6.791612716995112,345.84375,0.2608580095193508,1.06,9.540000000000001,0.6244822536201524,31.8,0.023985642946317106,154.08749999999998,1386.7875,90.77821627801436,4622.624999999999,3.4866865636704114,9.053125000000001,81.478125,5.33350556821221,271.59375000000006,0.20485379603620477,5.45
62.0,54.0,24.541509433962265,20.4,1.3,10.344791666666667,248.27500000000003,18.0,11.0,17.0,964.796111111111,5.0,5.0,1102.0388888888888,9.0,0.0,0.0,,6.0,6.0,1.0,46.0,38.0,14.0,10.0,10.0,3.0,1.7400060416876446,0.3333333333333333,0.03915195390411465,0.04672897196261683,0.2903225806451613,SYN2024_003,2024,25.947272727272722,467.050909090909,45.148411310771586,1401.152727272727,1.0158864257556728,12.552727272727271,225.94909090909087,21.84182129420272,677.8472727272726,0.4914637995527409,7.620000000000001,137.16000000000003,13.258846037659854,411.4800000000001,0.29833788874935363,4.565454545454545,82.17818181818181,7.943918492141228,246.53454545454545,0.17874646591496704,10.965454545454547,197.37818181818184,19.079957158942157,592.1345454545456,0.42931897090130083,0.7490909090909091,13.483636363636364,1.303422707591472,40.45090909090909,0.02932837274271861,136.17636363636365,2451.1745454545458,236.9476954623264,7353.523636363637,5.331570711920864,8.52818181818182,153.50727272727275,14.839087888247088,460.5218181818182,0.3338949814313632,15.89
61.0,39.0,33.505263157894746,9.3,1.4,4.318877314814815,103.65305555555555,27.0,28.0,22.0,241.25583333333333,8.0,5.0,575.3663888888889,6.0,0.0,0.0,,3.0,3.0,3.0,34.0,20.0,12.0,24.0,16.0,12.0,6.2516246774094135,0.6923076923076923,0.028981086028065886,0.0970873786407767,0.4426229508196721,SYN2024_004,2024,25.3,683.1,158.16610433845815,986.7,0.733221476510067,12.379999999999999,334.26,77.39511350632853,482.81999999999994,0.35878584502745564,6.05,163.35,37.82232929832695,235.95,0.1753355704697986,2.988,80.676,18.679854536099327,116.532,0.08659548505186086,8.754,236.35799999999998,54.726722426042,341.406,0.25370042708968876,1.1019999999999999,29.753999999999998,6.889290394505172,42.977999999999994,0.0319371568029286,97.14,2622.78,607.2828211635505,3788.46,2.81522269676632,9.328,251.856,58.31515499087501,363.792,0.27033557046979856,13.26
46.0,42.0,31.660975609756097,19.0,1.0,4.957673611111111,118.98416666666665,7.0,8.0,14.0,1522.6058333333335,6.0,0.0,1318.6375,5.0,1.0,1.0,,4.0,4.0,0.0,29.0,26.0,6.0,12.0,11.0,1.0,1.4119525707201939,0.16666666666666666,0.030617578970950642,0.05,0.15217391304347827,SYN2024_005,2024,26.276666666666667,183.93666666666667,37.10140704995763,1103.6200000000001,0.804527916760013,12.086666666666666,84.60666666666665,17.065800071438076,507.64,0.3700644711622234,6.428333333333334,44.998333333333335,9.076501775446314,269.99,0.19682000348492773,3.4933333333333327,24.45333333333333,4.932420980382543,146.71999999999997,0.10695740920518756,9.316666666666666,65.21666666666667,13.154691450543138,391.3,0.28525377741269015,1.2283333333333333,8.598333333333333,1.7343484077013047,51.589999999999996,0.03760859283598437,112.69,788.8299999999999,159.11293519445866,4732.98,3.450294974236428,9.358333333333334,65.50833333333334,13.213522807656481,393.05000000000007,0.2865295098698131,16.32
63.0,51.0,25.808000000000003,18.3,1.0,2.9761342592592595,71.42722222222223,10.0,14.0,20.0,886.9247222222223,6.0,1.0,1270.0419444444444,10.0,0.0,0.0,,10.0,8.0,1.0,38.0,30.0,8.0,15.0,13.0,1.0,3.360063467865504,0.19607843137254902,0.0373022978215458,0.05181347150259067,0.15873015873015872,SYN2024_006,2024,24.22,242.2,81.38073719170251,1235.22,0.9034616532378392,12.8675,128.675,43.23561667275937,656.2425,0.4799873172187406,6.055,60.55,20.345184297925627,308.805,0.2258654133094598,3.1275,31.275,10.508598495749363,159.5025,0.1166629364368845,8.875,88.75,29.82056327730635,452.625,0.331057893166219,1.3625,13.625,4.578086474966749,69.4875,0.05082438078185616,95.055,950.5500000000001,319.3908329379555,4847.805,3.5457699194270362,9.1275,91.27499999999999,30.668979302942386,465.5025,0.3404767233661593,10.63
42.0,35.0,38.038235294117655,22.450000000000003,3.0,13.131516203703704,315.1563888888889,11.0,6.0,4.0,754.2158333333332,3.0,4.0,1320.9563888888888,9.0,0.0,0.0,,5.0,4.0,2.0,31.0,25.0,8.0,6.0,6.0,1.0,0.8376793531959,0.3142857142857143,0.025615912001808176,0.04264392324093816,0.2619047619047619,SYN2024_007,2024,26.025,286.275,21.800605166923297,910.875,0.6666541098470578,13.320000000000002,146.52,11.15788898456939,466.20000000000005,0.341203947864085,8.16642857142857,89.83071428571427,6.840848603634803,285.82499999999993,0.20919051565476632,5.006428571428571,55.07071428571428,4.193781847535759,175.22499999999997,0.1282442337290525,11.602857142857143,127.63142857142857,9.719473866653,406.1,0.29721776754098,1.0178571428571428,11.196428571428571,0.8526379130743982,35.625,0.026073339001840463,163.30357142857147,1796.3392857142862,136.79603008886622,5715.625000000002,4.183169915295283,8.894285714285713,97.83714285714285,7.45055950428239,311.29999999999995,0.22783524017608242,10.43
29.0,29.0,41.021428571428565,22.4,1.4,8.277951388888889,198.67083333333335,4.0,8.0,9.0,1547.3297222222222,3.0,1.0,190.88972222222222,1.0,0.0,0.0,,8.0,8.0,2.0,16.0,16.0,2.0,5.0,5.0,0.0,0.48321134204400074,0.13793103448275862,0.02379738228794833,0.042735042735042736,0.13793103448275862,SYN2024_008,2024,25.62444444444445,102.4977777777778,12.382022189131941,743.108888888889,0.6097947003607384,12.69111111111111,50.76444444444444,6.132488832029529,368.0422222222222,0.3020152227699398,7.014444444444444,28.057777777777776,3.389459113693085,203.4188888888889,0.1669254159820198,4.031111111111111,16.124444444444443,1.9478786099284828,116.9022222222222,0.09592989215630726,10.036666666666667,40.14666666666667,4.849831169648287,291.06333333333333,0.23884639356337475,0.9155555555555556,3.6622222222222223,0.4424068287158407,26.551111111111112,0.02178782556141047,135.7888888888889,543.1555555555556,65.61473123466371,3937.8777777777777,3.2314200993446285,8.881111111111112,35.52444444444445,4.291453618841887,257.55222222222227,0.2113471962528567,3.47
59.0,56.0,23.787272727272725,15.0,2.4,11.201238425925926,268.82972222222224,16.0,7.0,12.0,962.7386111111111,12.0,2.0,1053.7297222222223,12.0,0.0,0.0,,7.0,7.0,2.0,32.0,29.0,7.0,20.0,20.0,7.0,1.4284134835454496,0.2857142857142857,0.04034328467688697,0.0625,0.2711864406779661,SYN2024_009,2024,25.921666666666667,414.74666666666667,37.0268581826373,1451.6133333333332,1.045765177632705,12.658333333333331,202.5333333333333,18.081334012546147,708.8666666666666,0.5106787452015942,7.7775,124.44,11.109485868274735,435.53999999999996,0.3137698965744884,4.6866666666666665,74.98666666666666,6.694497859549673,262.4533333333333,0.18907552751901027,11.183333333333332,178.9333333333333,15.97442412431661,626.2666666666665,0.4511724003031859,0.8450000000000001,13.520000000000001,1.207009393595905,47.32000000000001,0.034090075551969495,146.63749999999996,2346.1999999999994,209.4589821933958,8211.699999999997,5.915838406807011,8.756666666666666,140.10666666666665,12.508140737579653,490.3733333333333,0.3532726961539402,12.52
58.0,39.0,34.07631578947368,9.05,1.2,2.120162037037037,50.88388888888889,12.0,20.0,30.0,1044.1669444444444,10.0,5.0,1271.9208333333333,7.0,0.0,0.0,,2.0,2.0,0.0,34.0,25.0,8.0,22.0,12.0,4.0,5.659944754397266,0.3076923076923077,0.02850926551129117,0.09950248756218905,0.20689655172413793,SYN2024_010,2024,26.403333333333336,316.84000000000003,149.4414079986025,1029.73,0.7527396403831247,12.76,153.12,72.22089506610911,497.64,0.3637782279240753,5.836666666666666,70.03999999999999,33.03521088316537,227.62999999999997,0.16639907970090279,3.25,39.0,18.394820451791112,126.75,0.09265511291169631,8.78,105.35999999999999,49.69431494360799,342.41999999999996,0.25031135118913644,1.8166666666666667,21.8,10.282232970488366,70.85,0.051791832345512295,82.22,986.64,465.3606577065432,3206.58,2.34403181033836,8.766666666666666,105.19999999999999,49.61884901354936,341.9,0.2499312276489859,11.44
82.0,69.0,18.14117647058824,6.2,1.5,7.117511574074074,170.8202777777778,23.0,22.0,25.0,1420.3719444444444,10.0,4.0,786.1025,14.0,0.0,0.0,,6.0,6.0,1.0,44.0,37.0,12.0,32.0,26.0,10.0,3.2314664697952526,0.3333333333333333,0.052243392747387825,0.1388888888888889,0.2804878048780488,SYN2024_011,2024,25.213749999999997,579.91625,81.47738770280004,1739.7487499999997,1.3172518438844496,12.366249999999999,284.42375,39.96112223210554,853.2712499999999,0.6460548555623846,6.91625,159.07375,22.349629971721416,477.22125,0.36132836508912103,3.92375,90.24625,12.679466560859122,270.73875,0.20499001229256297,9.966249999999999,229.22374999999997,32.205602704596934,687.6712499999999,0.5206707129686539,0.92125,21.18875,2.9769884852988766,63.566250000000004,0.04812922556853103,112.93125,2597.4187500000003,364.93354776706514,7792.25625,5.899911647203441,8.770000000000001,201.71000000000004,28.33996094010437,605.1300000000001,0.4581745543945913,17.05
42.0,39.0,34.17894736842105,22.75,2.2,8.0603125,193.4475,9.0,9.0,13.0,954.0602777777779,3.0,2.0,819.9625,5.0,0.0,0.0,,4.0,4.0,0.0,30.0,27.0,7.0,8.0,8.0,2.0,1.116582018377079,0.23076923076923078,0.028426092160383006,0.042105263157894736,0.21428571428571427,SYN2024_012,2024,25.62444444444445,230.62000000000006,28.61179389756911,999.3533333333336,0.7284028193363923,12.69111111111111,114.22,14.170666459892217,494.9533333333333,0.3607586940621052,7.014444444444444,63.129999999999995,7.832202535571666,273.56333333333333,0.19939324423166432,4.031111111111111,36.279999999999994,4.501066180746713,157.2133333333333,0.11458873595318837,10.036666666666667,90.33,11.206761524444616,391.43,0.2853032116497108,0.9155555555555556,8.24,1.02229287015857,35.70666666666667,0.026025666600172886,135.7888888888889,1222.1,151.61943162873646,5295.766666666666,3.8599474699115635,8.881111111111112,79.93,9.916488969875548,346.36333333333334,0.25245528293104597,14.64
84.0,69.0,18.669117647058826,16.0,2.3,4.1253472222222225,99.00833333333334,11.0,13.0,34.0,593.4219444444445,14.0,4.0,1268.703888888889,12.0,0.0,0.0,,1.0,1.0,0.0,25.0,23.0,2.0,58.0,45.0,9.0,2.666442218668462,0.15942028985507245,0.050841121495327095,0.058823529411764705,0.13095238095238096,SYN2024_013,2024,25.3,278.3,67.4609881323121,1745.7,1.2862803738317756,12.379999999999999,136.17999999999998,33.01055466711556,854.2199999999999,0.6294130841121494,6.05,66.55,16.131975422944194,417.45,0.30758878504672893,2.988,32.868,7.967329349381364,206.172,0.15191327102803737,8.754,96.294,23.342035182223714,604.026,0.4450631775700934,1.1019999999999999,12.121999999999998,2.938419324972645,76.038,0.05602691588785045,97.14,1068.54,259.0181971214544,6702.66,4.938706542056074,9.328,102.60799999999999,24.872573015739412,643.632,0.4742459813084111,18.71
57.0,52.0,25.556862745098037,16.8,1.0,10.983136574074074,263.59527777777777,13.0,9.0,13.0,1725.2841666666666,3.0,3.0,1277.2855555555554,8.0,0.0,0.0,,7.0,7.0,1.0,32.0,28.0,8.0,18.0,17.0,4.0,1.1836327366343395,0.25,0.03765505020673361,0.056179775280898875,0.22807017543859648,SYN2024_014,2024,25.921666666666667,336.9816666666667,30.681733254789805,1347.9266666666667,0.9760816597755464,12.658333333333331,164.5583333333333,14.982817724563013,658.2333333333332,0.4766501772002362,7.7775,101.1075,9.205703609173575,404.43,0.29286215298287066,4.6866666666666665,60.92666666666666,5.547292092359604,243.70666666666665,0.1764766686355582,11.183333333333332,145.38333333333333,13.236959438027363,581.5333333333333,0.4211089781453042,0.8450000000000001,10.985000000000001,1.000169662456017,43.940000000000005,0.031818517424689906,146.63749999999996,1906.2874999999995,173.56494541821792,7625.149999999998,5.521642424689898,8.756666666666666,113.83666666666666,10.364677330461365,455.34666666666664,0.329732722976964,14.14
58.0,46.0,26.664444444444445,4.3,1.3,4.134224537037037,99.22138888888888,15.0,18.0,17.0,1241.9275,7.0,5.0,214.8202777777778,8.0,0.0,0.0,,6.0,5.0,3.0,32.0,24.0,8.0,20.0,17.0,4.0,3.6282499573064726,0.32608695652173914,0.036147481725439794,0.18867924528301888,0.25862068965517243,SYN2024_015,2024,25.3,379.5,91.79472391985377,1163.8,0.9145312876536268,12.379999999999999,185.7,44.917734471454125,569.4799999999999,0.4475058237609446,6.05,90.75,21.95091224170416,278.3,0.21869226443891074,2.988,44.82,10.84121087243174,137.448,0.10800867539561411,8.754,131.31,31.76170012626086,402.68399999999997,0.3164350550244999,1.1019999999999999,16.529999999999998,3.9983314529517324,50.69199999999999,0.03983452486143465,97.14,1457.1,352.44820085275074,4468.44,3.5113663748092216,9.328,139.92,33.84431560175477,429.08799999999997,0.3371837095349024,14.82
74.0,46.0,28.702222222222215,21.6,1.3,5.04931712962963,121.18361111111112,21.0,21.0,22.0,2447.9205555555554,6.0,12.0,1318.701111111111,16.0,0.0,0.0,,2.0,2.0,0.0,34.0,23.0,9.0,38.0,21.0,12.0,4.158978226336986,0.45652173913043476,0.033667514589256334,0.04424778761061947,0.28378378378378377,SYN2024_016,2024,26.276666666666667,551.8100000000001,109.28408452738154,1208.7266666666667,0.8846700583570256,12.086666666666666,253.82,50.2681834956597,555.9866666666667,0.4069280263354782,6.428333333333334,134.995,26.73529836496959,295.7033333333334,0.21642600628460282,3.4933333333333327,73.35999999999999,14.528697270670534,160.6933333333333,0.11761185096513543,9.316666666666666,195.65,38.74781380870625,428.56666666666666,0.3136690109232382,1.2283333333333333,25.794999999999998,5.108611588017264,56.50333333333333,0.04135493042046986,112.69,2366.49,468.6752563259149,5183.74,3.793992219063296,9.358333333333334,196.52500000000003,38.92110456813696,430.48333333333335,0.3150718240311239,18.44
48.0,45.0,28.29318181818181,19.35,2.6,13.05236111111111,313.25666666666666,12.0,7.0,13.0,1322.0244444444445,4.0,5.0,987.5205555555556,10.0,0.0,0.0,,14.0,13.0,2.0,28.0,26.0,10.0,6.0,6.0,0.0,0.9193738893559062,0.26666666666666666,0.034137636744510834,0.04914004914004914,0.25,SYN2024_017,2024,26.025,312.29999999999995,23.92670547048746,1171.125,0.8884319962758944,13.320000000000002,159.84000000000003,12.246060206220672,599.4000000000001,0.45471332143688437,8.16642857142857,97.99714285714285,7.508001197861482,367.48928571428564,0.2787825720714231,5.006428571428571,60.077142857142846,4.602779707496818,225.28928571428568,0.17090763995876887,11.602857142857143,139.2342857142857,10.66736389906953,522.1285714285715,0.39609412234131003,1.0178571428571428,12.214285714285714,0.9357912802372617,45.80357142857142,0.03474723740066281,163.30357142857147,1959.6428571428578,150.1370396099958,7348.6607142857165,5.574798000509851,8.894285714285713,106.73142857142855,8.177174050185531,400.2428571428571,0.30362989481617775,11.73
57.0,46.0,24.66888888888889,20.9,1.4,4.9751157407407405,119.40277777777777,11.0,12.0,16.0,824.7908333333334,14.0,5.0,1128.8330555555556,11.0,0.0,0.0,,5.0,5.0,0.0,27.0,24.0,4.0,25.0,17.0,7.0,2.211003838548331,0.2391304347826087,0.03895766600294347,0.04566210045662101,0.19298245614035087,SYN2024_018,2024,26.276666666666667,289.04333333333335,58.09781086425498,1208.7266666666667,1.0236776036706778,12.086666666666666,132.95333333333332,26.72366639525416,555.9866666666667,0.47086832308891,6.428333333333334,70.71166666666667,14.213069675468189,295.7033333333334,0.25043286295558825,3.4933333333333327,38.42666666666666,7.723773409328835,160.6933333333333,0.13609211323694914,9.316666666666666,102.48333333333333,20.599185762475283,428.56666666666666,0.36295558826075663,1.2283333333333333,13.511666666666667,2.7158497150168666,56.50333333333333,0.047852999740282225,112.69,1239.59,249.15802256601143,5183.74,4.390139381871699,9.358333333333334,102.94166666666668,20.6913109224148,430.48333333333335,0.3645788243442126,15.33
74.0,47.0,28.08695652173913,3.8,1.5,7.1795023148148145,172.30805555555554,35.0,27.0,23.0,981.4316666666667,9.0,9.0,1318.831111111111,14.0,0.0,0.0,,3.0,3.0,2.0,40.0,24.0,17.0,31.0,20.0,16.0,4.874989722863928,0.7446808510638298,0.034379671150971604,0.20833333333333334,0.47297297297297297,SYN2024_019,2024,25.213749999999997,882.4812499999999,122.91677212486036,1185.0462499999999,0.8668404334828101,12.366249999999999,432.81874999999997,60.28534166036604,581.21375,0.4251476083707026,6.91625,242.06875,33.71664767075764,325.06374999999997,0.23777840059790734,3.92375,137.33125,19.128240925087336,184.41625,0.13489723467862483,9.966249999999999,348.81874999999997,48.585366325492615,468.41374999999994,0.3426363976083707,0.92125,32.24375,4.491084282188393,43.29875,0.03167227204783259,112.93125,3952.59375,550.538683140177,5307.76875,3.882539237668162,8.770000000000001,306.95000000000005,42.75365986951665,412.19000000000005,0.301509715994021,16.27
81.0,55.0,23.840740740740742,7.75,1.2,8.183379629629629,196.4011111111111,34.0,24.0,25.0,680.9227777777778,9.0,8.0,551.3916666666667,10.0,0.0,0.0,,3.0,3.0,1.0,39.0,28.0,17.0,39.0,24.0,16.0,4.1547626456062146,0.6181818181818182,0.04025644848665573,0.11428571428571428,0.41975308641975306,SYN2024_020,2024,25.62444444444445,871.2311111111113,106.46348459218949,1409.3444444444447,1.0315491277769495,12.69111111111111,431.49777777777774,52.72855437568242,698.0111111111111,0.5108990606828686,7.014444444444444,238.4911111111111,29.14335175745781,385.7944444444444,0.28237662144028625,4.031111111111111,137.05777777777777,16.748309864732605,221.71111111111108,0.16227821678842996,10.036666666666667,341.24666666666667,41.69996775306771,552.0166666666667,0.40404055464440136,0.9155555555555556,31.128888888888888,3.8039160221994677,50.355555555555554,0.03685701505889369,135.7888888888889,4616.822222222222,564.1706032439283,7468.388888888889,5.466378410615774,8.881111111111112,301.95777777777784,36.89890869592275,488.46111111111117,0.3575219919487103,16.09
89.0,67.0,19.6,15.600000000000001,1.0,6.178217592592593,148.27722222222224,27.0,23.0,22.0,2400.6077777777778,9.0,2.0,1294.0936111111112,9.0,0.0,0.0,,6.0,5.0,3.0,67.0,46.0,21.0,16.0,16.0,3.0,4.370192469810677,0.40298507462686567,0.04854368932038835,0.06024096385542168,0.30337078651685395,SYN2024_021,2024,26.56142857142857,717.1585714285715,116.07855513027131,1779.6157142857144,1.2893897364771152,12.381428571428572,334.29857142857145,54.10922590835591,829.5557142857143,0.6010402219140083,6.571428571428571,177.42857142857142,28.718407658755876,440.2857142857143,0.319001386962552,3.575714285714286,96.54428571428572,15.626559645623036,239.57285714285717,0.17357836338418864,9.464285714285714,255.53571428571428,41.360750160708186,634.1071428571428,0.4594313453536754,1.052857142857143,28.427142857142858,4.6011883575006705,70.54142857142858,0.05110957004160888,105.79428571428572,2856.4457142857145,462.3413907775707,7088.217142857144,5.135644937586686,9.218571428571428,248.90142857142857,40.28693143955471,617.6442857142857,0.44750346740638,14.95
60.0,40.0,30.65641025641026,11.6,1.2,5.242488425925926,125.81972222222223,17.0,21.0,15.0,964.2769444444444,9.0,6.0,1173.6266666666668,10.0,0.0,0.0,,5.0,5.0,2.0,34.0,21.0,9.0,21.0,14.0,6.0,3.242734865360712,0.425,0.03158917868135428,0.07936507936507936,0.2833333333333333,SYN2024_022,2024,26.276666666666667,446.7033333333333,85.20826314546164,1051.0666666666666,0.8300583184837194,12.086666666666666,205.47333333333333,39.19385540599313,483.46666666666664,0.38180787299530206,6.428333333333334,109.28166666666667,20.845380626160445,257.1333333333333,0.20306577028997244,3.4933333333333327,59.386666666666656,11.327953796326751,139.73333333333332,0.1103515308601976,9.316666666666666,158.38333333333333,30.211479828943965,372.66666666666663,0.29430584804795074,1.2283333333333333,20.881666666666664,3.983159326284741,49.13333333333333,0.03880204114693017,112.69,1915.73,365.42379197749864,4507.6,3.559784545601814,9.358333333333334,159.0916666666667,30.346593781667334,374.33333333333337,0.2956220638263405,19.28
61.0,51.0,26.064,9.0,1.6,9.157569444444444,219.78166666666667,19.0,12.0,19.0,1776.8066666666668,8.0,7.0,1197.8675,8.0,0.0,0.0,,2.0,2.0,0.0,35.0,30.0,13.0,24.0,19.0,6.0,2.0747863409899217,0.37254901960784315,0.036949453148093406,0.1,0.3114754098360656,SYN2024_023,2024,25.689999999999998,488.10999999999996,53.301261100031084,1310.1899999999998,0.9492314513745195,12.183,231.477,25.277121992280215,621.333,0.45015518770322194,7.436999999999999,141.303,15.430186017942047,379.287,0.27479308306237066,4.294,81.586,8.909132548210723,218.99399999999997,0.15866095181791307,10.641,202.179,22.077801454473757,542.691,0.3931791309488619,0.8240000000000001,15.656,1.7096239449756956,42.024,0.03044634939402897,142.41,2705.79,295.47032282037475,7262.91,5.261971622819982,8.818999999999999,167.56099999999998,18.29754074119012,449.76899999999995,0.32585722731303574,13.3
94.0,42.0,30.69268292682927,19.6,1.0,3.1116435185185187,74.67944444444444,37.0,38.0,50.0,591.0177777777778,18.0,11.0,985.9497222222222,14.0,0.0,0.0,,5.0,4.0,1.0,46.0,20.0,18.0,43.0,18.0,18.0,11.89082225512003,0.8809523809523809,0.03155302447283361,0.04854368932038835,0.39361702127659576,SYN2024_024,2024,24.22,896.14,287.9957150190071,1017.24,0.76421425273203,12.8675,476.09749999999997,153.00515536775697,540.435,0.4060085424041865,6.055,224.035,71.99892875475177,254.31,0.1910535631830075,3.1275,115.7175,37.1885466028879,131.355,0.09868208403878712,8.875,328.375,105.53104751419026,372.75,0.2800330921963983,1.3625,50.4125,16.201245322601043,57.225,0.042990995844235796,95.055,3517.0350000000003,1130.2821094604346,3992.3100000000004,2.999272741265199,9.1275,337.7175,108.53348013360807,383.35499999999996,0.2880002308757888,18.08
34.0,32.0,37.82903225806451,19.4,44.9,10.238171296296295,245.7161111111111,9.0,6.0,11.0,414.95444444444445,2.0,3.0,1202.663611111111,7.0,0.0,0.0,,10.0,10.0,3.0,18.0,16.0,6.0,6.0,6.0,0.0,0.8790632369333174,0.28125,0.025753925396693533,0.04901960784313726,0.2647058823529412,SYN2024_025,2024,25.947272727272722,233.5254545454545,22.809293553227945,830.3127272727271,0.6682441260658424,12.552727272727271,112.97454545454544,11.034641068704769,401.68727272727267,0.3232820017068584,7.620000000000001,68.58000000000001,6.69846186543188,243.84000000000003,0.19624491152280474,4.565454545454545,41.089090909090906,4.0133232507992,146.09454545454545,0.11757837576563175,10.965454545454547,98.68909090909092,9.639327967172433,350.8945454545455,0.28240349830447037,0.7490909090909091,6.741818181818182,0.658498279302776,23.970909090909092,0.01929203138806861,136.17636363636365,1225.5872727272729,119.70763501199033,4357.643636363637,3.5070759098839193,8.52818181818182,76.75363636363637,7.496811114246775,272.9018181818182,0.21963415831489277,10.24
58.0,51.0,25.906,19.5,0.9,9.089108796296296,218.13861111111112,14.0,10.0,20.0,802.8447222222221,5.0,2.0,896.7152777777778,8.0,0.0,0.0,,5.0,5.0,0.0,36.0,31.0,9.0,17.0,15.0,5.0,1.5403050303132948,0.27450980392156865,0.037166431279268566,0.04878048780487805,0.2413793103448276,SYN2024_026,2024,25.689999999999998,359.65999999999997,39.57043622874854,1310.1899999999998,0.9548056195644093,12.183,170.562,18.76553618430687,621.333,0.45279863227532896,7.436999999999999,104.118,11.455248510439972,379.287,0.2764067494239203,4.294,60.11599999999999,6.614069800165288,218.99399999999997,0.1595926559131792,10.641,148.974,16.39038582756377,542.691,0.3954879952426968,0.8240000000000001,11.536000000000001,1.269211344978155,42.024,0.030625139374117302,142.41,1993.74,219.3548393669163,7262.91,5.292871478480636,8.818999999999999,123.46599999999998,13.583950062332946,449.76899999999995,0.32777075745186945,15.3
33.0,28.0,47.833333333333336,28.6,1.4,10.047743055555555,241.14583333333331,8.0,6.0,10.0,1166.2266666666667,3.0,3.0,1321.0177777777778,9.0,0.0,0.0,,5.0,5.0,1.0,23.0,19.0,6.0,5.0,4.0,1.0,0.7961987041036718,0.2857142857142857,0.020477815699658702,0.03378378378378378,0.24242424242424243,SYN2024_027,2024,25.947272727272722,207.57818181818178,20.659184920479085,726.5236363636362,0.5313434688178714,12.552727272727271,100.42181818181817,9.99446518751227,351.4763636363636,0.2570524356189885,7.620000000000001,60.96000000000001,6.06703412526998,213.36,0.15604095563139933,4.565454545454545,36.52363636363636,3.635008992735127,127.83272727272727,0.09349053676698728,10.965454545454547,87.72363636363637,8.730680698998627,307.0327272727273,0.224548557244803,0.7490909090909091,5.992727272727273,0.5964252110740232,20.974545454545456,0.015339745578653429,136.17636363636365,1089.4109090909092,108.4234442568231,3812.938181818182,2.78859447719516,8.52818181818182,68.22545454545455,6.7901273119968595,238.78909090909093,0.17463853552590755,13.42
75.0,44.0,29.974418604651166,4.5,1.1,2.1189583333333335,50.855000000000004,16.0,30.0,36.0,453.32,11.0,4.0,1318.3413888888888,12.0,0.0,0.0,,3.0,2.0,2.0,41.0,24.0,9.0,31.0,18.0,5.0,7.550879952807,0.36363636363636365,0.032284706059013436,0.18181818181818182,0.21333333333333335,SYN2024_028,2024,26.403333333333336,422.4533333333334,199.3684003539475,1161.746666666667,0.8524238556448182,12.76,204.16,96.34922819781731,561.4399999999999,0.41195284931301146,5.836666666666666,93.38666666666666,44.07196932455018,256.8133333333333,0.18843506769777507,3.25,52.0,24.54035984662275,143.0,0.10492529469179367,8.78,140.48,66.29672598564545,386.32,0.28345971919813795,1.8166666666666667,29.066666666666666,13.717431914266049,79.93333333333334,0.05865054934054108,82.22,1315.52,620.8333497197915,3617.68,2.6544485321720845,8.766666666666666,140.26666666666665,66.19604758627469,385.7333333333333,0.28302925645068444,14.97
66.0,53.0,24.884615384615383,6.15,1.0,6.2645486111111115,150.3491666666667,15.0,14.0,14.0,520.1458333333333,6.0,6.0,773.7788888888889,12.0,0.0,0.0,,7.0,7.0,2.0,40.0,30.0,11.0,19.0,16.0,2.0,2.3944263076505243,0.2830188679245283,0.03863298662704309,0.13986013986013984,0.22727272727272727,SYN2024_029,2024,26.56142857142857,398.4214285714286,63.59938334020885,1407.7557142857142,1.0261473147951603,12.381428571428572,185.7214285714286,29.64641829772442,656.2157142857143,0.4783315644236893,6.571428571428571,98.57142857142857,15.734801450274874,348.2857142857143,0.25387391212056887,3.575714285714286,53.63571428571429,8.56178435435609,189.51285714285717,0.13814052218212697,9.464285714285714,141.9642857142857,22.661534697406747,501.60714285714283,0.36563362343451494,1.052857142857143,15.792857142857144,2.5209888410549093,55.80142857142857,0.040675015920186804,105.79428571428572,1586.9142857142858,253.31662091338177,5607.097142857143,4.087149225217576,9.218571428571428,138.2785714285714,22.073189947526902,488.58428571428567,0.3561409467204415,10.22
40.0,37.0,35.355555555555554,24.65,1.2,6.202824074074074,148.86777777777777,9.0,9.0,9.0,1547.2594444444444,2.0,1.0,692.3369444444445,2.0,0.0,0.0,,3.0,3.0,1.0,25.0,24.0,6.0,12.0,10.0,2.0,1.4509520006568097,0.24324324324324326,0.027506112469437655,0.038986354775828465,0.225,SYN2024_030,2024,26.56142857142857,239.05285714285714,38.53935792601723,982.7728571428571,0.730601641634649,12.381428571428572,111.43285714285715,17.96485855670367,458.11285714285714,0.34056496681802306,6.571428571428571,59.14285714285714,9.534827432887607,243.14285714285714,0.1807544533705903,3.575714285714286,32.181428571428576,5.188189796634279,132.30142857142857,0.09835399930143209,9.464285714285714,85.17857142857142,13.73222429193052,350.1785714285714,0.2603257073000349,1.052857142857143,9.475714285714286,1.527645177834384,38.955714285714286,0.02896000698567936,105.79428571428572,952.1485714285715,153.502430515201,3914.3885714285716,2.9099895214809646,9.218571428571428,82.96714285714285,13.375704657483418,341.08714285714285,0.25356706252183026,10.43
42.0,38.0,35.07837837837839,22.7,0.9,12.852962962962962,308.4711111111111,11.0,7.0,13.0,416.36305555555555,3.0,3.0,1225.4980555555555,4.0,1.0,1.0,,9.0,8.0,2.0,25.0,24.0,7.0,7.0,5.0,2.0,0.8558337895859148,0.2894736842105263,0.02771743201737957,0.04219409282700422,0.2619047619047619,SYN2024_031,2024,26.025,286.275,22.273074373973433,988.9499999999999,0.7213461682523032,13.320000000000002,146.52,11.399706077284387,506.1600000000001,0.36919619447149593,8.16642857142857,89.83071428571427,6.989105511668402,310.3242857142857,0.22635242875335757,5.006428571428571,55.07071428571428,4.284670736576912,190.2442857142857,0.13876534357843814,11.602857142857143,127.63142857142857,9.930117198595429,440.90857142857146,0.3216014040645098,1.0178571428571428,11.196428571428571,0.8711165358285204,38.67857142857142,0.02821238616054706,163.30357142857147,1796.3392857142862,139.76071438862846,6205.535714285716,4.526355639266718,8.894285714285713,97.83714285714285,7.612030248517008,337.9828571428571,0.24652675962886456,7.01
56.0,53.0,24.500000000000004,19.55,1.1,7.195266203703704,172.6863888888889,9.0,11.0,16.0,1396.6661111111111,6.0,6.0,1100.4355555555555,10.0,0.0,0.0,,7.0,6.0,2.0,29.0,27.0,5.0,20.0,20.0,2.0,1.2508223803265714,0.16981132075471697,0.039215686274509796,0.048661800486618,0.16071428571428573,SYN2024_032,2024,25.213749999999997,226.92374999999998,31.537922791959087,1336.32875,0.9887745098039212,12.366249999999999,111.29624999999999,15.467982260713462,655.41125,0.4849509803921567,6.91625,62.246249999999996,8.65100028793365,366.56125,0.2712254901960784,3.92375,35.31375,4.907914314806384,207.95875,0.1538725490196078,9.966249999999999,89.69624999999999,12.466008547929691,528.21125,0.3908333333333332,0.92125,8.29125,1.152320117875854,48.82625,0.03612745098039215,112.93125,1016.38125,141.25693493825514,5985.356250000001,4.428676470588234,8.770000000000001,78.93,10.969712275464033,464.81000000000006,0.343921568627451,17.17
62.0,52.0,25.33725490196078,15.2,1.0,3.1983449074074075,76.76027777777779,9.0,10.0,25.0,1699.989722222222,9.0,1.0,1273.7416666666666,11.0,0.0,0.0,,2.0,2.0,1.0,38.0,31.0,4.0,22.0,19.0,4.0,2.8139554239931677,0.17307692307692307,0.037969029184038126,0.0617283950617284,0.14516129032258066,SYN2024_033,2024,24.22,217.98,68.15400036911451,1259.44,0.9196098868374034,12.8675,115.8075,36.20857141823208,669.11,0.48856648302561057,6.055,54.495,17.03850009227863,314.86,0.22990247170935085,3.1275,28.1475,8.800645588538632,162.63,0.11874813877307924,8.875,79.875,24.97385438793936,461.5,0.3369751340083384,1.3625,12.262500000000001,3.834014265190691,70.85000000000001,0.05173280226325195,95.055,855.4950000000001,267.4805328276706,4942.860000000001,3.6091460690887445,9.1275,82.1475,25.684378132497635,474.63,0.34656231387730796,17.79
76.0,62.0,20.439344262295077,15.0,1.5,11.036817129629629,264.8836111111111,29.0,18.0,21.0,1398.1783333333333,11.0,8.0,1178.7258333333334,10.0,0.0,0.0,,6.0,5.0,3.0,44.0,34.0,18.0,26.0,23.0,8.0,2.6275691315158336,0.46774193548387094,0.0466432176173727,0.0625,0.3815789473684211,SYN2024_034,2024,25.921666666666667,751.7283333333334,68.11097117077627,1607.1433333333334,1.2090699393383295,12.658333333333331,367.0916666666666,33.26064592310459,784.8166666666666,0.5904253963399093,7.7775,225.54749999999999,20.435918920364397,482.205,0.3627676250191162,4.6866666666666665,135.91333333333333,12.31454066303754,290.5733333333333,0.21860121323342005,11.183333333333332,324.3166666666666,29.384981454118734,693.3666666666666,0.5216266503542847,0.8450000000000001,24.505000000000003,2.2202959161308797,52.39000000000001,0.03941351888667994,146.63749999999996,4252.487499999999,385.30016852265294,9091.524999999998,6.839644823367488,8.756666666666666,253.9433333333333,23.00874702830698,542.9133333333333,0.40843910893612695,17.13
76.0,57.0,22.65357142857143,3.6,1.0,7.077476851851852,169.85944444444445,32.0,26.0,25.0,935.8047222222222,6.0,7.0,1128.0516666666667,10.0,0.0,0.0,,2.0,1.0,1.0,37.0,30.0,13.0,37.0,26.0,18.0,4.521385328392429,0.5614035087719298,0.04227691378529368,0.2173913043478261,0.42105263157894735,SYN2024_035,2024,25.213749999999997,806.8399999999999,114.0010793237546,1437.18375,1.0659595349539484,12.366249999999999,395.71999999999997,55.91258131723287,704.8762499999999,0.5228068850973879,6.91625,221.32,31.27103127749414,394.22625,0.29239770496753736,3.92375,125.56,17.740785682279796,223.65375,0.16588404046504607,9.966249999999999,318.91999999999996,45.06125652909104,568.07625,0.42134229201268303,0.92125,29.48,4.165326233781525,52.511250000000004,0.0389476068247018,112.93125,3613.8,510.60569686701757,6437.08125,4.774384719915447,8.770000000000001,280.64000000000004,39.65254933000161,499.8900000000001,0.3707685338970256,17.08
55.0,48.0,27.75957446808511,15.4,1.0,7.112881944444444,170.70916666666665,15.0,12.0,19.0,777.4027777777777,3.0,8.0,914.0863888888889,14.0,0.0,0.0,,8.0,8.0,2.0,29.0,24.0,8.0,18.0,16.0,5.0,2.108849846961938,0.3125,0.03477102907449878,0.06097560975609757,0.2727272727272727,SYN2024_036,2024,25.213749999999997,378.20624999999995,53.172012828836564,1210.2599999999998,0.8767080343271435,12.366249999999999,185.49374999999998,26.078564419993064,593.5799999999999,0.42998723829252045,6.91625,103.74374999999999,14.585332754050505,331.98,0.24048512983650217,3.92375,58.85625,8.274599587016905,188.34,0.13643282533106457,9.966249999999999,149.49374999999998,21.017324787284412,478.37999999999994,0.3465367685137234,0.92125,13.81875,1.9427779215136856,44.22,0.032032810534882,112.93125,1693.96875,238.15504927972037,5420.700000000001,3.9267357771694904,8.770000000000001,131.55,18.4946131578562,420.96000000000004,0.3049419249833543,14.48
53.0,45.0,29.502272727272725,19.15,0.9,5.2557175925925925,126.13722222222222,11.0,11.0,16.0,493.5052777777778,4.0,0.0,644.1575,6.0,0.0,0.0,,5.0,5.0,1.0,28.0,21.0,6.0,20.0,19.0,4.0,2.0929587266072662,0.24444444444444444,0.03278444229193056,0.04962779156327544,0.20754716981132076,SYN2024_037,2024,26.276666666666667,289.04333333333335,54.99597880615027,1182.45,0.8614658619576288,12.086666666666666,132.95333333333332,25.296894475593156,543.9,0.396254625835134,6.428333333333334,70.71166666666667,13.454236347540377,289.27500000000003,0.2107493231999603,3.4933333333333327,38.42666666666666,7.311402484948049,157.19999999999996,0.11452698507314407,9.316666666666666,102.48333333333333,19.49939880289103,419.25,0.3054417206864864,1.2283333333333333,13.511666666666667,2.570850969182592,55.275,0.04027022328192137,112.69,1239.59,235.85551890137282,5071.05,3.6944788018776547,9.358333333333334,102.94166666666668,19.58660541649967,421.12500000000006,0.30680773911531684,11.35
44.0,40.0,33.25128205128205,16.1,2.9,13.235173611111112,317.6441666666667,10.0,5.0,8.0,503.78,7.0,8.0,1323.2472222222223,9.0,0.0,0.0,,9.0,9.0,5.0,24.0,21.0,3.0,11.0,10.0,2.0,0.7555624349048857,0.25,0.02919598742326696,0.05847953216374269,0.22727272727272727,SYN2024_038,2024,26.025,260.25,19.66351236839965,1041.0,0.7598255726905225,13.320000000000002,133.20000000000002,10.06409163293308,532.8000000000001,0.388890552477916,8.16642857142857,81.6642857142857,6.170246655905398,326.6571428571428,0.2384269458644365,5.006428571428571,50.06428571428571,3.7826693616059597,200.25714285714284,0.14616762560691293,11.602857142857143,116.02857142857144,8.766682994710688,464.11428571428576,0.33875687121682035,1.0178571428571428,10.178571428571427,0.7690546212424729,40.71428571428571,0.02971734434153958,163.30357142857147,1633.0357142857147,123.3860440572354,6532.142857142859,4.767809017603151,8.894285714285713,88.94285714285714,6.7201881710254545,355.77142857142854,0.25967745385322866,15.33
55.0,51.0,25.881999999999998,6.95,0.9,2.101678240740741,50.44027777777778,6.0,13.0,24.0,357.8472222222222,10.0,0.0,1317.441388888889,8.0,0.0,0.0,,5.0,5.0,2.0,30.0,28.0,3.0,20.0,18.0,1.0,2.8548613596938073,0.11764705882352941,0.03719961312402351,0.12578616352201258,0.10909090909090909,SYN2024_039,2024,26.403333333333336,158.42000000000002,75.37785610044884,1346.5700000000002,0.9821937851846343,12.76,76.56,36.42803094969298,650.76,0.47466706346254,5.836666666666666,35.019999999999996,16.66287413607952,297.66999999999996,0.2171217419338839,3.25,19.5,9.278299419004874,165.75,0.12089874265307642,8.78,52.67999999999999,25.065682738111626,447.78,0.32661260322892643,1.8166666666666667,10.9,5.186331470110416,92.65,0.06757929717530939,82.22,493.32,234.72670099402484,4193.22,3.0585521910572133,8.766666666666666,52.599999999999994,25.027617919982376,447.09999999999997,0.32611660838727274,12.01
54.0,40.0,32.63589743589743,12.3,0.9,4.199710648148148,100.79305555555555,14.0,18.0,10.0,286.2,6.0,0.0,987.3825,9.0,0.0,0.0,,6.0,6.0,2.0,38.0,25.0,8.0,10.0,9.0,4.0,3.333562993482245,0.35,0.029730141789907006,0.07518796992481203,0.25925925925925924,SYN2024_040,2024,25.3,354.2,84.3391437351008,1012.0,0.7521725872846473,12.379999999999999,173.32,41.26950985931019,495.19999999999993,0.3680591553590487,6.05,84.7,20.168056110567584,242.0,0.17986735782893737,2.988,41.832,9.960686224524949,119.52,0.08883366366824214,8.754,122.556,29.18201044494357,350.15999999999997,0.2602576612288459,1.1019999999999999,15.427999999999997,3.6735864188174334,44.08,0.03276261625247752,97.14,1359.96,323.8223091868653,3885.6,2.8879859734715665,9.328,130.59199999999998,31.09547560320238,373.12,0.27732276261625255,11.31
29.0,29.0,43.832142857142856,20.2,17.7,5.024629629629629,120.5911111111111,4.0,4.0,11.0,431.8961111111111,2.0,0.0,936.145,3.0,0.0,0.0,,6.0,6.0,2.0,15.0,15.0,1.0,8.0,8.0,1.0,0.796078575903881,0.13793103448275862,0.022305424998008444,0.04716981132075472,0.13793103448275862,SYN2024_041,2024,26.276666666666667,105.10666666666667,20.918291379500978,762.0233333333333,0.5861122175310018,12.086666666666666,48.346666666666664,9.621936387424908,350.5133333333333,0.26959823680926204,6.428333333333334,25.713333333333335,5.117458445435449,186.42166666666668,0.1433867070288643,3.4933333333333327,13.973333333333331,2.780967825157557,101.30666666666664,0.07792028465970949,9.316666666666666,37.266666666666666,7.4167987321711575,270.18333333333334,0.20781220956477867,1.2283333333333333,4.913333333333333,0.9778498507352671,35.62166666666666,0.02739849703922037,112.69,450.76,89.71009471860835,3268.0099999999998,2.5135983430255715,9.358333333333334,37.43333333333334,7.44996867283382,271.3916666666667,0.20874160227302904,9.63
73.0,53.0,22.176923076923075,14.65,0.9,3.196412037037037,76.71388888888889,24.0,26.0,32.0,1755.8200000000002,7.0,6.0,1174.9255555555555,11.0,0.0,0.0,,4.0,4.0,3.0,36.0,27.0,10.0,33.0,22.0,11.0,7.508418727595322,0.4528301886792453,0.0431463657484235,0.06389776357827476,0.3287671232876712,SYN2024_042,2024,24.22,581.28,181.85390158235867,1283.6599999999999,1.0450049784268172,12.8675,308.82,96.6145779773328,681.9775,0.5551858612678394,6.055,145.32,45.46347539558967,320.91499999999996,0.2612512446067043,3.1275,75.06,23.482579570554368,165.7575,0.1349402588781945,8.875,213.0,66.63721620740849,470.375,0.38292399601725857,1.3625,32.7,10.230220516348625,72.2125,0.05878692333222702,95.055,2281.32,713.7127421515734,5037.915,4.101277796216396,9.1275,219.06,68.5330919361263,483.7575,0.3938184533687355,18.34
58.0,50.0,26.43061224489796,22.2,1.7,7.016331018518518,168.39194444444445,11.0,9.0,15.0,654.325,7.0,3.0,868.6744444444445,9.0,0.0,0.0,,2.0,2.0,0.0,42.0,34.0,10.0,14.0,14.0,1.0,1.5677709576368624,0.22,0.03645562086154304,0.04310344827586207,0.1896551724137931,SYN2024_043,2024,25.213749999999997,277.35125,39.52938498311644,1260.6874999999998,0.9191829104977307,12.366249999999999,136.02875,19.387447604876847,618.3125,0.45081932147905657,6.91625,76.07875,10.843095885755949,345.8125,0.25213618778364705,3.92375,43.16125,6.151541295027639,196.1875,0.1430427423554795,9.966249999999999,109.62874999999998,15.624797306548377,498.31249999999994,0.3633258314113533,0.92125,10.133750000000001,1.4443089947229595,46.0625,0.03358474071869653,112.93125,1242.24375,177.05033395962792,5646.5625,4.1169788334201325,8.770000000000001,96.47000000000001,13.749351298475284,438.50000000000006,0.3197157949557325,12.68
82.0,42.0,31.490243902439023,26.1,1.0,3.138148148148148,75.31555555555556,28.0,28.0,52.0,300.00555555555553,4.0,16.0,1126.9744444444445,22.0,0.0,0.0,,1.0,1.0,0.0,46.0,19.0,17.0,35.0,22.0,11.0,8.922459577481412,0.6666666666666666,0.030778470084828473,0.03690036900369004,0.34146341463414637,SYN2024_044,2024,24.22,678.16,216.1019709665998,1017.24,0.7454545454545456,12.8675,360.28999999999996,114.80974861324206,540.435,0.39604196381653034,6.055,169.54,54.02549274164995,254.31,0.1863636363636364,3.1275,87.57,27.904992328573115,131.355,0.09625966519030105,8.875,248.5,79.18682875014753,372.75,0.2731589220028527,1.3625,38.15,12.156851174318424,57.225,0.0419356654905788,95.055,2661.54,848.1243951374956,3992.3100000000004,2.925647473913371,9.1275,255.57,81.43974979346159,383.35499999999996,0.28093048569927187,23.66
36.0,34.0,39.1969696969697,20.2,3.8,6.085138888888889,146.04333333333335,11.0,10.0,8.0,842.7705555555556,6.0,2.0,1126.9183333333333,4.0,0.0,0.0,,0.0,0.0,0.0,27.0,26.0,9.0,9.0,8.0,2.0,1.8076826512678883,0.3235294117647059,0.02487749717301168,0.04716981132075472,0.3055555555555556,SYN2024_045,2024,26.56142857142857,292.17571428571426,48.014633621462636,903.0885714285714,0.6607818641968659,12.381428571428572,136.1957142857143,22.381693626483983,420.9685714285714,0.30801895428356035,6.571428571428571,72.28571428571428,11.879057422617551,223.42857142857142,0.16348069570836246,3.575714285714286,39.332857142857144,6.463756680176464,121.57428571428572,0.08895482203435463,9.464285714285714,104.10714285714285,17.1084250923568,321.7857142857143,0.23544774110171768,1.052857142857143,11.581428571428573,1.903231591406334,35.79714285714286,0.02619245059501373,105.79428571428572,1163.737142857143,191.2424948889925,3597.0057142857145,2.6318970437779328,9.218571428571428,101.4042857142857,16.664251640902403,313.43142857142857,0.22933498465349195,10.4
41.0,40.0,29.02051282051283,19.2,0.9,8.040543981481482,192.97305555555556,14.0,11.0,10.0,832.9380555555556,2.0,0.0,1177.2833333333333,2.0,0.0,0.0,,5.0,5.0,1.0,24.0,23.0,10.0,12.0,12.0,3.0,1.7411757254538989,0.35,0.03331055688418175,0.04950495049504951,0.34146341463414637,SYN2024_046,2024,25.62444444444445,358.74222222222227,44.61666064490869,1024.977777777778,0.8535645142922218,12.69111111111111,177.67555555555555,22.097454595704924,507.64444444444445,0.4227479785901377,7.014444444444444,98.20222222222222,12.213380394211626,280.5777777777778,0.23365505067759929,4.031111111111111,56.43555555555555,7.01887281327416,161.2444444444444,0.13427855597312374,10.036666666666667,140.51333333333335,17.4756003644723,401.4666666666667,0.33432695592757083,0.9155555555555556,12.817777777777778,1.594143108637792,36.62222222222222,0.030497665413961955,135.7888888888889,1901.0444444444445,236.43231711968997,5431.555555555556,4.523203507573168,8.881111111111112,124.33555555555557,15.463575081725573,355.24444444444447,0.29583475686140526,10.36
46.0,41.0,31.160000000000004,19.4,22.1,9.999872685185185,239.99694444444444,10.0,7.0,16.0,899.7627777777778,3.0,6.0,1103.1180555555557,10.0,0.0,0.0,,4.0,4.0,2.0,30.0,27.0,4.0,12.0,10.0,4.0,1.0000127316435743,0.24390243902439024,0.031094527363184077,0.04901960784313726,0.21739130434782608,SYN2024_047,2024,25.947272727272722,259.47272727272724,25.947603078700812,1063.8381818181815,0.8068181818181815,12.552727272727271,125.5272727272727,12.552887089576792,514.6618181818181,0.39032112166440514,7.620000000000001,76.20000000000002,7.6200970151240375,312.42,0.2369402985074627,4.565454545454545,45.654545454545456,4.565512671194573,187.18363636363637,0.14196065128900948,10.965454545454547,109.65454545454547,10.96559415371345,449.5836363636364,0.3409656264133876,0.7490909090909091,7.490909090909091,0.7491004462493684,30.712727272727275,0.02329262777023971,136.17636363636365,1361.7636363636366,136.1780973852887,5583.230909090909,4.234339665309815,8.52818181818182,85.2818181818182,8.528290395953064,349.6554545454546,0.2651797829036635,13.36
32.0,25.0,53.84583333333334,25.4,0.9,11.212488425925926,269.0997222222222,13.0,11.0,8.0,1318.1530555555555,5.0,0.0,1082.5738888888889,1.0,0.0,0.0,,5.0,5.0,3.0,24.0,17.0,9.0,3.0,3.0,1.0,1.159421486664898,0.52,0.018232925624857555,0.03787878787878788,0.40625,SYN2024_048,2024,25.921666666666667,336.9816666666667,30.054137303498596,648.0416666666666,0.4726278204056826,12.658333333333331,164.5583333333333,14.676343652033164,316.45833333333326,0.23079845020132186,7.7775,101.1075,9.017400612536244,194.4375,0.14180657904732963,4.6866666666666665,60.92666666666666,5.433822034169489,117.16666666666666,0.08545164476183241,11.183333333333332,145.38333333333333,12.96619695920244,279.5833333333333,0.20390488490465697,0.8450000000000001,10.985000000000001,0.9797111562318389,21.125000000000004,0.015406822153004636,146.63749999999996,1906.2874999999995,170.01466825082392,3665.937499999999,2.673630631315049,8.756666666666666,113.83666666666666,10.152667484895622,218.91666666666666,0.15965965205500265,12.87
46.0,41.0,31.707500000000003,23.35,1.1,5.235752314814815,125.65805555555556,6.0,9.0,14.0,980.5063888888889,1.0,2.0,1290.298611111111,8.0,0.0,0.0,,5.0,5.0,1.0,30.0,25.0,5.0,11.0,11.0,0.0,1.1459671197628485,0.14634146341463414,0.03057402736375449,0.04106776180698152,0.13043478260869565,SYN2024_049,2024,26.276666666666667,157.66,30.11219601696845,1077.3433333333332,0.8033835256949221,12.086666666666666,72.52,13.850922587533628,495.5533333333333,0.3695380774032459,6.428333333333334,38.57,7.366658634875511,263.56166666666667,0.19654003923666843,3.4933333333333327,20.959999999999997,4.00324513837155,143.22666666666663,0.106805268924049,9.316666666666666,55.9,10.676593665790538,381.98333333333335,0.284848021605646,1.2283333333333333,7.369999999999999,1.4076296121086989,50.361666666666665,0.0375550969451451,112.69,676.14,129.13903472607538,4620.29,3.445387143621493,9.358333333333334,56.150000000000006,10.724342295780659,383.6916666666667,0.2861219394124691,10.33
82.0,60.0,22.001694915254237,5.6,1.4,1.3153587962962963,31.56861111111111,9.0,27.0,19.0,991.6761111111111,9.0,0.0,1222.2619444444445,13.0,0.0,0.0,,11.0,10.0,2.0,43.0,28.0,3.0,28.0,22.0,4.0,6.842239566376588,0.15,0.04347505710706654,0.15151515151515152,0.10975609756097561,SYN2024_050,2024,29.155,262.395,199.48549455770942,1749.3000000000002,1.267515289956525,11.785,106.065,80.63579328974808,707.1,0.5123535480067792,5.43,48.87,37.15336084542487,325.79999999999995,0.2360695600913713,3.0,27.0,20.526718699129763,180.0,0.13042517132119963,8.684999999999999,78.16499999999999,59.424850633980654,521.0999999999999,0.37758087097487286,1.435,12.915000000000001,9.818613777750404,86.10000000000001,0.062386706948640486,108.1,972.9,739.6460971253091,6486.0,4.699653673273893,8.82,79.38,60.34855297544151,529.2,0.3834500036843269,18.01
56.0,46.0,27.268888888888892,17.5,1.5,10.08851851851852,242.12444444444446,18.0,10.0,20.0,1008.7516666666666,7.0,5.0,913.0663888888889,8.0,0.0,0.0,,5.0,5.0,0.0,37.0,28.0,15.0,14.0,13.0,3.0,1.7842064686662504,0.391304347826087,0.03537457747032466,0.05405405405405406,0.32142857142857145,SYN2024_051,2024,25.947272727272722,467.050909090909,46.29529184424737,1193.5745454545452,0.9178738092345511,12.552727272727271,225.94909090909087,22.396657199403258,577.4254545454545,0.444047423372948,7.620000000000001,137.16000000000003,13.59565329123683,350.52000000000004,0.2695542803238739,4.565454545454545,82.17818181818181,8.145713532401736,210.01090909090908,0.16150102550542766,10.965454545454547,197.37818181818184,19.56463493186574,504.4109090909092,0.3878983213155055,0.7490909090909091,13.483636363636364,1.3365328456190821,34.45818181818182,0.02649877439595229,136.17636363636365,2451.1745454545458,242.96674887944758,6264.112727272728,4.8171813250816475,8.52818181818182,153.50727272727275,15.216037165961907,392.2963636363637,0.30168082840828697,15.93
47.0,39.0,32.818421052631585,6.6,1.8,3.215451388888889,77.17083333333333,9.0,12.0,12.0,289.9497222222222,6.0,2.0,194.49305555555554,7.0,0.0,0.0,,3.0,3.0,1.0,30.0,24.0,6.0,14.0,12.0,2.0,2.7989849360185737,0.23076923076923078,0.029569683293128934,0.13157894736842105,0.19148936170212766,SYN2024_052,2024,24.22,217.98,67.79141515036986,944.5799999999999,0.7161777293595828,12.8675,115.8075,36.01593866421899,501.8325,0.38048789977433656,6.055,54.495,16.947853787592464,236.14499999999998,0.1790444323398957,3.1275,28.1475,8.75382538739809,121.9725,0.09247918449926074,8.875,79.875,24.840991307164842,346.125,0.2624309392265193,1.3625,12.262500000000001,3.813616975325307,53.1375,0.040288693486888176,95.055,855.4950000000001,266.0575130932455,3707.1450000000004,2.810746245428371,9.1275,82.1475,25.54773500350953,355.97249999999997,0.26989728425803433,14.98
53.0,43.0,29.792857142857148,18.75,1.2,6.12412037037037,146.9788888888889,10.0,12.0,23.0,1810.616111111111,3.0,5.0,1221.3625,7.0,0.0,0.0,,4.0,4.0,0.0,36.0,27.0,8.0,13.0,12.0,2.0,1.6328875651076118,0.23255813953488372,0.03247506379030387,0.05063291139240506,0.18867924528301888,SYN2024_053,2024,26.56142857142857,265.6142857142857,43.37182642577975,1142.1414285714286,0.8625840872187426,12.381428571428572,123.81428571428572,20.217480752553815,532.4014285714286,0.40208768267223377,6.571428571428571,65.71428571428571,10.730403999278591,282.57142857142856,0.21340756205056827,3.575714285714286,35.75714285714286,5.838739393520504,153.7557142857143,0.11612154952447228,9.464285714285714,94.64285714285714,15.454114455482753,406.96428571428567,0.30735328230109016,1.052857142857143,10.528571428571428,1.719197336406157,45.27285714285715,0.03419160287636279,105.79428571428572,1057.9428571428573,172.75017360229901,4549.154285714286,3.435676177221062,9.218571428571428,92.18571428571428,15.052890653770598,396.3985714285714,0.2993736951983298,9.88
37.0,33.0,36.881249999999994,21.1,70.2,5.070046296296296,121.68111111111111,7.0,7.0,13.0,1139.2508333333333,2.0,1.0,1089.243888888889,4.0,0.0,0.0,,11.0,11.0,2.0,22.0,18.0,3.0,4.0,4.0,2.0,1.3806580040725758,0.21212121212121213,0.026398284111532753,0.04524886877828054,0.1891891891891892,SYN2024_054,2024,26.276666666666667,183.93666666666667,36.279090153680386,867.13,0.693658912170709,12.086666666666666,84.60666666666665,16.68755307589053,398.85999999999996,0.3190672606280592,6.428333333333334,44.998333333333335,8.875329869513209,212.13500000000002,0.16969696969696973,3.4933333333333327,24.45333333333333,4.8230986275601975,115.27999999999999,0.09221800582962107,9.316666666666666,65.21666666666667,12.863130404609498,307.45,0.24594401363911347,1.2283333333333333,8.598333333333333,1.6959082483358139,40.535,0.0324258923169994,112.69,788.8299999999999,155.58635047893856,3718.77,2.974822636528626,9.358333333333334,65.50833333333334,12.920657821445856,308.82500000000005,0.24704394214376071,9.35
43.0,39.0,28.405263157894733,20.6,24.1,9.333020833333334,223.9925,11.0,9.0,14.0,1075.374722222222,2.0,4.0,836.0580555555556,6.0,0.0,0.0,,5.0,5.0,3.0,28.0,25.0,6.0,10.0,9.0,2.0,1.1786108909896535,0.28205128205128205,0.034007517451226064,0.046296296296296294,0.2558139534883721,SYN2024_055,2024,25.689999999999998,282.59,30.278513789524197,1001.9099999999999,0.8736531233219975,12.183,134.013,14.359016484926949,475.137,0.41431358510828714,7.436999999999999,81.80699999999999,8.765329196290052,290.04299999999995,0.2529139072847682,4.294,47.233999999999995,5.060955165909572,167.46599999999998,0.14602827993556472,10.641,117.051,12.541598491020903,414.999,0.36187399319849656,0.8240000000000001,9.064,0.9711753741754746,32.136,0.02802219437981028,142.41,1566.51,167.84597698583656,5553.99,4.843010560229104,8.818999999999999,97.00899999999999,10.394169447637754,343.941,0.2999122964023626,14.97
34.0,29.0,46.332142857142856,33.55,2.2,7.233888888888889,173.61333333333334,7.0,5.0,10.0,417.6633333333333,1.0,1.0,1132.0194444444444,5.0,1.0,1.0,,7.0,7.0,2.0,18.0,15.0,5.0,8.0,6.0,0.0,0.9676676138545427,0.2413793103448276,0.021127291933901757,0.028943560057887122,0.20588235294117646,SYN2024_056,2024,25.213749999999997,176.49624999999997,24.398529298824972,731.1987499999999,0.5326982569984153,12.366249999999999,86.56375,11.966419629828737,358.62125,0.26126537387761256,6.91625,48.41375,6.692631134321481,200.57125,0.14612163283784801,3.92375,27.466250000000002,3.796885799861762,113.78875000000001,0.08289821172564703,9.966249999999999,69.76374999999999,9.644017356577836,289.02124999999995,0.21055987323624836,0.92125,6.44875,0.8914637892634975,26.71625,0.019463517694106994,112.93125,790.5187500000001,109.27991321711083,3275.0062500000004,2.385931487210443,8.770000000000001,61.39000000000001,8.48644497350434,254.33000000000004,0.18528635026031845,13.37
57.0,57.0,23.205357142857142,21.05,3.4,4.326863425925926,103.84472222222223,4.0,7.0,12.0,829.8108333333334,4.0,2.0,1011.6055555555556,13.0,0.0,0.0,,5.0,5.0,1.0,38.0,38.0,2.0,14.0,14.0,1.0,0.924457189018861,0.07017543859649122,0.04131316857248248,0.045351473922902494,0.07017543859649122,SYN2024_057,2024,25.3,101.2,23.388766882177183,1442.1000000000001,1.0452231648838068,12.379999999999999,49.519999999999996,11.444780000053498,705.66,0.5114570269273331,6.05,24.2,5.592965993564109,344.84999999999997,0.24994466986351901,2.988,11.952,2.7622780807883567,170.316,0.12344374769457765,8.754,35.016,8.09269823267111,498.97799999999995,0.36165547768351164,1.1019999999999999,4.4079999999999995,1.0187518222987846,62.81399999999999,0.04552711176687569,97.14,388.56,89.80177134129215,5536.9800000000005,4.013161195130948,9.328,37.312,8.623336659167935,531.6959999999999,0.3853692364441166,10.54
54.0,47.0,28.236956521739124,19.2,1.1,5.869861111111111,140.87666666666667,8.0,8.0,21.0,1724.2447222222222,12.0,1.0,1294.0655555555556,7.0,0.0,0.0,,3.0,3.0,0.0,34.0,29.0,5.0,17.0,15.0,3.0,1.3628942573882594,0.1702127659574468,0.03420328648970184,0.04950495049504951,0.14814814814814814,SYN2024_058,2024,26.56142857142857,212.49142857142857,36.20041846802844,1248.3871428571429,0.9084881510043233,12.381428571428572,99.05142857142857,16.87457789826292,581.9271428571428,0.42348554858035126,6.571428571428571,52.57142857142857,8.956162262837132,308.85714285714283,0.22476445407518353,3.575714285714286,28.60571428571429,4.873320466061163,168.05857142857144,0.12230118011960531,9.464285714285714,75.71428571428571,12.89882065028174,444.82142857142856,0.3237096757061067,1.052857142857143,8.422857142857143,1.4349329538502105,49.48428571428572,0.036011174489871796,105.79428571428572,846.3542857142858,144.18642446449277,4972.331428571429,3.618512263259085,9.218571428571428,73.74857142857142,12.563938061323482,433.2728571428571,0.3153054395972085,14.9
61.0,54.0,24.43396226415095,17.6,1.2,3.1640972222222223,75.93833333333333,12.0,14.0,19.0,1832.006388888889,2.0,3.0,1247.6475,10.0,0.0,0.0,,3.0,3.0,0.0,32.0,27.0,8.0,26.0,24.0,4.0,3.792550973377521,0.2222222222222222,0.03931750741839762,0.05376344086021505,0.19672131147540983,SYN2024_059,2024,24.22,290.64,91.85558457520355,1307.8799999999999,0.9522700296735902,12.8675,154.41,48.80064964993525,694.845,0.5059180267062313,6.055,72.66,22.963896143800888,326.96999999999997,0.23806750741839755,3.1275,37.53,11.861203169238197,168.885,0.12296550445103854,8.875,106.5,33.6588898887255,479.25,0.34894287833827886,1.3625,16.35,5.167350701226873,73.575,0.053570103857566755,95.055,1140.66,360.50093277440027,5132.97,3.7373256676557856,9.1275,109.53,34.616509009503325,492.885,0.35887054896142423,13.13
53.0,48.0,27.451063829787227,18.0,1.5,8.088726851851852,194.12944444444446,13.0,9.0,13.0,1343.0430555555556,3.0,3.0,557.6897222222223,6.0,0.0,0.0,,8.0,8.0,0.0,29.0,25.0,9.0,16.0,15.0,4.0,1.607175052155921,0.2708333333333333,0.035148070595273716,0.05263157894736842,0.24528301886792453,SYN2024_060,2024,25.62444444444445,333.11777777777786,41.18296783646651,1229.9733333333336,0.9006497822980029,12.69111111111111,164.98444444444445,20.396837161916586,609.1733333333333,0.44606806926579595,7.014444444444444,91.18777777777777,11.273440115844808,336.6933333333333,0.24654418851995885,4.031111111111111,52.40444444444444,6.478701210246312,193.4933333333333,0.1416857779107256,10.036666666666667,130.47666666666666,16.130680273471594,481.76,0.35276946854123054,0.9155555555555556,11.902222222222223,1.4714580477516432,43.946666666666665,0.032180011300561716,135.7888888888889,1765.2555555555555,218.23651458219456,6517.866666666667,4.772717452720445,8.881111111111112,115.45444444444446,14.27350021320253,426.2933333333334,0.31215392029780314,13.14
