student_id,timestamp,component,context,event_name
SYN2024_001,2024-10-09 20:02:42,File,Learning material 6.pdf,Course module viewed
SYN2024_001,2024-10-10 13:45:13,Quiz,Quiz: 2,Quiz attempt viewed
SYN2024_001,2024-10-12 19:31:56,Assignment,Assignment: 3,Submission status viewed
SYN2024_001,2024-10-14 18:32:20,Forum,Course forum,Discussion viewed
SYN2024_001,2024-10-15 14:24:55,File,Learning material 4.pdf,Course module viewed
SYN2024_001,2024-10-19 22:01:42,Assignment,Assignment: 3,Submission status viewed
SYN2024_001,2024-10-20 15:18:47,Assignment,Assignment: 2,Submission status viewed
SYN2024_001,2024-10-23 21:08:25,File,Learning material 7.pdf,Course module viewed
SYN2024_001,2024-10-24 15:24:48,Assignment,Assignment: 3,Submission status viewed
SYN2024_001,2024-10-27 14:09:22,File,Learning material 3.pdf,Course module viewed
SYN2024_001,2024-10-27 14:52:51,Assignment,Assignment: 1,Submission status viewed
SYN2024_001,2024-10-27 16:13:12,File,Learning material 4.pdf,Course module viewed
SYN2024_001,2024-10-27 23:59:00,File,Learning material 1.pdf,Course module viewed
SYN2024_001,2024-10-28 18:48:44,Assignment,Assignment: 3,Submission status viewed
SYN2024_001,2024-10-31 14:52:15,File,Learning material 4.pdf,Course module viewed
SYN2024_001,2024-11-02 19:22:28,Assignment,Assignment: 1,Assignment submitted
SYN2024_001,2024-11-06 14:43:13,Quiz,Quiz: 3,Quiz attempt viewed
SYN2024_001,2024-11-13 20:14:24,Assignment,Assignment: 2,Submission status viewed
SYN2024_001,2024-11-15 23:03:27,Assignment,Assignment: 3,Submission status viewed
SYN2024_001,2024-11-16 15:08:57,Assignment,Assignment: 3,Submission status viewed
SYN2024_001,2024-11-17 10:29:25,Assignment,Assignment: 3,Submission status viewed
SYN2024_001,2024-11-17 12:33:32,Quiz,Quiz: 1,Quiz attempt viewed
SYN2024_001,2024-11-19 16:23:52,Assignment,Assignment: 2,Submission status viewed
SYN2024_001,2024-11-21 14:18:46,Quiz,Quiz: 2,Quiz attempt viewed
SYN2024_001,2024-11-22 16:13:54,File,Learning material 1.pdf,Course module viewed
SYN2024_001,2024-11-22 16:16:20,Assignment,Assignment: 3,Submission status viewed
SYN2024_001,2024-11-22 18:55:09,File,Learning material 4.pdf,Course module viewed
SYN2024_001,2024-11-22 21:24:10,File,Learning material 7.pdf,Course module viewed
SYN2024_001,2024-11-22 21:27:37,Assignment,Assignment: 3,Assignment submitted
SYN2024_001,2024-11-23 18:52:47,Assignment,Assignment: 3,Submission status viewed
SYN2024_001,2024-11-24 13:32:51,Assignment,Assignment: 1,Submission status viewed
SYN2024_001,2024-11-24 13:43:20,File,Learning material 3.pdf,Course module viewed
SYN2024_001,2024-11-24 14:22:58,Assignment,Assignment: 2,Submission status viewed
SYN2024_001,2024-11-24 17:15:02,Assignment,Assignment: 2,Assignment submitted
SYN2024_001,2024-11-24 18:42:07,Assignment,Assignment: 1,Submission status viewed
SYN2024_001,2024-11-24 20:58:09,File,Learning material 4.pdf,Course module viewed
SYN2024_001,2024-11-24 21:37:03,Assignment,Assignment: 2,Submission status viewed
SYN2024_001,2024-11-25 12:36:04,File,Learning material 2.pdf,Course module viewed
SYN2024_001,2024-11-25 15:33:13,File,Learning material 8.pdf,Course module viewed
SYN2024_001,2024-11-25 16:16:08,Forum,Course forum,Discussion viewed
SYN2024_001,2024-11-26 19:55:46,Quiz,Quiz: 1,Quiz attempt viewed
SYN2024_001,2024-11-27 09:05:06,File,Learning material 6.pdf,Course module viewed
SYN2024_001,2024-11-27 14:26:24,File,Learning material 3.pdf,Course module viewed
SYN2024_001,2024-11-27 16:09:33,File,Learning material 2.pdf,Course module viewed
SYN2024_001,2024-11-27 20:53:20,Quiz,Quiz: 3,Quiz attempt viewed
SYN2024_001,2024-11-27 23:15:56,Assignment,Assignment: 3,Submission status viewed
SYN2024_001,2024-11-28 17:44:21,Quiz,Quiz: 1,Quiz attempt viewed
SYN2024_001,2024-11-28 18:04:44,File,Learning material 5.pdf,Course module viewed
SYN2024_001,2024-11-28 19:39:46,Assignment,Assignment: 2,Submission status viewed
SYN2024_001,2024-11-29 09:56:47,File,Learning material 3.pdf,Course module viewed
SYN2024_001,2024-11-29 15:33:05,Forum,Course forum,Discussion viewed
SYN2024_001,2024-11-29 17:05:09,File,Learning material 2.pdf,Course module viewed
SYN2024_001,2024-11-30 17:09:33,File,Learning material 1.pdf,Course module viewed
SYN2024_001,2024-11-30 18:28:02,File,Learning material 2.pdf,Course module viewed
SYN2024_001,2024-12-01 08:36:58,File,Learning material 6.pdf,Course module viewed
SYN2024_001,2024-12-01 10:52:09,Quiz,Quiz: 1,Quiz attempt viewed
SYN2024_001,2024-12-02 15:01:39,Forum,Course forum,Discussion viewed
SYN2024_001,2024-12-02 16:48:54,Quiz,Quiz: 2,Quiz attempt viewed
SYN2024_001,2024-12-02 17:53:54,Forum,Course forum,Discussion viewed
SYN2024_001,2024-12-02 18:25:27,Assignment,Assignment: 3,Submission status viewed
SYN2024_002,2024-10-10 10:37:47,Quiz,Quiz: 2,Quiz attempt viewed
SYN2024_002,2024-10-12 13:59:35,Assignment,Assignment: 2,Submission status viewed
SYN2024_002,2024-10-16 18:41:13,File,Learning material 7.pdf,Course module viewed
SYN2024_002,2024-10-17 14:02:09,Assignment,Assignment: 1,Submission status viewed
SYN2024_002,2024-10-19 17:25:40,File,Learning material 3.pdf,Course module viewed
SYN2024_002,2024-10-20 13:15:03,File,Learning material 1.pdf,Course module viewed
SYN2024_002,2024-10-24 13:38:05,Assignment,Assignment: 2,Submission status viewed
SYN2024_002,2024-10-24 14:49:02,Assignment,Assignment: 2,Submission status viewed
SYN2024_002,2024-11-03 14:10:19,Quiz,Quiz: 3,Quiz attempt viewed
SYN2024_002,2024-11-03 17:41:28,Assignment,Assignment: 1,Submission status viewed
SYN2024_002,2024-11-04 11:49:43,File,Learning material 2.pdf,Course module viewed
SYN2024_002,2024-11-04 13:12:18,Quiz,Quiz: 2,Quiz attempt viewed
SYN2024_002,2024-11-05 12:48:46,Quiz,Quiz: 3,Quiz attempt viewed
SYN2024_002,2024-11-07 14:02:39,Assignment,Assignment: 3,Submission status viewed
SYN2024_002,2024-11-07 18:55:53,Assignment,Assignment: 1,Assignment submitted
SYN2024_002,2024-11-16 19:17:48,Assignment,Assignment: 3,Assignment submitted
SYN2024_002,2024-11-17 12:01:33,Quiz,Quiz: 1,Quiz attempt viewed
SYN2024_002,2024-11-17 14:48:05,Assignment,Assignment: 1,Submission status viewed
SYN2024_002,2024-11-18 09:21:37,File,Learning material 6.pdf,Course module viewed
SYN2024_002,2024-11-18 15:59:07,File,Learning material 3.pdf,Course module viewed
SYN2024_002,2024-11-19 19:25:26,File,Learning material 1.pdf,Course module viewed
SYN2024_002,2024-11-21 16:58:35,Assignment,Assignment: 2,Submission status viewed
SYN2024_002,2024-11-22 10:15:35,File,Learning material 1.pdf,Course module viewed
SYN2024_002,2024-11-22 10:48:58,Assignment,Assignment: 1,Submission status viewed
SYN2024_002,2024-11-23 11:24:46,File,Learning material 5.pdf,Course module viewed
SYN2024_002,2024-11-24 14:31:21,Assignment,Assignment: 3,Submission status viewed
SYN2024_002,2024-11-25 11:19:06,Forum,Course forum,Discussion viewed
SYN2024_002,2024-11-26 15:10:38,File,Learning material 6.pdf,Course module viewed
SYN2024_002,2024-11-26 15:18:41,File,Learning material 5.pdf,Course module viewed
SYN2024_002,2024-11-28 18:17:45,Assignment,Assignment: 2,Assignment submitted
SYN2024_002,2024-11-29 17:06:55,Quiz,Quiz: 3,Quiz attempt viewed
SYN2024_002,2024-11-29 17:24:53,File,Learning material 7.pdf,Course module viewed
SYN2024_002,2024-12-01 16:04:12,File,Learning material 2.pdf,Course module viewed
SYN2024_003,2024-10-09 13:57:22,File,Learning material 3.pdf,Course module viewed
SYN2024_003,2024-10-12 09:33:00,File,Learning material 1.pdf,Course module viewed
SYN2024_003,2024-10-14 17:52:41,File,Learning material 3.pdf,Course module viewed
SYN2024_003,2024-10-15 14:01:32,File,Learning material 7.pdf,Course module viewed
SYN2024_003,2024-10-16 12:49:21,File,Learning material 7.pdf,Course module viewed
SYN2024_003,2024-10-16 17:58:29,Assignment,Assignment: 1,Submission status viewed
SYN2024_003,2024-10-17 16:03:28,File,Learning material 8.pdf,Course module viewed
SYN2024_003,2024-10-18 17:57:40,Quiz,Quiz: 2,Quiz attempt viewed
SYN2024_003,2024-10-19 15:13:29,Quiz,Quiz: 3,Quiz attempt viewed
SYN2024_003,2024-10-21 14:48:16,Forum,Course forum,Discussion viewed
SYN2024_003,2024-10-25 21:32:27,Assignment,Assignment: 3,Submission status viewed
SYN2024_003,2024-10-29 14:47:39,Quiz,Quiz: 2,Quiz attempt viewed
SYN2024_003,2024-10-31 10:24:09,Assignment,Assignment: 3,Submission status viewed
SYN2024_003,2024-11-01 10:42:32,File,Learning material 3.pdf,Course module viewed
SYN2024_003,2024-11-01 19:08:44,Assignment,Assignment: 3,Assignment submitted
SYN2024_003,2024-11-02 16:17:37,Assignment,Assignment: 1,Submission status viewed
SYN2024_003,2024-11-06 20:51:20,File,Learning material 6.pdf,Course module viewed
SYN2024_003,2024-11-07 21:23:10,Assignment,Assignment: 1,Assignment submitted
SYN2024_003,2024-11-08 14:46:50,File,Learning material 1.pdf,Course module viewed
SYN2024_003,2024-11-09 11:43:46,File,Learning material 5.pdf,Course module viewed
SYN2024_003,2024-11-10 16:35:08,Forum,Course forum,Discussion viewed
SYN2024_003,2024-11-12 13:38:42,Assignment,Assignment: 3,Submission status viewed
SYN2024_003,2024-11-16 18:47:30,Forum,Course forum,Discussion viewed
SYN2024_003,2024-11-17 10:52:16,Forum,Course forum,Discussion viewed
SYN2024_003,2024-11-17 13:30:21,Assignment,Assignment: 2,Submission status viewed
SYN2024_003,2024-11-18 15:30:10,Assignment,Assignment: 2,Submission status viewed
SYN2024_003,2024-11-18 17:00:18,File,Learning material 6.pdf,Course module viewed
SYN2024_003,2024-11-18 23:26:45,Assignment,Assignment: 3,Submission status viewed
SYN2024_003,2024-11-19 12:12:58,File,Learning material 7.pdf,Course module viewed
SYN2024_003,2024-11-19 13:32:43,Quiz,Quiz: 2,Quiz attempt viewed
SYN2024_003,2024-11-20 16:42:23,File,Learning material 5.pdf,Course module viewed
SYN2024_003,2024-11-21 14:44:21,Assignment,Assignment: 2,Submission status viewed
SYN2024_003,2024-11-23 07:43:30,File,Learning material 2.pdf,Course module viewed
SYN2024_003,2024-11-23 14:03:57,File,Learning material 4.pdf,Course module viewed
SYN2024_003,2024-11-23 16:05:33,File,Learning material 1.pdf,Course module viewed
SYN2024_003,2024-11-23 16:17:21,File,Learning material 8.pdf,Course module viewed
SYN2024_003,2024-11-25 13:31:05,Assignment,Assignment: 3,Submission status viewed
SYN2024_003,2024-11-25 14:24:08,File,Learning material 6.pdf,Course module viewed
SYN2024_003,2024-11-25 15:43:20,File,Learning material 2.pdf,Course module viewed
SYN2024_003,2024-11-25 16:00:49,File,Learning material 7.pdf,Course module viewed
SYN2024_003,2024-11-25 16:07:06,File,Learning material 8.pdf,Course module viewed
SYN2024_003,2024-11-25 16:22:34,Quiz,Quiz: 2,Quiz attempt viewed
SYN2024_003,2024-11-26 14:51:59,Quiz,Quiz: 1,Quiz attempt viewed
SYN2024_003,2024-11-26 18:04:25,Assignment,Assignment: 2,Submission status viewed
SYN2024_003,2024-11-26 20:12:25,File,Learning material 3.pdf,Course module viewed
SYN2024_003,2024-11-26 21:06:42,File,Learning material 6.pdf,Course module viewed
SYN2024_003,2024-11-27 14:05:28,File,Learning material 1.pdf,Course module viewed
SYN2024_003,2024-11-27 17:52:27,Forum,Course forum,Discussion viewed
SYN2024_003,2024-11-28 17:17:09,Assignment,Assignment: 2,Assignment submitted
SYN2024_003,2024-11-28 17:27:18,File,Learning material 5.pdf,Course module viewed
SYN2024_003,2024-11-29 13:51:38,File,Learning material 6.pdf,Course module viewed
SYN2024_003,2024-11-29 15:09:50,File,Learning material 5.pdf,Course module viewed
SYN2024_003,2024-11-29 17:04:13,Forum,Course forum,Discussion viewed
SYN2024_003,2024-11-29 17:27:40,Assignment,Assignment: 3,Submission status viewed
SYN2024_003,2024-11-29 17:33:42,Assignment,Assignment: 3,Submission status viewed
SYN2024_003,2024-11-30 14:11:12,File,Learning material 5.pdf,Course module viewed
SYN2024_003,2024-11-30 17:07:19,File,Learning material 5.pdf,Course module viewed
SYN2024_003,2024-11-30 17:47:48,Quiz,Quiz: 3,Quiz attempt viewed
SYN2024_003,2024-12-01 12:05:33,Quiz,Quiz: 1,Quiz attempt viewed
SYN2024_003,2024-12-01 17:05:41,File,Learning material 2.pdf,Course module viewed
SYN2024_003,2024-12-02 13:09:30,Quiz,Quiz: 1,Quiz attempt viewed
SYN2024_003,2024-12-02 21:01:48,File,Learning material 7.pdf,Course module viewed
SYN2024_004,2024-10-10 14:02:32,File,Learning material 7.pdf,Course module viewed
SYN2024_004,2024-10-18 14:03:38,File,Learning material 1.pdf,Course module viewed
SYN2024_004,2024-10-28 13:50:17,Assignment,Assignment: 2,Submission status viewed
SYN2024_004,2024-10-31 14:58:39,File,Learning material 4.pdf,Course module viewed
SYN2024_004,2024-10-31 17:15:48,Assignment,Assignment: 2,Assignment submitted
SYN2024_004,2024-11-02 23:14:08,Assignment,Assignment: 3,Submission status viewed
SYN2024_004,2024-11-03 18:49:39,Assignment,Assignment: 2,Submission status viewed
SYN2024_004,2024-11-05 18:40:01,Assignment,Assignment: 3,Assignment submitted
SYN2024_004,2024-11-05 21:09:10,File,Learning material 8.pdf,Course module viewed
SYN2024_004,2024-11-06 18:26:16,Forum,Course forum,Discussion viewed
SYN2024_004,2024-11-09 16:38:01,Quiz,Quiz: 3,Quiz attempt viewed
SYN2024_004,2024-11-09 17:22:14,File,Learning material 4.pdf,Course module viewed
SYN2024_004,2024-11-09 21:43:20,File,Learning material 5.pdf,Course module viewed
SYN2024_004,2024-11-11 15:06:20,File,Learning material 7.pdf,Course module viewed
SYN2024_004,2024-11-14 16:52:21,File,Learning material 5.pdf,Course module viewed
SYN2024_004,2024-11-18 14:06:28,Assignment,Assignment: 3,Submission status viewed
SYN2024_004,2024-11-18 18:51:25,File,Learning material 8.pdf,Course module viewed
SYN2024_004,2024-11-19 15:42:36,Assignment,Assignment: 1,Submission status viewed
SYN2024_004,2024-11-22 14:46:47,Assignment,Assignment: 2,Submission status viewed
SYN2024_004,2024-11-23 17:46:17,File,Learning material 3.pdf,Course module viewed
SYN2024_004,2024-11-23 18:06:33,Assignment,Assignment: 1,Assignment submitted
SYN2024_004,2024-11-28 15:51:01,File,Learning material 7.pdf,Course module viewed
SYN2024_004,2024-11-29 08:20:49,File,Learning material 1.pdf,Course module viewed
SYN2024_004,2024-11-29 09:44:01,File,Learning material 3.pdf,Course module viewed
SYN2024_004,2024-11-29 15:21:13,File,Learning material 5.pdf,Course module viewed
SYN2024_004,2024-11-29 15:46:53,File,Learning material 2.pdf,Course module viewed
SYN2024_004,2024-11-29 15:56:15,File,Learning material 1.pdf,Course module viewed
SYN2024_004,2024-11-29 16:14:39,File,Learning material 8.pdf,Course module viewed
SYN2024_004,2024-11-29 17:39:47,File,Learning material 6.pdf,Course module viewed
SYN2024_004,2024-11-29 19:03:46,File,Learning material 4.pdf,Course module viewed
SYN2024_004,2024-11-29 19:33:04,File,Learning material 6.pdf,Course module viewed
SYN2024_004,2024-11-29 20:10:47,File,Learning material 1.pdf,Course module viewed
SYN2024_004,2024-11-29 21:35:55,File,Learning material 8.pdf,Course module viewed
SYN2024_004,2024-11-29 21:51:05,File,Learning material 7.pdf,Course module viewed
SYN2024_004,2024-11-29 22:08:37,Quiz,Quiz: 3,Quiz attempt viewed
SYN2024_004,2024-11-30 13:18:28,File,Learning material 5.pdf,Course module viewed
SYN2024_004,2024-11-30 13:53:51,File,Learning material 5.pdf,Course module viewed
SYN2024_004,2024-11-30 14:03:45,Forum,Course forum,Discussion viewed
SYN2024_004,2024-11-30 14:55:22,File,Learning material 8.pdf,Course module viewed
SYN2024_004,2024-11-30 15:40:18,File,Learning material 4.pdf,Course module viewed
SYN2024_004,2024-11-30 16:23:42,Quiz,Quiz: 3,Quiz attempt viewed
SYN2024_004,2024-11-30 16:43:41,Assignment,Assignment: 2,Submission status viewed
SYN2024_004,2024-11-30 17:17:42,File,Learning material 3.pdf,Course module viewed
SYN2024_004,2024-11-30 19:09:47,Assignment,Assignment: 2,Submission status viewed
SYN2024_004,2024-12-01 16:05:53,File,Learning material 5.pdf,Course module viewed
SYN2024_004,2024-12-01 16:36:35,Assignment,Assignment: 1,Submission status viewed
SYN2024_004,2024-12-01 16:40:56,Assignment,Assignment: 1,Submission status viewed
SYN2024_004,2024-12-01 20:32:43,Assignment,Assignment: 2,Submission status viewed
SYN2024_004,2024-12-01 20:59:42,File,Learning material 8.pdf,Course module viewed
SYN2024_004,2024-12-01 22:24:49,File,Learning material 1.pdf,Course module viewed
SYN2024_004,2024-12-02 11:26:04,File,Learning material 3.pdf,Course module viewed
SYN2024_004,2024-12-02 15:30:52,Quiz,Quiz: 2,Quiz attempt viewed
SYN2024_004,2024-12-02 16:43:13,Quiz,Quiz: 3,Quiz attempt viewed
SYN2024_004,2024-12-02 16:55:01,File,Learning material 5.pdf,Course module viewed
SYN2024_004,2024-12-02 17:12:36,Quiz,Quiz: 2,Quiz attempt viewed
SYN2024_004,2024-12-02 19:24:51,File,Learning material 4.pdf,Course module viewed
SYN2024_004,2024-12-02 20:19:45,File,Learning material 1.pdf,Course module viewed
SYN2024_004,2024-12-02 20:47:00,Forum,Course forum,Discussion viewed
SYN2024_004,2024-12-02 22:08:59,File,Learning material 8.pdf,Course module viewed
SYN2024_004,2024-12-02 23:49:08,File,Learning material 3.pdf,Course module viewed
SYN2024_004,2024-12-02 23:57:13,File,Learning material 6.pdf,Course module viewed
SYN2024_005,2024-10-09 17:21:45,Quiz,Quiz: 3,Quiz attempt viewed
SYN2024_005,2024-10-12 19:25:40,Assignment,Assignment: 2,Submission status viewed
SYN2024_005,2024-10-18 18:56:30,Quiz,Quiz: 2,Quiz attempt viewed
SYN2024_005,2024-10-20 12:01:22,File,Learning material 8.pdf,Course module viewed
SYN2024_005,2024-10-24 11:09:42,File,Learning material 6.pdf,Course module viewed
SYN2024_005,2024-10-26 13:57:28,File,Learning material 6.pdf,Course module viewed
SYN2024_005,2024-10-27 11:45:28,File,Learning material 6.pdf,Course module viewed
SYN2024_005,2024-10-27 16:21:39,Assignment,Assignment: 1,Submission status viewed
SYN2024_005,2024-10-30 17:20:53,File,Learning material 1.pdf,Course module viewed
SYN2024_005,2024-10-31 13:10:55,File,Learning material 6.pdf,Course module viewed
SYN2024_005,2024-11-01 12:02:57,Assignment,Assignment: 1,Submission status viewed
SYN2024_005,2024-11-01 19:11:59,File,Learning material 5.pdf,Course module viewed
SYN2024_005,2024-11-04 06:16:42,File,Learning material 2.pdf,Course module viewed
SYN2024_005,2024-11-04 12:53:23,Quiz,Quiz: 1,Quiz attempt viewed
SYN2024_005,2024-11-05 21:02:10,Assignment,Assignment: 1,Assignment submitted
SYN2024_005,2024-11-11 14:02:55,File,Learning material 8.pdf,Course module viewed
SYN2024_005,2024-11-12 13:21:51,File,Learning material 5.pdf,Course module viewed
SYN2024_005,2024-11-12 17:01:09,Quiz,Quiz: 3,Quiz attempt viewed
SYN2024_005,2024-11-15 12:41:45,Assignment,Assignment: 3,Submission status viewed
SYN2024_005,2024-11-15 18:31:13,File,Learning material 1.pdf,Course module viewed
SYN2024_005,2024-11-17 07:12:20,File,Learning material 4.pdf,Course module viewed
SYN2024_005,2024-11-17 17:29:43,Assignment,Assignment: 2,Submission status viewed
SYN2024_005,2024-11-21 15:17:16,File,Learning material 4.pdf,Course module viewed
SYN2024_005,2024-11-22 23:48:29,Assignment,Assignment: 2,Assignment submitted
SYN2024_005,2024-11-23 18:46:07,Assignment,Assignment: 3,Submission status viewed
SYN2024_005,2024-11-26 14:50:14,File,Learning material 6.pdf,Course module viewed
SYN2024_005,2024-11-26 19:33:05,File,Learning material 1.pdf,Course module viewed
SYN2024_005,2024-11-27 13:31:32,Assignment,Assignment: 2,Submission status viewed
SYN2024_005,2024-11-27 14:33:49,Forum,Course forum,Discussion viewed
SYN2024_005,2024-11-27 20:00:29,Quiz,Quiz: 2,Quiz attempt viewed
SYN2024_005,2024-11-27 20:39:42,File,Learning material 7.pdf,Course module viewed
SYN2024_005,2024-11-28 13:38:12,Assignment,Assignment: 2,Submission status viewed
SYN2024_005,2024-11-28 14:14:46,Assignment,Assignment: 3,Assignment submitted
SYN2024_005,2024-11-28 16:58:44,Assignment,Assignment: 2,Submission status viewed
SYN2024_005,2024-11-28 17:00:57,File,Learning material 7.pdf,Course module viewed
SYN2024_005,2024-11-28 17:39:33,File,Learning material 8.pdf,Course module viewed
SYN2024_005,2024-11-29 12:10:52,Assignment,Assignment: 3,Submission status viewed
SYN2024_005,2024-11-29 14:03:57,File,Learning material 2.pdf,Course module viewed
SYN2024_005,2024-11-29 16:27:25,File,Learning material 6.pdf,Course module viewed
SYN2024_005,2024-11-30 05:29:48,Assignment,Assignment: 1,Submission status viewed
SYN2024_005,2024-11-30 12:09:17,Assignment,Assignment: 1,Submission status viewed
SYN2024_005,2024-12-01 15:17:43,File,Learning material 7.pdf,Course module viewed
SYN2024_005,2024-12-01 16:32:03,Forum,Course forum,Discussion viewed
SYN2024_005,2024-12-01 17:32:29,File,Learning material 2.pdf,Course module viewed
SYN2024_005,2024-12-01 18:35:36,Forum,Course forum,Discussion viewed
SYN2024_005,2024-12-02 21:26:14,File,Learning material 4.pdf,Course module viewed
SYN2024_006,2024-10-09 20:46:00,File,Learning material 8.pdf,Course module viewed
SYN2024_006,2024-10-11 17:57:29,Quiz,Quiz: 1,Quiz attempt viewed
SYN2024_006,2024-10-13 09:54:37,Quiz,Quiz: 3,Quiz attempt viewed
SYN2024_006,2024-10-15 13:20:22,File,Learning material 3.pdf,Course module viewed
SYN2024_006,2024-10-16 12:54:52,File,Learning material 2.pdf,Course module viewed
SYN2024_006,2024-10-20 15:08:47,Quiz,Quiz: 3,Quiz attempt viewed
SYN2024_006,2024-10-24 17:46:05,File,Learning material 1.pdf,Course module viewed
SYN2024_006,2024-10-25 12:42:10,Assignment,Assignment: 3,Submission status viewed
SYN2024_006,2024-10-26 14:17:22,File,Learning material 7.pdf,Course module viewed
SYN2024_006,2024-10-27 18:36:18,Forum,Course forum,Discussion viewed
SYN2024_006,2024-10-30 16:14:58,Quiz,Quiz: 1,Quiz attempt viewed
SYN2024_006,2024-10-30 23:09:52,Assignment,Assignment: 1,Submission status viewed
SYN2024_006,2024-11-01 13:22:33,File,Learning material 5.pdf,Course module viewed
SYN2024_006,2024-11-03 17:13:17,File,Learning material 2.pdf,Course module viewed
SYN2024_006,2024-11-04 13:16:41,Assignment,Assignment: 2,Submission status viewed
SYN2024_006,2024-11-04 14:17:06,Assignment,Assignment: 3,Submission status viewed
SYN2024_006,2024-11-04 15:19:16,File,Learning material 3.pdf,Course module viewed
SYN2024_006,2024-11-04 16:29:42,Forum,Course forum,Discussion viewed
SYN2024_006,2024-11-05 15:51:51,Assignment,Assignment: 1,Assignment submitted
SYN2024_006,2024-11-05 22:04:15,Forum,Course forum,Discussion viewed
SYN2024_006,2024-11-06 13:39:43,File,Learning material 4.pdf,Course module viewed
SYN2024_006,2024-11-07 10:30:48,Assignment,Assignment: 3,Submission status viewed
SYN2024_006,2024-11-12 19:16:33,Assignment,Assignment: 3,Assignment submitted
SYN2024_006,2024-11-13 19:17:20,File,Learning material 8.pdf,Course module viewed
SYN2024_006,2024-11-14 12:34:35,File,Learning material 4.pdf,Course module viewed
SYN2024_006,2024-11-14 21:51:00,Assignment,Assignment: 2,Submission status viewed
SYN2024_006,2024-11-14 22:59:31,Forum,Course forum,Discussion viewed
SYN2024_006,2024-11-17 12:55:48,Assignment,Assignment: 2,Assignment submitted
SYN2024_006,2024-11-18 16:46:00,File,Learning material 7.pdf,Course module viewed
SYN2024_006,2024-11-19 15:07:53,File,Learning material 5.pdf,Course module viewed
SYN2024_006,2024-11-21 17:23:07,File,Learning material 6.pdf,Course module viewed
SYN2024_006,2024-11-22 20:51:10,File,Learning material 6.pdf,Course module viewed
SYN2024_006,2024-11-26 13:51:23,File,Learning material 7.pdf,Course module viewed
SYN2024_006,2024-11-26 15:04:11,Quiz,Quiz: 2,Quiz attempt viewed
SYN2024_006,2024-11-26 15:52:36,File,Learning material 8.pdf,Course module viewed
SYN2024_006,2024-11-26 16:01:12,File,Learning material 3.pdf,Course module viewed
SYN2024_006,2024-11-26 18:04:37,Forum,Course forum,Discussion viewed
SYN2024_006,2024-11-26 19:36:27,File,Learning material 1.pdf,Course module viewed
SYN2024_006,2024-11-28 09:16:59,File,Learning material 8.pdf,Course module viewed
SYN2024_006,2024-11-28 10:36:14,Assignment,Assignment: 3,Submission status viewed
SYN2024_006,2024-11-28 16:57:28,Assignment,Assignment: 3,Submission status viewed
SYN2024_006,2024-11-29 11:27:11,File,Learning material 8.pdf,Course module viewed
SYN2024_006,2024-11-29 13:23:20,Quiz,Quiz: 3,Quiz attempt viewed
SYN2024_006,2024-11-29 19:58:59,File,Learning material 7.pdf,Course module viewed
SYN2024_006,2024-11-30 08:53:02,Quiz,Quiz: 3,Quiz attempt viewed
SYN2024_006,2024-11-30 09:06:43,Quiz,Quiz: 3,Quiz attempt viewed
SYN2024_006,2024-11-30 09:13:29,Quiz,Quiz: 2,Quiz attempt viewed
SYN2024_006,2024-11-30 13:10:58,Assignment,Assignment: 1,Submission status viewed
SYN2024_006,2024-11-30 16:34:22,File,Learning material 4.pdf,Course module viewed
SYN2024_006,2024-11-30 17:23:03,File,Learning material 4.pdf,Course module viewed
SYN2024_006,2024-11-30 17:29:29,File,Learning material 7.pdf,Course module viewed
SYN2024_006,2024-11-30 17:49:17,File,Learning material 7.pdf,Course module viewed
SYN2024_006,2024-11-30 17:54:28,File,Learning material 3.pdf,Course module viewed
SYN2024_006,2024-11-30 18:28:42,File,Learning material 7.pdf,Course module viewed
SYN2024_006,2024-11-30 18:47:10,Assignment,Assignment: 2,Submission status viewed
SYN2024_006,2024-12-01 12:52:59,File,Learning material 1.pdf,Course module viewed
SYN2024_006,2024-12-01 13:14:53,Assignment,Assignment: 2,Submission status viewed
SYN2024_006,2024-12-01 17:54:12,Forum,Course forum,Discussion viewed
SYN2024_006,2024-12-02 08:53:51,File,Learning material 1.pdf,Course module viewed
SYN2024_006,2024-12-02 10:00:48,Assignment,Assignment: 1,Submission status viewed
SYN2024_006,2024-12-02 14:13:58,File,Learning material 6.pdf,Course module viewed
SYN2024_006,2024-12-02 14:22:42,File,Learning material 6.pdf,Course module viewed
SYN2024_006,2024-12-02 19:07:20,Quiz,Quiz: 3,Quiz attempt viewed
SYN2024_007,2024-10-09 15:02:37,Quiz,Quiz: 1,Quiz attempt viewed
SYN2024_007,2024-10-18 15:23:27,File,Learning material 1.pdf,Course module viewed
SYN2024_007,2024-10-26 13:57:58,Assignment,Assignment: 2,Submission status viewed
SYN2024_007,2024-10-28 12:25:16,Assignment,Assignment: 2,Submission status viewed
SYN2024_007,2024-10-29 13:42:39,Quiz,Quiz: 3,Quiz attempt viewed
SYN2024_007,2024-10-30 15:45:41,Forum,Course forum,Discussion viewed
SYN2024_007,2024-10-31 14:01:36,Quiz,Quiz: 2,Quiz attempt viewed
SYN2024_007,2024-11-01 14:44:28,File,Learning material 4.pdf,Course module viewed
SYN2024_007,2024-11-01 17:26:27,File,Learning material 8.pdf,Course module viewed
SYN2024_007,2024-11-05 20:49:49,Assignment,Assignment: 2,Assignment submitted
SYN2024_007,2024-11-06 15:49:59,File,Learning material 6.pdf,Course module viewed
SYN2024_007,2024-11-06 18:52:22,Assignment,Assignment: 1,Submission status viewed
SYN2024_007,2024-11-07 13:18:36,Assignment,Assignment: 3,Submission status viewed
SYN2024_007,2024-11-11 12:30:27,Assignment,Assignment: 2,Submission status viewed
SYN2024_007,2024-11-12 12:00:44,File,Learning material 4.pdf,Course module viewed
SYN2024_007,2024-11-12 12:46:05,Quiz,Quiz: 1,Quiz attempt viewed
SYN2024_007,2024-11-13 11:19:34,Assignment,Assignment: 1,Submission status viewed
SYN2024_007,2024-11-13 16:40:38,Assignment,Assignment: 3,Assignment submitted
SYN2024_007,2024-11-14 12:04:18,File,Learning material 7.pdf,Course module viewed
SYN2024_007,2024-11-15 18:45:44,Assignment,Assignment: 2,Submission status viewed
SYN2024_007,2024-11-16 07:59:34,File,Learning material 1.pdf,Course module viewed
SYN2024_007,2024-11-18 17:39:50,File,Learning material 5.pdf,Course module viewed
SYN2024_007,2024-11-18 17:58:42,Quiz,Quiz: 3,Quiz attempt viewed
SYN2024_007,2024-11-20 12:50:37,File,Learning material 1.pdf,Course module viewed
SYN2024_007,2024-11-20 14:17:12,File,Learning material 3.pdf,Course module viewed
SYN2024_007,2024-11-20 17:15:15,File,Learning material 7.pdf,Course module viewed
SYN2024_007,2024-11-21 13:22:15,File,Learning material 6.pdf,Course module viewed
SYN2024_007,2024-11-21 13:29:53,File,Learning material 8.pdf,Course module viewed
SYN2024_007,2024-11-21 18:51:26,Assignment,Assignment: 1,Assignment submitted
SYN2024_007,2024-11-24 10:35:37,File,Learning material 6.pdf,Course module viewed
SYN2024_007,2024-11-24 11:17:09,Quiz,Quiz: 1,Quiz attempt viewed
SYN2024_007,2024-11-25 12:47:00,Forum,Course forum,Discussion viewed
SYN2024_007,2024-11-25 13:33:47,File,Learning material 1.pdf,Course module viewed
SYN2024_007,2024-11-26 07:01:19,File,Learning material 1.pdf,Course module viewed
SYN2024_007,2024-11-26 15:45:40,Assignment,Assignment: 1,Submission status viewed
SYN2024_007,2024-11-26 16:21:08,Forum,Course forum,Discussion viewed
SYN2024_007,2024-11-27 19:32:55,Quiz,Quiz: 2,Quiz attempt viewed
SYN2024_007,2024-11-28 14:21:13,Quiz,Quiz: 3,Quiz attempt viewed
SYN2024_007,2024-11-28 18:31:46,File,Learning material 3.pdf,Course module viewed
SYN2024_007,2024-11-29 12:31:10,File,Learning material 8.pdf,Course module viewed
SYN2024_007,2024-11-29 12:56:59,Quiz,Quiz: 2,Quiz attempt viewed
SYN2024_007,2024-12-02 15:48:53,File,Learning material 5.pdf,Course module viewed
SYN2024_008,2024-10-14 11:53:16,File,Learning material 4.pdf,Course module viewed
SYN2024_008,2024-10-16 17:56:02,Assignment,Assignment: 2,Submission status viewed
SYN2024_008,2024-10-20 13:08:14,Assignment,Assignment: 3,Submission status viewed
SYN2024_008,2024-10-27 10:33:22,File,Learning material 1.pdf,Course module viewed
SYN2024_008,2024-10-29 14:34:41,File,Learning material 3.pdf,Course module viewed
SYN2024_008,2024-10-30 14:19:48,Assignment,Assignment: 2,Submission status viewed
SYN2024_008,2024-11-03 13:56:49,File,Learning material 3.pdf,Course module viewed
SYN2024_008,2024-11-03 15:26:47,File,Learning material 6.pdf,Course module viewed
SYN2024_008,2024-11-08 09:54:29,Assignment,Assignment: 2,Submission status viewed
SYN2024_008,2024-11-08 16:05:43,Assignment,Assignment: 2,Assignment submitted
SYN2024_008,2024-11-10 14:25:00,File,Learning material 5.pdf,Course module viewed
SYN2024_008,2024-11-15 17:11:42,Assignment,Assignment: 1,Submission status viewed
SYN2024_008,2024-11-16 11:42:27,Assignment,Assignment: 1,Submission status viewed
SYN2024_008,2024-11-19 23:37:29,Assignment,Assignment: 1,Assignment submitted
SYN2024_008,2024-11-20 18:50:11,Assignment,Assignment: 3,Submission status viewed
SYN2024_008,2024-11-21 15:50:50,File,Learning material 5.pdf,Course module viewed
SYN2024_008,2024-11-21 23:25:06,File,Learning material 1.pdf,Course module viewed
SYN2024_008,2024-11-23 12:50:01,File,Learning material 6.pdf,Course module viewed
SYN2024_008,2024-11-24 16:18:45,File,Learning material 1.pdf,Course module viewed
SYN2024_008,2024-11-25 09:19:45,File,Learning material 5.pdf,Course module viewed
SYN2024_008,2024-11-25 10:46:02,File,Learning material 7.pdf,Course module viewed
SYN2024_008,2024-11-25 14:50:19,File,Learning material 2.pdf,Course module viewed
SYN2024_008,2024-11-25 17:06:37,Quiz,Quiz: 1,Quiz attempt viewed
SYN2024_008,2024-11-26 12:54:10,File,Learning material 1.pdf,Course module viewed
SYN2024_008,2024-11-26 19:52:33,Assignment,Assignment: 3,Assignment submitted
SYN2024_008,2024-11-27 20:49:49,Forum,Course forum,Discussion viewed
SYN2024_008,2024-11-28 16:56:22,Assignment,Assignment: 2,Submission status viewed
SYN2024_008,2024-11-29 09:36:06,Assignment,Assignment: 1,Submission status viewed
SYN2024_008,2024-12-01 08:24:21,Assignment,Assignment: 3,Submission status viewed
SYN2024_009,2024-10-09 09:15:19,File,Learning material 7.pdf,Course module viewed
SYN2024_009,2024-10-11 08:00:27,File,Learning material 4.pdf,Course module viewed
SYN2024_009,2024-10-14 17:16:07,Assignment,Assignment: 2,Submission status viewed
SYN2024_009,2024-10-20 18:16:13,Quiz,Quiz: 2,Quiz attempt viewed
SYN2024_009,2024-10-20 20:02:19,Forum,Course forum,Discussion viewed
SYN2024_009,2024-10-28 14:36:14,Quiz,Quiz: 1,Quiz attempt viewed
SYN2024_009,2024-10-28 17:10:39,Assignment,Assignment: 3,Submission status viewed
SYN2024_009,2024-10-29 11:19:55,Quiz,Quiz: 1,Quiz attempt viewed
SYN2024_009,2024-10-30 17:07:44,File,Learning material 6.pdf,Course module viewed
SYN2024_009,2024-10-31 16:04:51,Quiz,Quiz: 3,Quiz attempt viewed
SYN2024_009,2024-11-01 14:15:45,Quiz,Quiz: 1,Quiz attempt viewed
SYN2024_009,2024-11-01 16:42:44,Assignment,Assignment: 3,Submission status viewed
SYN2024_009,2024-11-01 19:06:11,File,Learning material 2.pdf,Course module viewed
SYN2024_009,2024-11-03 14:43:21,Assignment,Assignment: 3,Assignment submitted
SYN2024_009,2024-11-03 15:07:03,File,Learning material 7.pdf,Course module viewed
SYN2024_009,2024-11-04 18:03:43,File,Learning material 7.pdf,Course module viewed
SYN2024_009,2024-11-06 13:14:25,Assignment,Assignment: 1,Submission status viewed
SYN2024_009,2024-11-06 15:57:06,File,Learning material 1.pdf,Course module viewed
SYN2024_009,2024-11-08 19:47:22,Quiz,Quiz: 3,Quiz attempt viewed
SYN2024_009,2024-11-09 12:27:06,Quiz,Quiz: 3,Quiz attempt viewed
SYN2024_009,2024-11-09 16:11:45,Quiz,Quiz: 1,Quiz attempt viewed
SYN2024_009,2024-11-09 19:56:01,Assignment,Assignment: 2,Submission status viewed
SYN2024_009,2024-11-11 17:35:14,Assignment,Assignment: 1,Assignment submitted
SYN2024_009,2024-11-12 18:06:55,Assignment,Assignment: 2,Assignment submitted
SYN2024_009,2024-11-14 14:49:24,Quiz,Quiz: 3,Quiz attempt viewed
SYN2024_009,2024-11-15 09:24:59,Quiz,Quiz: 3,Quiz attempt viewed
SYN2024_009,2024-11-15 14:35:44,File,Learning material 3.pdf,Course module viewed
SYN2024_009,2024-11-16 15:12:33,Assignment,Assignment: 3,Submission status viewed
SYN2024_009,2024-11-18 18:51:32,Assignment,Assignment: 3,Submission status viewed
SYN2024_009,2024-11-19 20:01:16,Assignment,Assignment: 3,Submission status viewed
SYN2024_009,2024-11-19 23:21:20,File,Learning material 4.pdf,Course module viewed
SYN2024_009,2024-11-22 11:10:13,File,Learning material 1.pdf,Course module viewed
SYN2024_009,2024-11-22 12:02:37,File,Learning material 7.pdf,Course module viewed
SYN2024_009,2024-11-22 13:43:53,File,Learning material 2.pdf,Course module viewed
SYN2024_009,2024-11-22 16:02:06,File,Learning material 8.pdf,Course module viewed
SYN2024_009,2024-11-22 16:07:51,Assignment,Assignment: 3,Submission status viewed
SYN2024_009,2024-11-22 18:35:03,File,Learning material 4.pdf,Course module viewed
SYN2024_009,2024-11-25 14:01:22,File,Learning material 1.pdf,Course module viewed
SYN2024_009,2024-11-25 17:16:03,Assignment,Assignment: 3,Submission status viewed
SYN2024_009,2024-11-25 22:05:29,Assignment,Assignment: 3,Submission status viewed
SYN2024_009,2024-11-25 23:12:59,File,Learning material 4.pdf,Course module viewed
SYN2024_009,2024-11-26 14:13:52,Assignment,Assignment: 1,Submission status viewed
SYN2024_009,2024-11-27 10:30:38,Assignment,Assignment: 3,Submission status viewed
SYN2024_009,2024-11-27 15:19:32,File,Learning material 2.pdf,Course module viewed
SYN2024_009,2024-11-27 19:15:36,File,Learning material 6.pdf,Course module viewed
SYN2024_009,2024-11-28 10:50:44,File,Learning material 1.pdf,Course module viewed
SYN2024_009,2024-11-28 15:10:53,Assignment,Assignment: 1,Submission status viewed
SYN2024_009,2024-11-28 17:09:07,File,Learning material 6.pdf,Course module viewed
SYN2024_009,2024-11-29 14:52:53,Assignment,Assignment: 1,Submission status viewed
SYN2024_009,2024-11-30 20:20:18,Forum,Course forum,Discussion viewed
SYN2024_009,2024-12-01 13:16:41,Assignment,Assignment: 2,Submission status viewed
SYN2024_009,2024-12-01 19:19:22,File,Learning material 3.pdf,Course module viewed
SYN2024_009,2024-12-01 23:35:22,Quiz,Quiz: 2,Quiz attempt viewed
SYN2024_009,2024-12-02 14:35:52,Quiz,Quiz: 1,Quiz attempt viewed
SYN2024_009,2024-12-02 16:08:05,Assignment,Assignment: 1,Submission status viewed
SYN2024_009,2024-12-02 16:51:28,File,Learning material 1.pdf,Course module viewed
SYN2024_009,2024-12-02 19:15:10,File,Learning material 7.pdf,Course module viewed
SYN2024_009,2024-12-02 21:18:03,File,Learning material 3.pdf,Course module viewed
SYN2024_009,2024-12-02 22:54:05,File,Learning material 2.pdf,Course module viewed
SYN2024_010,2024-10-09 16:50:27,File,Learning material 1.pdf,Course module viewed
SYN2024_010,2024-10-11 16:04:45,Quiz,Quiz: 2,Quiz attempt viewed
SYN2024_010,2024-10-12 13:26:59,Assignment,Assignment: 1,Submission status viewed
SYN2024_010,2024-10-12 16:05:26,File,Learning material 7.pdf,Course module viewed
SYN2024_010,2024-10-12 19:45:41,File,Learning material 4.pdf,Course module viewed
SYN2024_010,2024-10-12 21:36:01,File,Learning material 3.pdf,Course module viewed
SYN2024_010,2024-10-15 13:29:22,File,Learning material 2.pdf,Course module viewed
SYN2024_010,2024-10-15 15:57:01,Assignment,Assignment: 1,Submission status viewed
SYN2024_010,2024-10-22 11:11:06,File,Learning material 4.pdf,Course module viewed
SYN2024_010,2024-10-22 16:08:13,File,Learning material 4.pdf,Course module viewed
SYN2024_010,2024-10-25 16:45:29,File,Learning material 2.pdf,Course module viewed
SYN2024_010,2024-10-26 17:19:03,Assignment,Assignment: 2,Submission status viewed
SYN2024_010,2024-10-27 23:55:49,File,Learning material 4.pdf,Course module viewed
SYN2024_010,2024-10-31 19:04:03,Assignment,Assignment: 2,Assignment submitted
SYN2024_010,2024-11-02 15:27:13,Assignment,Assignment: 2,Submission status viewed
SYN2024_010,2024-11-03 17:35:35,Quiz,Quiz: 1,Quiz attempt viewed
SYN2024_010,2024-11-10 15:11:18,Assignment,Assignment: 3,Submission status viewed
SYN2024_010,2024-11-11 19:09:41,File,Learning material 4.pdf,Course module viewed
SYN2024_010,2024-11-11 19:55:29,Assignment,Assignment: 3,Assignment submitted
SYN2024_010,2024-11-11 21:12:10,Assignment,Assignment: 1,Submission status viewed
SYN2024_010,2024-11-18 19:07:49,Assignment,Assignment: 1,Assignment submitted
SYN2024_010,2024-11-19 22:48:01,File,Learning material 8.pdf,Course module viewed
SYN2024_010,2024-11-26 13:57:19,Assignment,Assignment: 1,Submission status viewed
SYN2024_010,2024-11-28 14:50:16,File,Learning material 1.pdf,Course module viewed
SYN2024_010,2024-11-28 16:02:24,File,Learning material 3.pdf,Course module viewed
SYN2024_010,2024-11-28 17:15:50,File,Learning material 6.pdf,Course module viewed
SYN2024_010,2024-11-30 10:44:47,Assignment,Assignment: 1,Submission status viewed
SYN2024_010,2024-11-30 12:53:59,File,Learning material 6.pdf,Course module viewed
SYN2024_010,2024-11-30 14:40:43,Forum,Course forum,Discussion viewed
SYN2024_010,2024-11-30 15:14:19,File,Learning material 6.pdf,Course module viewed
SYN2024_010,2024-11-30 17:33:26,File,Learning material 1.pdf,Course module viewed
SYN2024_010,2024-11-30 21:03:26,Assignment,Assignment: 1,Submission status viewed
SYN2024_010,2024-11-30 21:09:31,Assignment,Assignment: 1,Submission status viewed
SYN2024_010,2024-11-30 21:35:50,File,Learning material 5.pdf,Course module viewed
SYN2024_010,2024-11-30 23:20:19,File,Learning material 7.pdf,Course module viewed
SYN2024_010,2024-12-01 12:23:26,Forum,Course forum,Discussion viewed
SYN2024_010,2024-12-01 13:06:58,File,Learning material 6.pdf,Course module viewed
SYN2024_010,2024-12-01 15:14:45,File,Learning material 8.pdf,Course module viewed
SYN2024_010,2024-12-01 15:20:06,Quiz,Quiz: 1,Quiz attempt viewed
SYN2024_010,2024-12-01 15:24:38,File,Learning material 1.pdf,Course module viewed
SYN2024_010,2024-12-01 17:17:43,Quiz,Quiz: 2,Quiz attempt viewed
SYN2024_010,2024-12-01 17:57:54,File,Learning material 6.pdf,Course module viewed
SYN2024_010,2024-12-01 18:11:33,Quiz,Quiz: 1,Quiz attempt viewed
SYN2024_010,2024-12-01 18:51:00,Quiz,Quiz: 2,Quiz attempt viewed
SYN2024_010,2024-12-01 19:10:48,File,Learning material 6.pdf,Course module viewed
SYN2024_010,2024-12-01 19:28:05,Quiz,Quiz: 2,Quiz attempt viewed
SYN2024_010,2024-12-01 19:29:18,File,Learning material 4.pdf,Course module viewed
SYN2024_010,2024-12-02 13:33:29,Assignment,Assignment: 3,Submission status viewed
SYN2024_010,2024-12-02 13:37:27,File,Learning material 6.pdf,Course module viewed
SYN2024_010,2024-12-02 13:38:56,Assignment,Assignment: 1,Submission status viewed
SYN2024_010,2024-12-02 16:15:15,Assignment,Assignment: 2,Submission status viewed
SYN2024_010,2024-12-02 17:10:07,File,Learning material 4.pdf,Course module viewed
SYN2024_010,2024-12-02 17:41:46,File,Learning material 3.pdf,Course module viewed
SYN2024_010,2024-12-02 17:48:03,File,Learning material 7.pdf,Course module viewed
SYN2024_010,2024-12-02 19:06:11,Assignment,Assignment: 3,Submission status viewed
SYN2024_010,2024-12-02 19:21:24,File,Learning material 8.pdf,Course module viewed
SYN2024_010,2024-12-02 21:36:15,File,Learning material 1.pdf,Course module viewed
SYN2024_010,2024-12-02 21:57:25,Assignment,Assignment: 2,Submission status viewed
SYN2024_011,2024-10-11 22:47:18,File,Learning material 2.pdf,Course module viewed
SYN2024_011,2024-10-12 20:20:44,File,Learning material 4.pdf,Course module viewed
SYN2024_011,2024-10-13 16:57:14,Assignment,Assignment: 1,Submission status viewed
SYN2024_011,2024-10-14 11:10:13,File,Learning material 5.pdf,Course module viewed
SYN2024_011,2024-10-16 17:10:54,File,Learning material 3.pdf,Course module viewed
SYN2024_011,2024-10-19 15:43:43,File,Learning material 1.pdf,Course module viewed
SYN2024_011,2024-10-20 11:27:28,Assignment,Assignment: 2,Submission status viewed
SYN2024_011,2024-10-23 17:43:12,File,Learning material 3.pdf,Course module viewed
SYN2024_011,2024-10-26 19:45:43,File,Learning material 8.pdf,Course module viewed
SYN2024_011,2024-10-28 10:49:50,Forum,Course forum,Discussion viewed
SYN2024_011,2024-10-28 20:54:23,Assignment,Assignment: 3,Submission status viewed
SYN2024_011,2024-10-31 17:14:55,Assignment,Assignment: 3,Assignment submitted
SYN2024_011,2024-10-31 19:14:25,File,Learning material 2.pdf,Course module viewed
SYN2024_011,2024-10-31 21:53:51,Quiz,Quiz: 2,Quiz attempt viewed
SYN2024_011,2024-11-01 15:00:21,Forum,Course forum,Discussion viewed
SYN2024_011,2024-11-01 18:27:15,Assignment,Assignment: 3,Submission status viewed
SYN2024_011,2024-11-01 18:44:58,Assignment,Assignment: 1,Submission status viewed
SYN2024_011,2024-11-03 13:15:41,Forum,Course forum,Discussion viewed
SYN2024_011,2024-11-05 18:53:21,Assignment,Assignment: 1,Assignment submitted
SYN2024_011,2024-11-07 15:37:10,Quiz,Quiz: 2,Quiz attempt viewed
SYN2024_011,2024-11-09 12:53:09,Quiz,Quiz: 1,Quiz attempt viewed
SYN2024_011,2024-11-09 20:19:12,Quiz,Quiz: 3,Quiz attempt viewed
SYN2024_011,2024-11-10 15:45:02,Quiz,Quiz: 2,Quiz attempt viewed
SYN2024_011,2024-11-12 15:04:08,File,Learning material 3.pdf,Course module viewed
SYN2024_011,2024-11-12 20:51:47,Quiz,Quiz: 1,Quiz attempt viewed
SYN2024_011,2024-11-15 15:13:14,File,Learning material 8.pdf,Course module viewed
SYN2024_011,2024-11-18 12:06:32,Quiz,Quiz: 3,Quiz attempt viewed
SYN2024_011,2024-11-18 13:44:20,File,Learning material 2.pdf,Course module viewed
SYN2024_011,2024-11-18 19:42:29,Assignment,Assignment: 2,Submission status viewed
SYN2024_011,2024-11-20 17:53:51,File,Learning material 2.pdf,Course module viewed
SYN2024_011,2024-11-22 10:54:27,File,Learning material 4.pdf,Course module viewed
SYN2024_011,2024-11-22 13:27:40,Assignment,Assignment: 3,Submission status viewed
SYN2024_011,2024-11-22 15:36:40,Quiz,Quiz: 3,Quiz attempt viewed
SYN2024_011,2024-11-22 16:03:00,File,Learning material 1.pdf,Course module viewed
SYN2024_011,2024-11-22 17:33:08,Assignment,Assignment: 2,Assignment submitted
SYN2024_011,2024-11-22 19:03:03,Quiz,Quiz: 1,Quiz attempt viewed
SYN2024_011,2024-11-22 19:13:06,Forum,Course forum,Discussion viewed
SYN2024_011,2024-11-23 16:42:56,File,Learning material 2.pdf,Course module viewed
SYN2024_011,2024-11-23 16:46:06,File,Learning material 2.pdf,Course module viewed
SYN2024_011,2024-11-23 17:09:03,Assignment,Assignment: 1,Submission status viewed
SYN2024_011,2024-11-23 20:10:41,Quiz,Quiz: 1,Quiz attempt viewed
SYN2024_011,2024-11-23 21:29:14,File,Learning material 2.pdf,Course module viewed
SYN2024_011,2024-11-24 12:57:03,File,Learning material 5.pdf,Course module viewed
SYN2024_011,2024-11-25 15:02:15,Assignment,Assignment: 2,Submission status viewed
SYN2024_011,2024-11-25 17:42:06,File,Learning material 7.pdf,Course module viewed
SYN2024_011,2024-11-25 18:36:34,File,Learning material 6.pdf,Course module viewed
SYN2024_011,2024-11-25 23:46:06,File,Learning material 5.pdf,Course module viewed
SYN2024_011,2024-11-26 13:10:47,File,Learning material 2.pdf,Course module viewed
SYN2024_011,2024-11-26 14:42:44,File,Learning material 3.pdf,Course module viewed
SYN2024_011,2024-11-26 18:08:04,File,Learning material 8.pdf,Course module viewed
SYN2024_011,2024-11-26 19:19:49,File,Learning material 3.pdf,Course module viewed
SYN2024_011,2024-11-26 20:08:50,Forum,Course forum,Discussion viewed
SYN2024_011,2024-11-26 20:15:34,File,Learning material 4.pdf,Course module viewed
SYN2024_011,2024-11-26 23:52:48,File,Learning material 7.pdf,Course module viewed
SYN2024_011,2024-11-27 12:41:48,Quiz,Quiz: 1,Quiz attempt viewed
SYN2024_011,2024-11-27 19:06:03,File,Learning material 5.pdf,Course module viewed
SYN2024_011,2024-11-28 11:26:28,File,Learning material 5.pdf,Course module viewed
SYN2024_011,2024-11-28 14:58:16,File,Learning material 7.pdf,Course module viewed
SYN2024_011,2024-11-28 15:50:20,File,Learning material 5.pdf,Course module viewed
SYN2024_011,2024-11-28 15:51:29,Quiz,Quiz: 1,Quiz attempt viewed
SYN2024_011,2024-11-28 17:28:30,File,Learning material 8.pdf,Course module viewed
SYN2024_011,2024-11-28 18:51:53,File,Learning material 2.pdf,Course module viewed
SYN2024_011,2024-11-28 20:59:18,Quiz,Quiz: 1,Quiz attempt viewed
SYN2024_011,2024-11-29 13:40:58,File,Learning material 7.pdf,Course module viewed
SYN2024_011,2024-11-29 13:54:30,File,Learning material 8.pdf,Course module viewed
SYN2024_011,2024-11-29 15:05:27,File,Learning material 1.pdf,Course module viewed
SYN2024_011,2024-11-29 16:01:12,File,Learning material 2.pdf,Course module viewed
SYN2024_011,2024-11-29 18:43:16,File,Learning material 8.pdf,Course module viewed
SYN2024_011,2024-11-29 20:38:49,Assignment,Assignment: 3,Submission status viewed
SYN2024_011,2024-11-29 23:00:30,File,Learning material 7.pdf,Course module viewed
SYN2024_011,2024-11-30 14:48:56,File,Learning material 5.pdf,Course module viewed
SYN2024_011,2024-11-30 15:07:53,Assignment,Assignment: 3,Submission status viewed
SYN2024_011,2024-11-30 16:48:36,Assignment,Assignment: 1,Submission status viewed
SYN2024_011,2024-11-30 16:59:39,Forum,Course forum,Discussion viewed
SYN2024_011,2024-11-30 18:34:20,File,Learning material 2.pdf,Course module viewed
SYN2024_011,2024-11-30 19:18:50,File,Learning material 3.pdf,Course module viewed
SYN2024_011,2024-12-01 15:21:09,File,Learning material 1.pdf,Course module viewed
SYN2024_011,2024-12-01 16:23:11,Quiz,Quiz: 1,Quiz attempt viewed
SYN2024_011,2024-12-01 17:50:17,Assignment,Assignment: 3,Submission status viewed
SYN2024_011,2024-12-01 18:39:43,Assignment,Assignment: 3,Submission status viewed
SYN2024_011,2024-12-02 11:40:39,Assignment,Assignment: 1,Submission status viewed
SYN2024_011,2024-12-02 13:08:29,File,Learning material 8.pdf,Course module viewed
SYN2024_012,2024-10-09 12:06:23,File,Learning material 7.pdf,Course module viewed
SYN2024_012,2024-10-13 19:37:12,File,Learning material 6.pdf,Course module viewed
SYN2024_012,2024-10-16 07:29:35,File,Learning material 6.pdf,Course module viewed
SYN2024_012,2024-10-19 13:19:04,Assignment,Assignment: 3,Submission status viewed
SYN2024_012,2024-10-20 14:17:09,File,Learning material 3.pdf,Course module viewed
SYN2024_012,2024-10-22 16:59:58,File,Learning material 6.pdf,Course module viewed
SYN2024_012,2024-10-23 13:05:52,File,Learning material 5.pdf,Course module viewed
SYN2024_012,2024-10-25 14:18:22,Assignment,Assignment: 1,Submission status viewed
SYN2024_012,2024-10-30 11:46:04,File,Learning material 5.pdf,Course module viewed
SYN2024_012,2024-10-30 12:02:15,Quiz,Quiz: 2,Quiz attempt viewed
SYN2024_012,2024-10-30 19:51:55,File,Learning material 8.pdf,Course module viewed
SYN2024_012,2024-10-31 14:11:27,Assignment,Assignment: 1,Assignment submitted
SYN2024_012,2024-11-02 17:57:10,File,Learning material 6.pdf,Course module viewed
SYN2024_012,2024-11-03 13:07:31,File,Learning material 3.pdf,Course module viewed
SYN2024_012,2024-11-03 19:18:35,Assignment,Assignment: 3,Submission status viewed
SYN2024_012,2024-11-04 13:34:58,Assignment,Assignment: 2,Submission status viewed
SYN2024_012,2024-11-08 14:26:32,File,Learning material 5.pdf,Course module viewed
SYN2024_012,2024-11-09 14:54:05,File,Learning material 8.pdf,Course module viewed
SYN2024_012,2024-11-10 23:53:15,Assignment,Assignment: 3,Assignment submitted
SYN2024_012,2024-11-11 14:44:18,Assignment,Assignment: 3,Submission status viewed
SYN2024_012,2024-11-11 17:19:02,Quiz,Quiz: 1,Quiz attempt viewed
SYN2024_012,2024-11-12 10:52:01,File,Learning material 8.pdf,Course module viewed
SYN2024_012,2024-11-13 12:38:46,Quiz,Quiz: 3,Quiz attempt viewed
SYN2024_012,2024-11-13 15:35:18,File,Learning material 3.pdf,Course module viewed
SYN2024_012,2024-11-14 15:53:04,File,Learning material 3.pdf,Course module viewed
SYN2024_012,2024-11-15 21:11:19,Assignment,Assignment: 2,Assignment submitted
SYN2024_012,2024-11-22 11:45:14,File,Learning material 1.pdf,Course module viewed
SYN2024_012,2024-11-24 17:23:52,File,Learning material 1.pdf,Course module viewed
SYN2024_012,2024-11-24 21:48:41,File,Learning material 7.pdf,Course module viewed
SYN2024_012,2024-11-25 14:33:09,File,Learning material 3.pdf,Course module viewed
SYN2024_012,2024-11-25 14:40:31,File,Learning material 8.pdf,Course module viewed
SYN2024_012,2024-11-25 17:23:13,File,Learning material 6.pdf,Course module viewed
SYN2024_012,2024-11-25 19:33:50,File,Learning material 6.pdf,Course module viewed
SYN2024_012,2024-11-26 12:49:34,Quiz,Quiz: 1,Quiz attempt viewed
SYN2024_012,2024-11-26 15:02:26,File,Learning material 5.pdf,Course module viewed
SYN2024_012,2024-11-26 15:19:44,File,Learning material 7.pdf,Course module viewed
SYN2024_012,2024-11-28 12:53:06,Assignment,Assignment: 3,Submission status viewed
SYN2024_012,2024-11-28 23:04:09,File,Learning material 1.pdf,Course module viewed
SYN2024_012,2024-11-30 12:53:58,Assignment,Assignment: 2,Submission status viewed
SYN2024_012,2024-12-01 12:39:21,File,Learning material 8.pdf,Course module viewed
SYN2024_012,2024-12-01 17:42:20,Quiz,Quiz: 1,Quiz attempt viewed
SYN2024_012,2024-12-02 15:22:30,File,Learning material 4.pdf,Course module viewed
SYN2024_013,2024-10-10 21:01:41,File,Learning material 8.pdf,Course module viewed
SYN2024_013,2024-10-11 19:17:46,Quiz,Quiz: 1,Quiz attempt viewed
SYN2024_013,2024-10-12 19:05:57,File,Learning material 6.pdf,Course module viewed
SYN2024_013,2024-10-13 21:56:07,File,Learning material 2.pdf,Course module viewed
SYN2024_013,2024-10-14 21:01:28,File,Learning material 3.pdf,Course module viewed
SYN2024_013,2024-10-17 20:39:50,Forum,Course forum,Discussion viewed
SYN2024_013,2024-10-19 19:39:33,File,Learning material 2.pdf,Course module viewed
SYN2024_013,2024-10-20 20:59:22,File,Learning material 2.pdf,Course module viewed
SYN2024_013,2024-10-21 17:51:45,Assignment,Assignment: 3,Submission status viewed
SYN2024_013,2024-10-22 16:58:37,File,Learning material 7.pdf,Course module viewed
SYN2024_013,2024-10-24 17:40:58,File,Learning material 2.pdf,Course module viewed
SYN2024_013,2024-10-24 21:59:46,Forum,Course forum,Discussion viewed
SYN2024_013,2024-10-31 18:47:10,Assignment,Assignment: 2,Submission status viewed
SYN2024_013,2024-11-01 15:37:54,Assignment,Assignment: 3,Submission status viewed
SYN2024_013,2024-11-03 11:46:37,Assignment,Assignment: 3,Assignment submitted
SYN2024_013,2024-11-04 13:27:53,Assignment,Assignment: 2,Submission status viewed
SYN2024_013,2024-11-04 19:14:59,File,Learning material 4.pdf,Course module viewed
SYN2024_013,2024-11-06 17:57:46,Assignment,Assignment: 2,Assignment submitted
SYN2024_013,2024-11-07 17:25:40,Forum,Course forum,Discussion viewed
SYN2024_013,2024-11-07 21:04:27,File,Learning material 7.pdf,Course module viewed
SYN2024_013,2024-11-08 17:51:23,Forum,Course forum,Discussion viewed
SYN2024_013,2024-11-09 15:00:11,Assignment,Assignment: 1,Submission status viewed
SYN2024_013,2024-11-09 16:57:59,File,Learning material 1.pdf,Course module viewed
SYN2024_013,2024-11-11 17:42:48,Quiz,Quiz: 3,Quiz attempt viewed
SYN2024_013,2024-11-14 16:40:04,File,Learning material 6.pdf,Course module viewed
SYN2024_013,2024-11-14 19:52:39,Assignment,Assignment: 1,Submission status viewed
SYN2024_013,2024-11-15 15:20:02,Assignment,Assignment: 1,Assignment submitted
SYN2024_013,2024-11-16 16:34:38,Forum,Course forum,Discussion viewed
SYN2024_013,2024-11-16 19:19:53,Quiz,Quiz: 1,Quiz attempt viewed
SYN2024_013,2024-11-17 23:21:37,File,Learning material 2.pdf,Course module viewed
SYN2024_013,2024-11-18 19:20:51,File,Learning material 1.pdf,Course module viewed
SYN2024_013,2024-11-20 19:58:16,File,Learning material 6.pdf,Course module viewed
SYN2024_013,2024-11-21 21:56:49,Assignment,Assignment: 3,Submission status viewed
SYN2024_013,2024-11-22 15:52:09,Assignment,Assignment: 1,Submission status viewed
SYN2024_013,2024-11-22 18:40:11,File,Learning material 1.pdf,Course module viewed
SYN2024_013,2024-11-22 19:02:25,File,Learning material 3.pdf,Course module viewed
SYN2024_013,2024-11-22 19:53:50,Quiz,Quiz: 3,Quiz attempt viewed
SYN2024_013,2024-11-22 20:02:32,Forum,Course forum,Discussion viewed
SYN2024_013,2024-11-22 21:24:18,Assignment,Assignment: 2,Submission status viewed
SYN2024_013,2024-11-23 12:32:34,File,Learning material 2.pdf,Course module viewed
SYN2024_013,2024-11-23 15:44:11,Assignment,Assignment: 1,Submission status viewed
SYN2024_013,2024-11-23 18:00:09,File,Learning material 4.pdf,Course module viewed
SYN2024_013,2024-11-23 19:10:31,Quiz,Quiz: 1,Quiz attempt viewed
SYN2024_013,2024-11-23 19:26:55,File,Learning material 6.pdf,Course module viewed
SYN2024_013,2024-11-23 19:39:01,File,Learning material 2.pdf,Course module viewed
SYN2024_013,2024-11-23 20:01:41,Quiz,Quiz: 1,Quiz attempt viewed
SYN2024_013,2024-11-23 21:17:44,File,Learning material 5.pdf,Course module viewed
SYN2024_013,2024-11-24 15:54:49,Assignment,Assignment: 3,Submission status viewed
SYN2024_013,2024-11-24 18:14:15,File,Learning material 7.pdf,Course module viewed
SYN2024_013,2024-11-24 18:14:16,File,Learning material 7.pdf,Course module viewed
SYN2024_013,2024-11-24 18:44:21,Assignment,Assignment: 1,Submission status viewed
SYN2024_013,2024-11-24 19:45:10,Assignment,Assignment: 1,Submission status viewed
SYN2024_013,2024-11-24 21:16:49,File,Learning material 2.pdf,Course module viewed
SYN2024_013,2024-11-26 16:08:50,File,Learning material 6.pdf,Course module viewed
SYN2024_013,2024-11-26 18:26:24,Assignment,Assignment: 3,Submission status viewed
SYN2024_013,2024-11-26 20:06:12,Quiz,Quiz: 1,Quiz attempt viewed
SYN2024_013,2024-11-27 16:58:57,Forum,Course forum,Discussion viewed
SYN2024_013,2024-11-27 18:20:16,Assignment,Assignment: 3,Submission status viewed
SYN2024_013,2024-11-27 19:39:15,Assignment,Assignment: 1,Submission status viewed
SYN2024_013,2024-11-27 20:36:06,Assignment,Assignment: 2,Submission status viewed
SYN2024_013,2024-11-28 19:27:55,Quiz,Quiz: 3,Quiz attempt viewed
SYN2024_013,2024-11-28 19:40:41,Assignment,Assignment: 1,Submission status viewed
SYN2024_013,2024-11-28 21:25:04,File,Learning material 5.pdf,Course module viewed
SYN2024_013,2024-11-28 22:51:32,File,Learning material 4.pdf,Course module viewed
SYN2024_013,2024-11-29 12:59:30,File,Learning material 1.pdf,Course module viewed
SYN2024_013,2024-11-29 20:01:54,Quiz,Quiz: 2,Quiz attempt viewed
SYN2024_013,2024-11-29 20:21:18,File,Learning material 6.pdf,Course module viewed
SYN2024_013,2024-11-29 21:18:47,File,Learning material 6.pdf,Course module viewed
SYN2024_013,2024-11-29 21:29:25,Quiz,Quiz: 3,Quiz attempt viewed
SYN2024_013,2024-11-29 22:05:15,File,Learning material 3.pdf,Course module viewed
SYN2024_013,2024-11-30 16:48:31,File,Learning material 5.pdf,Course module viewed
SYN2024_013,2024-11-30 16:48:58,Assignment,Assignment: 1,Submission status viewed
SYN2024_013,2024-11-30 17:34:23,Forum,Course forum,Discussion viewed
SYN2024_013,2024-11-30 21:12:36,File,Learning material 7.pdf,Course module viewed
SYN2024_013,2024-11-30 23:53:21,Quiz,Quiz: 1,Quiz attempt viewed
SYN2024_013,2024-12-01 18:52:38,File,Learning material 4.pdf,Course module viewed
SYN2024_013,2024-12-01 19:08:18,Quiz,Quiz: 2,Quiz attempt viewed
SYN2024_013,2024-12-01 20:21:15,File,Learning material 2.pdf,Course module viewed
SYN2024_013,2024-12-01 22:36:42,File,Learning material 5.pdf,Course module viewed
SYN2024_013,2024-12-01 23:09:09,File,Learning material 6.pdf,Course module viewed
SYN2024_013,2024-12-02 16:04:07,Forum,Course forum,Discussion viewed
SYN2024_013,2024-12-02 19:11:13,Forum,Course forum,Discussion viewed
SYN2024_013,2024-12-02 21:08:16,File,Learning material 7.pdf,Course module viewed
SYN2024_013,2024-12-02 23:19:31,Assignment,Assignment: 3,Submission status viewed
SYN2024_014,2024-10-09 10:19:48,File,Learning material 2.pdf,Course module viewed
SYN2024_014,2024-10-09 21:00:35,Assignment,Assignment: 2,Submission status viewed
SYN2024_014,2024-10-10 10:10:25,File,Learning material 2.pdf,Course module viewed
SYN2024_014,2024-10-10 12:15:08,Assignment,Assignment: 2,Submission status viewed
SYN2024_014,2024-10-11 10:42:52,Quiz,Quiz: 2,Quiz attempt viewed
SYN2024_014,2024-10-15 21:21:34,File,Learning material 2.pdf,Course module viewed
SYN2024_014,2024-10-18 15:52:18,File,Learning material 1.pdf,Course module viewed
SYN2024_014,2024-10-20 18:10:51,File,Learning material 1.pdf,Course module viewed
SYN2024_014,2024-10-26 12:22:02,File,Learning material 7.pdf,Course module viewed
SYN2024_014,2024-10-27 14:18:37,Assignment,Assignment: 1,Submission status viewed
SYN2024_014,2024-10-29 17:17:33,Quiz,Quiz: 1,Quiz attempt viewed
SYN2024_014,2024-11-01 16:52:29,Quiz,Quiz: 3,Quiz attempt viewed
SYN2024_014,2024-11-01 19:37:21,File,Learning material 5.pdf,Course module viewed
SYN2024_014,2024-11-05 14:20:18,File,Learning material 3.pdf,Course module viewed
SYN2024_014,2024-11-05 18:24:41,File,Learning material 4.pdf,Course module viewed
SYN2024_014,2024-11-08 15:24:40,Quiz,Quiz: 2,Quiz attempt viewed
SYN2024_014,2024-11-11 21:55:52,Assignment,Assignment: 2,Submission status viewed
SYN2024_014,2024-11-12 14:23:44,File,Learning material 1.pdf,Course module viewed
SYN2024_014,2024-11-13 20:16:04,Assignment,Assignment: 2,Assignment submitted
SYN2024_014,2024-11-17 15:27:50,File,Learning material 1.pdf,Course module viewed
SYN2024_014,2024-11-18 15:34:41,File,Learning material 3.pdf,Course module viewed
SYN2024_014,2024-11-20 09:25:43,File,Learning material 2.pdf,Course module viewed
SYN2024_014,2024-11-20 16:00:59,File,Learning material 1.pdf,Course module viewed
SYN2024_014,2024-11-20 16:23:26,Assignment,Assignment: 1,Submission status viewed
SYN2024_014,2024-11-20 18:01:17,File,Learning material 1.pdf,Course module viewed
SYN2024_014,2024-11-20 19:03:04,Assignment,Assignment: 3,Submission status viewed
SYN2024_014,2024-11-20 21:26:32,Forum,Course forum,Discussion viewed
SYN2024_014,2024-11-20 21:29:21,File,Learning material 2.pdf,Course module viewed
SYN2024_014,2024-11-21 14:18:41,Forum,Course forum,Discussion viewed
SYN2024_014,2024-11-21 17:29:49,Quiz,Quiz: 2,Quiz attempt viewed
SYN2024_014,2024-11-21 17:40:40,File,Learning material 6.pdf,Course module viewed
SYN2024_014,2024-11-22 16:24:17,File,Learning material 3.pdf,Course module viewed
SYN2024_014,2024-11-22 18:05:04,File,Learning material 1.pdf,Course module viewed
SYN2024_014,2024-11-22 19:24:05,Assignment,Assignment: 1,Submission status viewed
SYN2024_014,2024-11-23 11:43:33,Quiz,Quiz: 2,Quiz attempt viewed
SYN2024_014,2024-11-23 12:30:06,Forum,Course forum,Discussion viewed
SYN2024_014,2024-11-23 14:05:48,Assignment,Assignment: 2,Submission status viewed
SYN2024_014,2024-11-24 13:09:06,Quiz,Quiz: 2,Quiz attempt viewed
SYN2024_014,2024-11-24 18:50:16,File,Learning material 4.pdf,Course module viewed
SYN2024_014,2024-11-25 12:49:27,Assignment,Assignment: 1,Assignment submitted
SYN2024_014,2024-11-25 16:41:09,File,Learning material 7.pdf,Course module viewed
SYN2024_014,2024-11-25 16:50:46,File,Learning material 4.pdf,Course module viewed
SYN2024_014,2024-11-25 18:00:59,Assignment,Assignment: 3,Submission status viewed
SYN2024_014,2024-11-26 15:19:56,File,Learning material 2.pdf,Course module viewed
SYN2024_014,2024-11-26 17:10:11,File,Learning material 4.pdf,Course module viewed
SYN2024_014,2024-11-27 11:13:56,File,Learning material 1.pdf,Course module viewed
SYN2024_014,2024-11-27 12:12:18,Assignment,Assignment: 3,Submission status viewed
SYN2024_014,2024-11-27 13:25:01,File,Learning material 6.pdf,Course module viewed
SYN2024_014,2024-11-27 15:28:51,Forum,Course forum,Discussion viewed
SYN2024_014,2024-11-28 18:33:48,Assignment,Assignment: 3,Assignment submitted
SYN2024_014,2024-11-29 13:37:17,Quiz,Quiz: 3,Quiz attempt viewed
SYN2024_014,2024-11-29 15:50:34,Assignment,Assignment: 3,Submission status viewed
SYN2024_014,2024-11-30 11:36:52,Assignment,Assignment: 1,Submission status viewed
SYN2024_014,2024-11-30 16:59:52,File,Learning material 5.pdf,Course module viewed
SYN2024_014,2024-11-30 18:28:04,File,Learning material 7.pdf,Course module viewed
SYN2024_014,2024-12-01 16:16:14,File,Learning material 1.pdf,Course module viewed
SYN2024_014,2024-12-02 19:00:10,File,Learning material 6.pdf,Course module viewed
SYN2024_015,2024-10-13 16:48:17,File,Learning material 3.pdf,Course module viewed
SYN2024_015,2024-10-15 16:04:40,Forum,Course forum,Discussion viewed
SYN2024_015,2024-10-18 13:40:24,Assignment,Assignment: 1,Submission status viewed
SYN2024_015,2024-10-23 15:19:28,Assignment,Assignment: 3,Submission status viewed
SYN2024_015,2024-10-23 19:08:17,Forum,Course forum,Discussion viewed
SYN2024_015,2024-11-03 15:33:51,File,Learning material 1.pdf,Course module viewed
SYN2024_015,2024-11-03 15:46:50,Assignment,Assignment: 3,Submission status viewed
SYN2024_015,2024-11-03 17:05:51,File,Learning material 7.pdf,Course module viewed
SYN2024_015,2024-11-04 16:58:22,File,Learning material 1.pdf,Course module viewed
SYN2024_015,2024-11-06 21:20:44,Assignment,Assignment: 3,Assignment submitted
SYN2024_015,2024-11-06 21:22:01,File,Learning material 8.pdf,Course module viewed
SYN2024_015,2024-11-12 16:01:30,Assignment,Assignment: 2,Submission status viewed
SYN2024_015,2024-11-12 22:38:53,File,Learning material 7.pdf,Course module viewed
SYN2024_015,2024-11-15 22:49:18,Assignment,Assignment: 2,Assignment submitted
SYN2024_015,2024-11-17 16:19:03,Assignment,Assignment: 1,Submission status viewed
SYN2024_015,2024-11-19 18:49:11,File,Learning material 2.pdf,Course module viewed
SYN2024_015,2024-11-21 14:45:59,Assignment,Assignment: 2,Submission status viewed
SYN2024_015,2024-11-21 18:46:59,Assignment,Assignment: 1,Assignment submitted
SYN2024_015,2024-11-24 17:10:47,Quiz,Quiz: 2,Quiz attempt viewed
SYN2024_015,2024-11-26 09:17:28,File,Learning material 7.pdf,Course module viewed
SYN2024_015,2024-11-27 12:50:09,Forum,Course forum,Discussion viewed
SYN2024_015,2024-11-27 14:41:28,Forum,Course forum,Discussion viewed
SYN2024_015,2024-11-27 16:23:25,File,Learning material 1.pdf,Course module viewed
SYN2024_015,2024-11-27 17:30:39,Assignment,Assignment: 1,Submission status viewed
SYN2024_015,2024-11-27 19:56:45,File,Learning material 5.pdf,Course module viewed
SYN2024_015,2024-11-27 21:12:59,Quiz,Quiz: 1,Quiz attempt viewed
SYN2024_015,2024-11-28 10:41:30,Assignment,Assignment: 3,Submission status viewed
SYN2024_015,2024-11-28 13:36:05,Assignment,Assignment: 1,Submission status viewed
SYN2024_015,2024-11-28 13:44:59,Assignment,Assignment: 1,Submission status viewed
SYN2024_015,2024-11-28 17:57:44,Quiz,Quiz: 3,Quiz attempt viewed
SYN2024_015,2024-11-28 18:21:03,File,Learning material 6.pdf,Course module viewed
SYN2024_015,2024-11-28 19:14:28,File,Learning material 5.pdf,Course module viewed
SYN2024_015,2024-11-28 20:33:08,File,Learning material 4.pdf,Course module viewed
SYN2024_015,2024-11-29 12:46:43,File,Learning material 5.pdf,Course module viewed
SYN2024_015,2024-11-29 13:27:37,Assignment,Assignment: 3,Submission status viewed
SYN2024_015,2024-11-29 13:43:21,File,Learning material 4.pdf,Course module viewed
SYN2024_015,2024-11-29 14:43:49,File,Learning material 4.pdf,Course module viewed
SYN2024_015,2024-11-29 14:57:23,File,Learning material 1.pdf,Course module viewed
SYN2024_015,2024-11-29 15:38:00,File,Learning material 2.pdf,Course module viewed
SYN2024_015,2024-11-29 17:30:01,Forum,Course forum,Discussion viewed
SYN2024_015,2024-11-29 18:36:32,File,Learning material 7.pdf,Course module viewed
SYN2024_015,2024-11-30 13:31:23,File,Learning material 8.pdf,Course module viewed
SYN2024_015,2024-11-30 15:29:46,Quiz,Quiz: 2,Quiz attempt viewed
SYN2024_015,2024-11-30 19:48:48,Quiz,Quiz: 2,Quiz attempt viewed
SYN2024_015,2024-11-30 21:05:34,File,Learning material 1.pdf,Course module viewed
SYN2024_015,2024-11-30 22:33:13,Quiz,Quiz: 1,Quiz attempt viewed
SYN2024_015,2024-12-01 10:12:57,File,Learning material 7.pdf,Course module viewed
SYN2024_015,2024-12-01 13:13:29,Assignment,Assignment: 3,Submission status viewed
SYN2024_015,2024-12-01 13:45:52,Forum,Course forum,Discussion viewed
SYN2024_015,2024-12-01 18:45:03,Quiz,Quiz: 3,Quiz attempt viewed
SYN2024_015,2024-12-01 19:34:35,Forum,Course forum,Discussion viewed
SYN2024_015,2024-12-01 22:53:29,File,Learning material 1.pdf,Course module viewed
SYN2024_015,2024-12-02 09:20:38,Quiz,Quiz: 2,Quiz attempt viewed
SYN2024_015,2024-12-02 11:03:08,File,Learning material 6.pdf,Course module viewed
SYN2024_015,2024-12-02 11:42:08,File,Learning material 4.pdf,Course module viewed
SYN2024_015,2024-12-02 17:09:08,File,Learning material 4.pdf,Course module viewed
SYN2024_015,2024-12-02 17:26:14,File,Learning material 2.pdf,Course module viewed
SYN2024_015,2024-12-02 21:24:25,File,Learning material 8.pdf,Course module viewed
SYN2024_016,2024-10-09 17:17:56,Quiz,Quiz: 1,Quiz attempt viewed
SYN2024_016,2024-10-12 17:16:38,Assignment,Assignment: 3,Submission status viewed
SYN2024_016,2024-10-12 22:06:38,Assignment,Assignment: 1,Submission status viewed
SYN2024_016,2024-10-13 18:51:54,File,Learning material 3.pdf,Course module viewed
SYN2024_016,2024-10-14 17:08:25,Assignment,Assignment: 2,Submission status viewed
SYN2024_016,2024-10-15 15:07:00,File,Learning material 3.pdf,Course module viewed
SYN2024_016,2024-10-19 18:33:42,Assignment,Assignment: 2,Submission status viewed
SYN2024_016,2024-10-21 17:31:50,Quiz,Quiz: 2,Quiz attempt viewed
SYN2024_016,2024-10-25 15:27:37,File,Learning material 5.pdf,Course module viewed
SYN2024_016,2024-10-25 19:12:25,File,Learning material 8.pdf,Course module viewed
SYN2024_016,2024-10-28 23:50:59,Assignment,Assignment: 2,Submission status viewed
SYN2024_016,2024-10-30 18:52:28,Assignment,Assignment: 2,Assignment submitted
SYN2024_016,2024-11-01 19:45:30,Quiz,Quiz: 2,Quiz attempt viewed
SYN2024_016,2024-11-03 16:25:09,File,Learning material 4.pdf,Course module viewed
SYN2024_016,2024-11-04 18:30:32,Assignment,Assignment: 1,Submission status viewed
SYN2024_016,2024-11-09 16:37:10,File,Learning material 3.pdf,Course module viewed
SYN2024_016,2024-11-09 17:31:55,Assignment,Assignment: 3,Submission status viewed
SYN2024_016,2024-11-14 15:25:26,Assignment,Assignment: 3,Submission status viewed
SYN2024_016,2024-11-15 18:52:42,File,Learning material 2.pdf,Course module viewed
SYN2024_016,2024-11-17 15:48:07,Forum,Course forum,Discussion viewed
SYN2024_016,2024-11-18 19:50:26,Forum,Course forum,Discussion viewed
SYN2024_016,2024-11-20 12:45:55,Assignment,Assignment: 1,Submission status viewed
SYN2024_016,2024-11-20 15:55:00,File,Learning material 5.pdf,Course module viewed
SYN2024_016,2024-11-20 15:56:18,Quiz,Quiz: 1,Quiz attempt viewed
SYN2024_016,2024-11-20 23:54:36,File,Learning material 4.pdf,Course module viewed
SYN2024_016,2024-11-22 18:41:33,Assignment,Assignment: 3,Submission status viewed
SYN2024_016,2024-11-23 17:46:42,Assignment,Assignment: 1,Assignment submitted
SYN2024_016,2024-11-25 11:13:24,File,Learning material 7.pdf,Course module viewed
SYN2024_016,2024-11-25 17:21:28,Forum,Course forum,Discussion viewed
SYN2024_016,2024-11-25 19:47:45,Assignment,Assignment: 3,Assignment submitted
SYN2024_016,2024-11-26 22:03:08,File,Learning material 3.pdf,Course module viewed
SYN2024_016,2024-11-28 14:48:59,File,Learning material 1.pdf,Course module viewed
SYN2024_016,2024-11-28 15:05:21,Quiz,Quiz: 2,Quiz attempt viewed
SYN2024_016,2024-11-28 15:22:05,File,Learning material 4.pdf,Course module viewed
SYN2024_016,2024-11-28 17:20:47,File,Learning material 6.pdf,Course module viewed
SYN2024_016,2024-11-28 19:45:50,File,Learning material 4.pdf,Course module viewed
SYN2024_016,2024-11-28 20:04:05,Quiz,Quiz: 1,Quiz attempt viewed
SYN2024_016,2024-11-28 20:54:01,File,Learning material 5.pdf,Course module viewed
SYN2024_016,2024-11-28 22:12:11,File,Learning material 5.pdf,Course module viewed
SYN2024_016,2024-11-29 18:07:51,File,Learning material 7.pdf,Course module viewed
SYN2024_016,2024-11-29 18:53:17,Quiz,Quiz: 3,Quiz attempt viewed
SYN2024_016,2024-11-29 19:04:16,Forum,Course forum,Discussion viewed
SYN2024_016,2024-11-29 19:11:37,Assignment,Assignment: 1,Submission status viewed
SYN2024_016,2024-11-29 19:16:54,Assignment,Assignment: 2,Submission status viewed
SYN2024_016,2024-11-29 19:41:05,File,Learning material 1.pdf,Course module viewed
SYN2024_016,2024-11-29 19:41:51,Assignment,Assignment: 3,Submission status viewed
SYN2024_016,2024-11-29 19:52:36,File,Learning material 4.pdf,Course module viewed
SYN2024_016,2024-11-30 17:29:17,Quiz,Quiz: 1,Quiz attempt viewed
SYN2024_016,2024-11-30 17:33:58,Quiz,Quiz: 2,Quiz attempt viewed
SYN2024_016,2024-11-30 18:20:45,File,Learning material 8.pdf,Course module viewed
SYN2024_016,2024-11-30 18:46:13,Assignment,Assignment: 2,Submission status viewed
SYN2024_016,2024-11-30 23:21:33,Quiz,Quiz: 1,Quiz attempt viewed
SYN2024_016,2024-11-30 23:56:10,Assignment,Assignment: 1,Submission status viewed
SYN2024_016,2024-12-01 15:13:51,File,Learning material 6.pdf,Course module viewed
SYN2024_016,2024-12-01 15:20:44,File,Learning material 1.pdf,Course module viewed
SYN2024_016,2024-12-01 15:51:45,Quiz,Quiz: 1,Quiz attempt viewed
SYN2024_016,2024-12-01 17:08:48,File,Learning material 4.pdf,Course module viewed
SYN2024_016,2024-12-01 17:34:25,File,Learning material 8.pdf,Course module viewed
SYN2024_016,2024-12-01 18:10:47,Forum,Course forum,Discussion viewed
SYN2024_016,2024-12-01 18:32:29,File,Learning material 4.pdf,Course module viewed
SYN2024_016,2024-12-02 11:08:19,Quiz,Quiz: 1,Quiz attempt viewed
SYN2024_016,2024-12-02 12:24:54,Quiz,Quiz: 3,Quiz attempt viewed
SYN2024_016,2024-12-02 13:57:24,Quiz,Quiz: 2,Quiz attempt viewed
SYN2024_016,2024-12-02 14:41:29,File,Learning material 8.pdf,Course module viewed
SYN2024_016,2024-12-02 15:16:24,Quiz,Quiz: 1,Quiz attempt viewed
SYN2024_016,2024-12-02 15:53:06,Forum,Course forum,Discussion viewed
SYN2024_016,2024-12-02 17:42:06,File,Learning material 3.pdf,Course module viewed
SYN2024_016,2024-12-02 17:44:27,Quiz,Quiz: 1,Quiz attempt viewed
SYN2024_016,2024-12-02 18:05:38,Assignment,Assignment: 3,Submission status viewed
SYN2024_016,2024-12-02 18:08:58,File,Learning material 4.pdf,Course module viewed
SYN2024_016,2024-12-02 18:12:14,File,Learning material 1.pdf,Course module viewed
SYN2024_016,2024-12-02 19:17:50,File,Learning material 8.pdf,Course module viewed
SYN2024_016,2024-12-02 20:23:53,File,Learning material 1.pdf,Course module viewed
SYN2024_016,2024-12-02 22:44:31,Forum,Course forum,Discussion viewed
SYN2024_017,2024-10-11 14:24:27,Assignment,Assignment: 3,Submission status viewed
SYN2024_017,2024-10-12 11:00:46,File,Learning material 5.pdf,Course module viewed
SYN2024_017,2024-10-19 11:58:32,Assignment,Assignment: 1,Submission status viewed
SYN2024_017,2024-10-22 12:04:12,File,Learning material 6.pdf,Course module viewed
SYN2024_017,2024-10-22 13:30:17,Assignment,Assignment: 3,Submission status viewed
SYN2024_017,2024-10-23 07:44:26,Assignment,Assignment: 3,Submission status viewed
SYN2024_017,2024-10-23 12:28:46,Quiz,Quiz: 2,Quiz attempt viewed
SYN2024_017,2024-10-24 18:31:29,File,Learning material 2.pdf,Course module viewed
SYN2024_017,2024-10-25 11:09:21,Quiz,Quiz: 2,Quiz attempt viewed
SYN2024_017,2024-10-25 19:49:17,Quiz,Quiz: 2,Quiz attempt viewed
SYN2024_017,2024-10-26 20:02:44,File,Learning material 8.pdf,Course module viewed
SYN2024_017,2024-10-26 21:06:27,Assignment,Assignment: 3,Submission status viewed
SYN2024_017,2024-10-28 08:03:31,File,Learning material 2.pdf,Course module viewed
SYN2024_017,2024-10-28 13:18:47,File,Learning material 2.pdf,Course module viewed
SYN2024_017,2024-10-29 14:53:54,Forum,Course forum,Discussion viewed
SYN2024_017,2024-11-01 14:41:12,Assignment,Assignment: 3,Assignment submitted
SYN2024_017,2024-11-02 13:46:07,Quiz,Quiz: 3,Quiz attempt viewed
SYN2024_017,2024-11-06 12:18:09,Assignment,Assignment: 3,Submission status viewed
SYN2024_017,2024-11-08 13:52:01,Assignment,Assignment: 1,Submission status viewed
SYN2024_017,2024-11-12 10:21:01,Quiz,Quiz: 1,Quiz attempt viewed
SYN2024_017,2024-11-16 13:31:52,File,Learning material 5.pdf,Course module viewed
SYN2024_017,2024-11-17 21:52:00,Assignment,Assignment: 2,Submission status viewed
SYN2024_017,2024-11-18 15:39:43,Assignment,Assignment: 1,Assignment submitted
SYN2024_017,2024-11-20 10:52:20,Forum,Course forum,Discussion viewed
SYN2024_017,2024-11-20 14:44:36,File,Learning material 6.pdf,Course module viewed
SYN2024_017,2024-11-20 17:41:10,File,Learning material 1.pdf,Course module viewed
SYN2024_017,2024-11-21 11:40:22,File,Learning material 6.pdf,Course module viewed
SYN2024_017,2024-11-21 15:06:41,File,Learning material 6.pdf,Course module viewed
SYN2024_017,2024-11-21 19:55:32,Assignment,Assignment: 2,Assignment submitted
SYN2024_017,2024-11-22 09:43:04,Quiz,Quiz: 1,Quiz attempt viewed
SYN2024_017,2024-11-24 08:58:36,Quiz,Quiz: 2,Quiz attempt viewed
SYN2024_017,2024-11-24 12:47:23,File,Learning material 6.pdf,Course module viewed
SYN2024_017,2024-11-24 15:21:47,Assignment,Assignment: 2,Submission status viewed
SYN2024_017,2024-11-24 15:51:30,File,Learning material 2.pdf,Course module viewed
SYN2024_017,2024-11-25 12:00:20,Quiz,Quiz: 3,Quiz attempt viewed
SYN2024_017,2024-11-25 12:03:39,File,Learning material 2.pdf,Course module viewed
SYN2024_017,2024-11-26 16:55:50,Assignment,Assignment: 1,Submission status viewed
SYN2024_017,2024-11-27 15:50:04,Assignment,Assignment: 2,Submission status viewed
SYN2024_017,2024-11-28 13:29:46,File,Learning material 2.pdf,Course module viewed
SYN2024_017,2024-11-28 16:07:41,File,Learning material 1.pdf,Course module viewed
SYN2024_017,2024-11-29 10:42:51,Forum,Course forum,Discussion viewed
SYN2024_017,2024-11-29 12:04:29,Forum,Course forum,Discussion viewed
SYN2024_017,2024-11-29 13:58:39,File,Learning material 3.pdf,Course module viewed
SYN2024_017,2024-11-30 12:03:18,File,Learning material 2.pdf,Course module viewed
SYN2024_017,2024-12-01 17:01:03,Quiz,Quiz: 1,Quiz attempt viewed
SYN2024_017,2024-12-02 09:07:58,Quiz,Quiz: 3,Quiz attempt viewed
SYN2024_017,2024-12-02 11:44:02,Forum,Course forum,Discussion viewed
SYN2024_017,2024-12-02 11:44:05,File,Learning material 8.pdf,Course module viewed
SYN2024_018,2024-10-17 15:10:01,Quiz,Quiz: 3,Quiz attempt viewed
SYN2024_018,2024-10-20 10:16:53,File,Learning material 4.pdf,Course module viewed
SYN2024_018,2024-10-20 18:38:33,File,Learning material 1.pdf,Course module viewed
SYN2024_018,2024-10-23 15:11:57,Quiz,Quiz: 1,Quiz attempt viewed
SYN2024_018,2024-10-25 16:59:06,Assignment,Assignment: 1,Submission status viewed
SYN2024_018,2024-10-27 18:11:18,Quiz,Quiz: 2,Quiz attempt viewed
SYN2024_018,2024-10-30 20:43:41,Quiz,Quiz: 2,Quiz attempt viewed
SYN2024_018,2024-11-01 15:33:53,Assignment,Assignment: 3,Submission status viewed
SYN2024_018,2024-11-02 16:59:16,Quiz,Quiz: 2,Quiz attempt viewed
SYN2024_018,2024-11-03 14:31:18,Assignment,Assignment: 2,Submission status viewed
SYN2024_018,2024-11-04 11:08:03,File,Learning material 8.pdf,Course module viewed
SYN2024_018,2024-11-05 15:20:41,Assignment,Assignment: 3,Assignment submitted
SYN2024_018,2024-11-06 16:41:31,Assignment,Assignment: 1,Submission status viewed
SYN2024_018,2024-11-07 12:46:26,File,Learning material 7.pdf,Course module viewed
SYN2024_018,2024-11-08 19:10:30,Assignment,Assignment: 1,Submission status viewed
SYN2024_018,2024-11-08 21:17:52,Assignment,Assignment: 1,Assignment submitted
SYN2024_018,2024-11-09 12:08:54,File,Learning material 8.pdf,Course module viewed
SYN2024_018,2024-11-11 12:56:50,File,Learning material 8.pdf,Course module viewed
SYN2024_018,2024-11-12 21:50:26,File,Learning material 3.pdf,Course module viewed
SYN2024_018,2024-11-14 17:14:17,Assignment,Assignment: 1,Submission status viewed
SYN2024_018,2024-11-15 19:55:07,Assignment,Assignment: 2,Submission status viewed
SYN2024_018,2024-11-18 20:15:17,File,Learning material 1.pdf,Course module viewed
SYN2024_018,2024-11-19 19:13:11,Assignment,Assignment: 2,Assignment submitted
SYN2024_018,2024-11-23 14:51:54,Assignment,Assignment: 1,Submission status viewed
SYN2024_018,2024-11-24 12:40:10,Assignment,Assignment: 1,Submission status viewed
SYN2024_018,2024-11-26 18:19:34,File,Learning material 8.pdf,Course module viewed
SYN2024_018,2024-11-27 16:34:57,File,Learning material 2.pdf,Course module viewed
SYN2024_018,2024-11-28 12:34:46,Quiz,Quiz: 2,Quiz attempt viewed
SYN2024_018,2024-11-28 15:15:27,Assignment,Assignment: 2,Submission status viewed
SYN2024_018,2024-11-28 16:35:50,File,Learning material 1.pdf,Course module viewed
SYN2024_018,2024-11-28 17:57:33,Quiz,Quiz: 3,Quiz attempt viewed
SYN2024_018,2024-11-28 18:04:03,File,Learning material 2.pdf,Course module viewed
SYN2024_018,2024-11-28 18:19:57,File,Learning material 1.pdf,Course module viewed
SYN2024_018,2024-11-28 19:05:32,Assignment,Assignment: 3,Submission status viewed
SYN2024_018,2024-11-28 19:11:39,File,Learning material 8.pdf,Course module viewed
SYN2024_018,2024-11-28 19:24:12,Assignment,Assignment: 3,Submission status viewed
SYN2024_018,2024-11-28 19:36:34,Assignment,Assignment: 3,Submission status viewed
SYN2024_018,2024-11-28 19:43:29,File,Learning material 8.pdf,Course module viewed
SYN2024_018,2024-11-28 21:05:13,Forum,Course forum,Discussion viewed
SYN2024_018,2024-11-29 18:34:09,File,Learning material 5.pdf,Course module viewed
SYN2024_018,2024-11-29 20:46:25,Quiz,Quiz: 3,Quiz attempt viewed
SYN2024_018,2024-11-29 22:31:42,Assignment,Assignment: 3,Submission status viewed
SYN2024_018,2024-11-30 09:01:53,Quiz,Quiz: 3,Quiz attempt viewed
SYN2024_018,2024-11-30 13:26:28,Assignment,Assignment: 3,Submission status viewed
SYN2024_018,2024-11-30 17:51:20,Quiz,Quiz: 1,Quiz attempt viewed
SYN2024_018,2024-11-30 19:18:15,File,Learning material 6.pdf,Course module viewed
SYN2024_018,2024-12-01 09:21:23,Assignment,Assignment: 3,Submission status viewed
SYN2024_018,2024-12-01 13:34:32,File,Learning material 4.pdf,Course module viewed
SYN2024_018,2024-12-01 13:51:18,File,Learning material 6.pdf,Course module viewed
SYN2024_018,2024-12-01 14:02:30,File,Learning material 3.pdf,Course module viewed
SYN2024_018,2024-12-02 10:57:14,Forum,Course forum,Discussion viewed
SYN2024_018,2024-12-02 14:29:30,Assignment,Assignment: 3,Submission status viewed
SYN2024_018,2024-12-02 17:55:43,Quiz,Quiz: 2,Quiz attempt viewed
SYN2024_018,2024-12-02 17:57:02,Assignment,Assignment: 1,Submission status viewed
SYN2024_018,2024-12-02 19:30:20,Assignment,Assignment: 2,Submission status viewed
SYN2024_018,2024-12-02 23:29:12,File,Learning material 1.pdf,Course module viewed
SYN2024_018,2024-12-02 23:49:17,Assignment,Assignment: 1,Submission status viewed
SYN2024_019,2024-10-09 17:10:08,Quiz,Quiz: 3,Quiz attempt viewed
SYN2024_019,2024-10-09 18:39:39,File,Learning material 1.pdf,Course module viewed
SYN2024_019,2024-10-10 16:21:14,Quiz,Quiz: 2,Quiz attempt viewed
SYN2024_019,2024-10-18 16:54:07,Assignment,Assignment: 3,Submission status viewed
SYN2024_019,2024-10-18 19:27:48,Assignment,Assignment: 1,Submission status viewed
SYN2024_019,2024-10-19 16:21:44,Quiz,Quiz: 3,Quiz attempt viewed
SYN2024_019,2024-10-19 18:48:27,File,Learning material 7.pdf,Course module viewed
SYN2024_019,2024-10-23 14:23:40,Assignment,Assignment: 3,Submission status viewed
SYN2024_019,2024-10-26 20:56:42,Assignment,Assignment: 1,Submission status viewed
SYN2024_019,2024-10-27 17:14:48,Assignment,Assignment: 1,Assignment submitted
SYN2024_019,2024-10-30 15:29:58,Quiz,Quiz: 2,Quiz attempt viewed
SYN2024_019,2024-11-06 21:27:43,File,Learning material 5.pdf,Course module viewed
SYN2024_019,2024-11-09 15:03:16,File,Learning material 5.pdf,Course module viewed
SYN2024_019,2024-11-12 15:59:41,Quiz,Quiz: 2,Quiz attempt viewed
SYN2024_019,2024-11-12 19:47:58,Assignment,Assignment: 3,Submission status viewed
SYN2024_019,2024-11-13 18:11:28,File,Learning material 6.pdf,Course module viewed
SYN2024_019,2024-11-16 16:00:38,Assignment,Assignment: 3,Assignment submitted
SYN2024_019,2024-11-20 11:53:26,Forum,Course forum,Discussion viewed
SYN2024_019,2024-11-23 18:18:23,Assignment,Assignment: 2,Submission status viewed
SYN2024_019,2024-11-26 11:41:31,File,Learning material 4.pdf,Course module viewed
SYN2024_019,2024-11-26 13:14:16,File,Learning material 5.pdf,Course module viewed
SYN2024_019,2024-11-26 13:31:11,File,Learning material 1.pdf,Course module viewed
SYN2024_019,2024-11-26 15:14:20,File,Learning material 2.pdf,Course module viewed
SYN2024_019,2024-11-26 18:37:29,Quiz,Quiz: 1,Quiz attempt viewed
SYN2024_019,2024-11-26 18:41:28,File,Learning material 2.pdf,Course module viewed
SYN2024_019,2024-11-26 18:48:13,File,Learning material 2.pdf,Course module viewed
SYN2024_019,2024-11-26 18:50:46,Assignment,Assignment: 2,Assignment submitted
SYN2024_019,2024-11-26 22:30:41,File,Learning material 4.pdf,Course module viewed
SYN2024_019,2024-11-27 12:07:29,File,Learning material 3.pdf,Course module viewed
SYN2024_019,2024-11-27 14:49:30,Assignment,Assignment: 1,Submission status viewed
SYN2024_019,2024-11-27 15:06:56,Quiz,Quiz: 2,Quiz attempt viewed
SYN2024_019,2024-11-27 15:22:06,File,Learning material 3.pdf,Course module viewed
SYN2024_019,2024-11-27 17:20:44,File,Learning material 4.pdf,Course module viewed
SYN2024_019,2024-11-27 19:03:10,File,Learning material 6.pdf,Course module viewed
SYN2024_019,2024-11-27 20:36:23,Assignment,Assignment: 1,Submission status viewed
SYN2024_019,2024-11-27 22:12:05,File,Learning material 6.pdf,Course module viewed
SYN2024_019,2024-11-28 11:14:11,File,Learning material 7.pdf,Course module viewed
SYN2024_019,2024-11-28 15:01:20,File,Learning material 2.pdf,Course module viewed
SYN2024_019,2024-11-28 18:04:41,File,Learning material 8.pdf,Course module viewed
SYN2024_019,2024-11-28 18:23:49,File,Learning material 6.pdf,Course module viewed
SYN2024_019,2024-11-28 18:24:39,Assignment,Assignment: 2,Submission status viewed
SYN2024_019,2024-11-28 19:53:35,File,Learning material 1.pdf,Course module viewed
SYN2024_019,2024-11-28 20:57:03,File,Learning material 7.pdf,Course module viewed
SYN2024_019,2024-11-29 16:53:27,File,Learning material 5.pdf,Course module viewed
SYN2024_019,2024-11-29 17:03:01,Forum,Course forum,Discussion viewed
SYN2024_019,2024-11-29 17:07:48,File,Learning material 3.pdf,Course module viewed
SYN2024_019,2024-11-29 19:24:56,File,Learning material 1.pdf,Course module viewed
SYN2024_019,2024-11-29 23:37:39,File,Learning material 5.pdf,Course module viewed
SYN2024_019,2024-11-29 23:45:23,Quiz,Quiz: 2,Quiz attempt viewed
SYN2024_019,2024-11-30 13:35:38,File,Learning material 7.pdf,Course module viewed
SYN2024_019,2024-11-30 14:10:07,Assignment,Assignment: 3,Submission status viewed
SYN2024_019,2024-11-30 14:49:15,File,Learning material 3.pdf,Course module viewed
SYN2024_019,2024-11-30 15:00:11,Assignment,Assignment: 2,Submission status viewed
SYN2024_019,2024-11-30 15:14:44,File,Learning material 6.pdf,Course module viewed
SYN2024_019,2024-11-30 16:22:43,File,Learning material 6.pdf,Course module viewed
SYN2024_019,2024-11-30 18:31:01,File,Learning material 8.pdf,Course module viewed
SYN2024_019,2024-12-01 12:00:26,Assignment,Assignment: 2,Submission status viewed
SYN2024_019,2024-12-01 13:16:52,File,Learning material 8.pdf,Course module viewed
SYN2024_019,2024-12-01 13:45:51,File,Learning material 4.pdf,Course module viewed
SYN2024_019,2024-12-01 14:19:00,Quiz,Quiz: 2,Quiz attempt viewed
SYN2024_019,2024-12-01 16:32:13,Assignment,Assignment: 1,Submission status viewed
SYN2024_019,2024-12-01 17:01:34,File,Learning material 7.pdf,Course module viewed
SYN2024_019,2024-12-01 17:12:17,Quiz,Quiz: 3,Quiz attempt viewed
SYN2024_019,2024-12-01 17:46:13,File,Learning material 6.pdf,Course module viewed
SYN2024_019,2024-12-01 17:49:02,Quiz,Quiz: 1,Quiz attempt viewed
SYN2024_019,2024-12-02 14:03:16,Quiz,Quiz: 3,Quiz attempt viewed
SYN2024_019,2024-12-02 16:40:35,Assignment,Assignment: 3,Submission status viewed
SYN2024_019,2024-12-02 16:57:40,Quiz,Quiz: 1,Quiz attempt viewed
SYN2024_019,2024-12-02 19:12:02,File,Learning material 8.pdf,Course module viewed
SYN2024_019,2024-12-02 19:51:01,File,Learning material 5.pdf,Course module viewed
SYN2024_019,2024-12-02 20:02:18,File,Learning material 5.pdf,Course module viewed
SYN2024_019,2024-12-02 20:35:17,Quiz,Quiz: 3,Quiz attempt viewed
SYN2024_019,2024-12-02 21:11:26,File,Learning material 2.pdf,Course module viewed
SYN2024_019,2024-12-02 21:21:03,Assignment,Assignment: 2,Submission status viewed
SYN2024_020,2024-10-09 18:42:03,Forum,Course forum,Discussion viewed
SYN2024_020,2024-10-11 12:15:22,File,Learning material 3.pdf,Course module viewed
SYN2024_020,2024-10-15 10:24:39,File,Learning material 8.pdf,Course module viewed
SYN2024_020,2024-10-16 16:18:11,File,Learning material 1.pdf,Course module viewed
SYN2024_020,2024-10-16 23:53:15,File,Learning material 4.pdf,Course module viewed
SYN2024_020,2024-10-18 18:38:11,Forum,Course forum,Discussion viewed
SYN2024_020,2024-10-18 18:52:39,File,Learning material 1.pdf,Course module viewed
SYN2024_020,2024-10-19 17:12:17,Assignment,Assignment: 3,Submission status viewed
SYN2024_020,2024-10-21 14:40:13,Assignment,Assignment: 3,Submission status viewed
SYN2024_020,2024-10-24 21:57:18,File,Learning material 5.pdf,Course module viewed
SYN2024_020,2024-10-30 23:03:28,File,Learning material 5.pdf,Course module viewed
SYN2024_020,2024-10-31 11:09:35,Forum,Course forum,Discussion viewed
SYN2024_020,2024-10-31 19:06:29,Forum,Course forum,Discussion viewed
SYN2024_020,2024-11-01 17:57:25,Assignment,Assignment: 2,Submission status viewed
SYN2024_020,2024-11-01 23:37:08,Assignment,Assignment: 2,Submission status viewed
SYN2024_020,2024-11-03 21:51:03,File,Learning material 3.pdf,Course module viewed
SYN2024_020,2024-11-04 16:04:41,Assignment,Assignment: 2,Assignment submitted
SYN2024_020,2024-11-07 17:56:08,Assignment,Assignment: 3,Submission status viewed
SYN2024_020,2024-11-08 17:02:00,Assignment,Assignment: 1,Submission status viewed
SYN2024_020,2024-11-10 16:36:30,Quiz,Quiz: 1,Quiz attempt viewed
SYN2024_020,2024-11-10 21:27:20,Assignment,Assignment: 3,Assignment submitted
SYN2024_020,2024-11-11 23:35:03,Assignment,Assignment: 1,Assignment submitted
SYN2024_020,2024-11-16 12:33:28,File,Learning material 4.pdf,Course module viewed
SYN2024_020,2024-11-18 18:30:56,Quiz,Quiz: 2,Quiz attempt viewed
SYN2024_020,2024-11-25 11:35:56,File,Learning material 2.pdf,Course module viewed
SYN2024_020,2024-11-25 14:56:49,File,Learning material 1.pdf,Course module viewed
SYN2024_020,2024-11-25 15:45:04,File,Learning material 4.pdf,Course module viewed
SYN2024_020,2024-11-25 16:28:21,File,Learning material 8.pdf,Course module viewed
SYN2024_020,2024-11-25 18:34:42,File,Learning material 4.pdf,Course module viewed
SYN2024_020,2024-11-25 18:37:26,File,Learning material 4.pdf,Course module viewed
SYN2024_020,2024-11-25 18:51:10,File,Learning material 3.pdf,Course module viewed
SYN2024_020,2024-11-25 18:56:25,File,Learning material 4.pdf,Course module viewed
SYN2024_020,2024-11-25 19:08:49,Quiz,Quiz: 1,Quiz attempt viewed
SYN2024_020,2024-11-25 19:19:22,Assignment,Assignment: 1,Submission status viewed
SYN2024_020,2024-11-25 19:26:58,File,Learning material 6.pdf,Course module viewed
SYN2024_020,2024-11-25 20:59:59,File,Learning material 6.pdf,Course module viewed
SYN2024_020,2024-11-25 23:21:03,Assignment,Assignment: 2,Submission status viewed
SYN2024_020,2024-11-26 13:47:45,Assignment,Assignment: 1,Submission status viewed
SYN2024_020,2024-11-26 17:58:25,File,Learning material 4.pdf,Course module viewed
SYN2024_020,2024-11-26 21:38:55,File,Learning material 3.pdf,Course module viewed
SYN2024_020,2024-11-27 13:37:43,Assignment,Assignment: 2,Submission status viewed
SYN2024_020,2024-11-27 15:16:25,File,Learning material 2.pdf,Course module viewed
SYN2024_020,2024-11-27 17:58:31,Assignment,Assignment: 3,Submission status viewed
SYN2024_020,2024-11-27 19:55:43,File,Learning material 5.pdf,Course module viewed
SYN2024_020,2024-11-27 23:12:13,File,Learning material 3.pdf,Course module viewed
SYN2024_020,2024-11-28 14:02:44,File,Learning material 1.pdf,Course module viewed
SYN2024_020,2024-11-28 14:30:24,File,Learning material 3.pdf,Course module viewed
SYN2024_020,2024-11-28 15:19:12,File,Learning material 2.pdf,Course module viewed
SYN2024_020,2024-11-28 16:43:39,File,Learning material 7.pdf,Course module viewed
SYN2024_020,2024-11-28 17:57:17,File,Learning material 7.pdf,Course module viewed
SYN2024_020,2024-11-28 21:05:37,Quiz,Quiz: 3,Quiz attempt viewed
SYN2024_020,2024-11-28 21:43:35,File,Learning material 2.pdf,Course module viewed
SYN2024_020,2024-11-28 22:46:32,Assignment,Assignment: 3,Submission status viewed
SYN2024_020,2024-11-29 14:44:16,File,Learning material 6.pdf,Course module viewed
SYN2024_020,2024-11-29 15:39:13,Forum,Course forum,Discussion viewed
SYN2024_020,2024-11-29 18:51:51,File,Learning material 1.pdf,Course module viewed
SYN2024_020,2024-11-29 18:55:10,Assignment,Assignment: 2,Submission status viewed
SYN2024_020,2024-11-29 19:36:26,File,Learning material 4.pdf,Course module viewed
SYN2024_020,2024-11-30 14:21:17,File,Learning material 4.pdf,Course module viewed
SYN2024_020,2024-11-30 15:28:17,File,Learning material 7.pdf,Course module viewed
SYN2024_020,2024-11-30 17:11:16,File,Learning material 1.pdf,Course module viewed
SYN2024_020,2024-11-30 17:57:01,Assignment,Assignment: 1,Submission status viewed
SYN2024_020,2024-11-30 18:28:48,File,Learning material 2.pdf,Course module viewed
SYN2024_020,2024-11-30 18:45:16,Quiz,Quiz: 3,Quiz attempt viewed
SYN2024_020,2024-11-30 19:24:20,File,Learning material 3.pdf,Course module viewed
SYN2024_020,2024-11-30 20:14:58,Quiz,Quiz: 1,Quiz attempt viewed
SYN2024_020,2024-11-30 20:36:50,Forum,Course forum,Discussion viewed
SYN2024_020,2024-12-01 12:43:25,File,Learning material 2.pdf,Course module viewed
SYN2024_020,2024-12-01 13:46:49,Forum,Course forum,Discussion viewed
SYN2024_020,2024-12-01 14:11:14,Forum,Course forum,Discussion viewed
SYN2024_020,2024-12-01 14:51:25,File,Learning material 5.pdf,Course module viewed
SYN2024_020,2024-12-01 14:55:47,Quiz,Quiz: 3,Quiz attempt viewed
SYN2024_020,2024-12-01 15:18:20,Quiz,Quiz: 1,Quiz attempt viewed
SYN2024_020,2024-12-01 15:48:18,Assignment,Assignment: 1,Submission status viewed
SYN2024_020,2024-12-01 16:59:57,Quiz,Quiz: 3,Quiz attempt viewed
SYN2024_020,2024-12-01 18:11:30,File,Learning material 1.pdf,Course module viewed
SYN2024_020,2024-12-01 18:18:26,File,Learning material 6.pdf,Course module viewed
SYN2024_020,2024-12-01 20:17:51,Forum,Course forum,Discussion viewed
SYN2024_020,2024-12-02 13:27:42,File,Learning material 3.pdf,Course module viewed
SYN2024_020,2024-12-02 13:46:11,Forum,Course forum,Discussion viewed
SYN2024_020,2024-12-02 20:26:28,Quiz,Quiz: 1,Quiz attempt viewed
SYN2024_021,2024-10-09 15:15:20,File,Learning material 8.pdf,Course module viewed
SYN2024_021,2024-10-09 20:48:43,Assignment,Assignment: 3,Submission status viewed
SYN2024_021,2024-10-10 17:26:52,File,Learning material 7.pdf,Course module viewed
SYN2024_021,2024-10-10 17:54:23,Quiz,Quiz: 1,Quiz attempt viewed
SYN2024_021,2024-10-10 18:58:23,Quiz,Quiz: 2,Quiz attempt viewed
SYN2024_021,2024-10-11 17:28:16,File,Learning material 1.pdf,Course module viewed
SYN2024_021,2024-10-11 17:49:10,Quiz,Quiz: 3,Quiz attempt viewed
SYN2024_021,2024-10-11 17:57:21,File,Learning material 4.pdf,Course module viewed
SYN2024_021,2024-10-12 13:50:52,File,Learning material 4.pdf,Course module viewed
SYN2024_021,2024-10-13 17:03:33,Assignment,Assignment: 2,Submission status viewed
SYN2024_021,2024-10-14 19:49:38,File,Learning material 4.pdf,Course module viewed
SYN2024_021,2024-10-17 14:45:19,Assignment,Assignment: 1,Submission status viewed
SYN2024_021,2024-10-17 15:19:10,Assignment,Assignment: 1,Submission status viewed
SYN2024_021,2024-10-19 14:51:43,File,Learning material 2.pdf,Course module viewed
SYN2024_021,2024-10-21 12:43:22,Assignment,Assignment: 2,Submission status viewed
SYN2024_021,2024-10-23 14:28:59,Assignment,Assignment: 3,Submission status viewed
SYN2024_021,2024-10-24 17:12:53,Assignment,Assignment: 2,Submission status viewed
SYN2024_021,2024-10-26 14:23:32,Forum,Course forum,Discussion viewed
SYN2024_021,2024-10-26 16:47:54,Assignment,Assignment: 2,Submission status viewed
SYN2024_021,2024-10-26 19:18:14,File,Learning material 8.pdf,Course module viewed
SYN2024_021,2024-10-28 19:51:17,Assignment,Assignment: 3,Submission status viewed
SYN2024_021,2024-10-30 12:44:36,Quiz,Quiz: 1,Quiz attempt viewed
SYN2024_021,2024-10-30 16:07:14,Assignment,Assignment: 3,Submission status viewed
SYN2024_021,2024-10-30 18:38:50,Assignment,Assignment: 1,Submission status viewed
SYN2024_021,2024-11-01 13:36:08,File,Learning material 8.pdf,Course module viewed
SYN2024_021,2024-11-02 15:34:18,File,Learning material 2.pdf,Course module viewed
SYN2024_021,2024-11-03 12:25:09,File,Learning material 1.pdf,Course module viewed
SYN2024_021,2024-11-03 16:07:56,Assignment,Assignment: 3,Assignment submitted
SYN2024_021,2024-11-05 15:29:32,File,Learning material 8.pdf,Course module viewed
SYN2024_021,2024-11-08 13:30:24,Quiz,Quiz: 3,Quiz attempt viewed
SYN2024_021,2024-11-08 15:29:37,File,Learning material 5.pdf,Course module viewed
SYN2024_021,2024-11-10 15:30:51,File,Learning material 8.pdf,Course module viewed
SYN2024_021,2024-11-11 16:03:39,Quiz,Quiz: 2,Quiz attempt viewed
SYN2024_021,2024-11-12 15:23:29,File,Learning material 4.pdf,Course module viewed
SYN2024_021,2024-11-13 12:15:14,File,Learning material 8.pdf,Course module viewed
SYN2024_021,2024-11-13 20:54:17,File,Learning material 3.pdf,Course module viewed
SYN2024_021,2024-11-14 16:32:52,Forum,Course forum,Discussion viewed
SYN2024_021,2024-11-15 20:09:09,Assignment,Assignment: 1,Submission status viewed
SYN2024_021,2024-11-18 14:42:05,Quiz,Quiz: 3,Quiz attempt viewed
SYN2024_021,2024-11-18 16:07:50,Assignment,Assignment: 1,Assignment submitted
SYN2024_021,2024-11-19 20:33:08,Assignment,Assignment: 2,Submission status viewed
SYN2024_021,2024-11-20 10:56:02,File,Learning material 1.pdf,Course module viewed
SYN2024_021,2024-11-20 16:35:29,File,Learning material 2.pdf,Course module viewed
SYN2024_021,2024-11-22 14:37:04,Assignment,Assignment: 1,Submission status viewed
SYN2024_021,2024-11-24 16:35:43,File,Learning material 2.pdf,Course module viewed
SYN2024_021,2024-11-24 20:22:04,File,Learning material 7.pdf,Course module viewed
SYN2024_021,2024-11-25 20:58:17,Assignment,Assignment: 2,Assignment submitted
SYN2024_021,2024-11-26 11:45:06,File,Learning material 3.pdf,Course module viewed
SYN2024_021,2024-11-26 13:10:08,File,Learning material 1.pdf,Course module viewed
SYN2024_021,2024-11-26 14:12:15,Assignment,Assignment: 2,Submission status viewed
SYN2024_021,2024-11-26 14:39:28,File,Learning material 1.pdf,Course module viewed
SYN2024_021,2024-11-26 16:07:27,File,Learning material 2.pdf,Course module viewed
SYN2024_021,2024-11-26 16:55:26,Assignment,Assignment: 3,Submission status viewed
SYN2024_021,2024-11-26 18:47:40,Assignment,Assignment: 1,Submission status viewed
SYN2024_021,2024-11-26 19:55:14,File,Learning material 2.pdf,Course module viewed
SYN2024_021,2024-11-27 11:43:22,File,Learning material 6.pdf,Course module viewed
SYN2024_021,2024-11-27 12:05:50,File,Learning material 6.pdf,Course module viewed
SYN2024_021,2024-11-27 13:57:47,File,Learning material 6.pdf,Course module viewed
SYN2024_021,2024-11-27 16:14:45,File,Learning material 5.pdf,Course module viewed
SYN2024_021,2024-11-27 16:39:04,File,Learning material 8.pdf,Course module viewed
SYN2024_021,2024-11-27 16:41:59,Quiz,Quiz: 3,Quiz attempt viewed
SYN2024_021,2024-11-27 17:10:02,Quiz,Quiz: 3,Quiz attempt viewed
SYN2024_021,2024-11-27 17:22:11,Assignment,Assignment: 1,Submission status viewed
SYN2024_021,2024-11-27 17:56:48,File,Learning material 1.pdf,Course module viewed
SYN2024_021,2024-11-28 09:03:37,File,Learning material 1.pdf,Course module viewed
SYN2024_021,2024-11-28 09:07:06,File,Learning material 7.pdf,Course module viewed
SYN2024_021,2024-11-28 13:25:46,File,Learning material 6.pdf,Course module viewed
SYN2024_021,2024-11-28 16:02:50,File,Learning material 3.pdf,Course module viewed
SYN2024_021,2024-11-28 16:06:17,File,Learning material 4.pdf,Course module viewed
SYN2024_021,2024-11-29 12:51:48,File,Learning material 1.pdf,Course module viewed
SYN2024_021,2024-11-29 17:03:36,File,Learning material 7.pdf,Course module viewed
SYN2024_021,2024-11-29 17:12:17,Assignment,Assignment: 3,Submission status viewed
SYN2024_021,2024-11-30 13:30:58,File,Learning material 8.pdf,Course module viewed
SYN2024_021,2024-11-30 13:56:11,File,Learning material 5.pdf,Course module viewed
SYN2024_021,2024-11-30 14:56:32,File,Learning material 2.pdf,Course module viewed
SYN2024_021,2024-11-30 15:12:46,File,Learning material 8.pdf,Course module viewed
SYN2024_021,2024-11-30 18:56:44,File,Learning material 3.pdf,Course module viewed
SYN2024_021,2024-12-01 15:03:12,Assignment,Assignment: 1,Submission status viewed
SYN2024_021,2024-12-01 15:08:14,File,Learning material 5.pdf,Course module viewed
SYN2024_021,2024-12-01 15:40:54,File,Learning material 3.pdf,Course module viewed
SYN2024_021,2024-12-01 15:50:43,File,Learning material 1.pdf,Course module viewed
SYN2024_021,2024-12-01 19:03:38,File,Learning material 6.pdf,Course module viewed
SYN2024_021,2024-12-02 10:29:28,Assignment,Assignment: 1,Submission status viewed
SYN2024_021,2024-12-02 14:28:08,Assignment,Assignment: 2,Submission status viewed
SYN2024_021,2024-12-02 14:28:15,File,Learning material 2.pdf,Course module viewed
SYN2024_021,2024-12-02 15:39:30,File,Learning material 2.pdf,Course module viewed
SYN2024_021,2024-12-02 15:49:23,File,Learning material 8.pdf,Course module viewed
SYN2024_021,2024-12-02 17:30:50,File,Learning material 7.pdf,Course module viewed
SYN2024_021,2024-12-02 19:29:33,File,Learning material 3.pdf,Course module viewed
SYN2024_022,2024-10-13 15:52:33,Assignment,Assignment: 2,Submission status viewed
SYN2024_022,2024-10-15 18:22:24,Quiz,Quiz: 1,Quiz attempt viewed
SYN2024_022,2024-10-19 07:37:50,File,Learning material 5.pdf,Course module viewed
SYN2024_022,2024-10-21 15:24:13,File,Learning material 1.pdf,Course module viewed
SYN2024_022,2024-10-29 21:39:44,Quiz,Quiz: 3,Quiz attempt viewed
SYN2024_022,2024-10-31 10:55:50,Forum,Course forum,Discussion viewed
SYN2024_022,2024-11-06 12:26:00,Assignment,Assignment: 2,Submission status viewed
SYN2024_022,2024-11-08 14:08:59,Assignment,Assignment: 3,Submission status viewed
SYN2024_022,2024-11-08 17:27:42,Assignment,Assignment: 2,Submission status viewed
SYN2024_022,2024-11-11 19:08:40,Assignment,Assignment: 3,Assignment submitted
SYN2024_022,2024-11-15 18:51:59,Assignment,Assignment: 2,Assignment submitted
SYN2024_022,2024-11-16 16:55:23,File,Learning material 1.pdf,Course module viewed
SYN2024_022,2024-11-16 18:01:02,Assignment,Assignment: 1,Submission status viewed
SYN2024_022,2024-11-19 13:14:24,File,Learning material 6.pdf,Course module viewed
SYN2024_022,2024-11-20 14:18:32,Assignment,Assignment: 1,Assignment submitted
SYN2024_022,2024-11-20 14:55:46,Quiz,Quiz: 1,Quiz attempt viewed
SYN2024_022,2024-11-21 20:39:20,Quiz,Quiz: 2,Quiz attempt viewed
SYN2024_022,2024-11-24 19:29:28,File,Learning material 1.pdf,Course module viewed
SYN2024_022,2024-11-27 15:45:25,File,Learning material 5.pdf,Course module viewed
SYN2024_022,2024-11-27 16:30:57,File,Learning material 6.pdf,Course module viewed
SYN2024_022,2024-11-27 16:36:15,File,Learning material 4.pdf,Course module viewed
SYN2024_022,2024-11-27 21:32:45,File,Learning material 1.pdf,Course module viewed
SYN2024_022,2024-11-27 22:11:26,File,Learning material 3.pdf,Course module viewed
SYN2024_022,2024-11-27 22:24:49,File,Learning material 3.pdf,Course module viewed
SYN2024_022,2024-11-27 22:37:48,File,Learning material 2.pdf,Course module viewed
SYN2024_022,2024-11-28 10:10:49,File,Learning material 1.pdf,Course module viewed
SYN2024_022,2024-11-28 11:47:09,File,Learning material 5.pdf,Course module viewed
SYN2024_022,2024-11-28 12:23:44,Quiz,Quiz: 3,Quiz attempt viewed
SYN2024_022,2024-11-28 14:11:04,File,Learning material 8.pdf,Course module viewed
SYN2024_022,2024-11-28 14:26:44,Assignment,Assignment: 1,Submission status viewed
SYN2024_022,2024-11-28 18:31:00,File,Learning material 5.pdf,Course module viewed
SYN2024_022,2024-11-28 18:56:06,File,Learning material 1.pdf,Course module viewed
SYN2024_022,2024-11-28 19:09:35,File,Learning material 5.pdf,Course module viewed
SYN2024_022,2024-11-29 13:50:12,Forum,Course forum,Discussion viewed
SYN2024_022,2024-11-29 14:30:54,Quiz,Quiz: 1,Quiz attempt viewed
SYN2024_022,2024-11-29 14:40:34,File,Learning material 2.pdf,Course module viewed
SYN2024_022,2024-11-29 15:54:14,Quiz,Quiz: 1,Quiz attempt viewed
SYN2024_022,2024-11-29 16:48:04,File,Learning material 7.pdf,Course module viewed
SYN2024_022,2024-11-29 17:22:17,Assignment,Assignment: 1,Submission status viewed
SYN2024_022,2024-11-29 18:36:15,File,Learning material 5.pdf,Course module viewed
SYN2024_022,2024-11-29 20:12:02,Quiz,Quiz: 1,Quiz attempt viewed
SYN2024_022,2024-11-29 21:54:00,Assignment,Assignment: 2,Submission status viewed
SYN2024_022,2024-11-30 10:16:37,Quiz,Quiz: 2,Quiz attempt viewed
SYN2024_022,2024-11-30 12:55:51,Assignment,Assignment: 1,Submission status viewed
SYN2024_022,2024-11-30 14:00:18,File,Learning material 1.pdf,Course module viewed
SYN2024_022,2024-11-30 17:03:31,Assignment,Assignment: 3,Submission status viewed
SYN2024_022,2024-11-30 18:32:31,File,Learning material 1.pdf,Course module viewed
SYN2024_022,2024-12-01 12:17:07,Quiz,Quiz: 1,Quiz attempt viewed
SYN2024_022,2024-12-01 12:34:04,Assignment,Assignment: 3,Submission status viewed
SYN2024_022,2024-12-01 13:08:00,File,Learning material 5.pdf,Course module viewed
SYN2024_022,2024-12-01 14:53:47,Assignment,Assignment: 3,Submission status viewed
SYN2024_022,2024-12-01 16:06:56,Assignment,Assignment: 2,Submission status viewed
SYN2024_022,2024-12-02 14:26:31,Assignment,Assignment: 1,Submission status viewed
SYN2024_022,2024-12-02 16:07:29,File,Learning material 4.pdf,Course module viewed
SYN2024_022,2024-12-02 16:42:26,File,Learning material 8.pdf,Course module viewed
SYN2024_022,2024-12-02 16:55:17,File,Learning material 4.pdf,Course module viewed
SYN2024_022,2024-12-02 17:09:19,File,Learning material 1.pdf,Course module viewed
SYN2024_022,2024-12-02 18:30:49,Forum,Course forum,Discussion viewed
SYN2024_022,2024-12-02 18:56:55,Forum,Course forum,Discussion viewed
SYN2024_022,2024-12-02 19:38:47,File,Learning material 8.pdf,Course module viewed
SYN2024_023,2024-10-09 09:17:45,File,Learning material 6.pdf,Course module viewed
SYN2024_023,2024-10-09 17:08:37,Assignment,Assignment: 1,Submission status viewed
SYN2024_023,2024-10-10 16:46:27,File,Learning material 4.pdf,Course module viewed
SYN2024_023,2024-10-11 15:05:37,Assignment,Assignment: 1,Submission status viewed
SYN2024_023,2024-10-14 12:45:32,Assignment,Assignment: 1,Submission status viewed
SYN2024_023,2024-10-14 17:25:17,Assignment,Assignment: 2,Submission status viewed
SYN2024_023,2024-10-14 18:07:57,Quiz,Quiz: 3,Quiz attempt viewed
SYN2024_023,2024-10-22 16:40:57,File,Learning material 8.pdf,Course module viewed
SYN2024_023,2024-10-22 18:27:48,File,Learning material 1.pdf,Course module viewed
SYN2024_023,2024-10-23 14:33:34,File,Learning material 6.pdf,Course module viewed
SYN2024_023,2024-10-24 14:56:26,Forum,Course forum,Discussion viewed
SYN2024_023,2024-10-25 12:00:11,Assignment,Assignment: 2,Submission status viewed
SYN2024_023,2024-11-01 13:19:06,File,Learning material 4.pdf,Course module viewed
SYN2024_023,2024-11-01 18:04:49,Assignment,Assignment: 2,Assignment submitted
SYN2024_023,2024-11-04 14:05:01,File,Learning material 1.pdf,Course module viewed
SYN2024_023,2024-11-11 14:05:43,Forum,Course forum,Discussion viewed
SYN2024_023,2024-11-12 23:32:48,Assignment,Assignment: 3,Submission status viewed
SYN2024_023,2024-11-13 18:16:22,Assignment,Assignment: 3,Submission status viewed
SYN2024_023,2024-11-16 20:09:48,Assignment,Assignment: 2,Submission status viewed
SYN2024_023,2024-11-18 19:00:30,Assignment,Assignment: 2,Submission status viewed
SYN2024_023,2024-11-20 14:15:40,Assignment,Assignment: 1,Submission status viewed
SYN2024_023,2024-11-20 16:36:52,Assignment,Assignment: 3,Submission status viewed
SYN2024_023,2024-11-23 18:56:29,Assignment,Assignment: 3,Assignment submitted
SYN2024_023,2024-11-23 21:53:48,Assignment,Assignment: 1,Assignment submitted
SYN2024_023,2024-11-24 12:13:06,File,Learning material 4.pdf,Course module viewed
SYN2024_023,2024-11-24 13:44:49,File,Learning material 7.pdf,Course module viewed
SYN2024_023,2024-11-24 15:46:01,Quiz,Quiz: 3,Quiz attempt viewed
SYN2024_023,2024-11-24 16:32:51,File,Learning material 8.pdf,Course module viewed
SYN2024_023,2024-11-24 17:10:18,Quiz,Quiz: 1,Quiz attempt viewed
SYN2024_023,2024-11-24 18:43:51,File,Learning material 5.pdf,Course module viewed
SYN2024_023,2024-11-24 18:56:50,Assignment,Assignment: 1,Submission status viewed
SYN2024_023,2024-11-24 21:32:08,File,Learning material 1.pdf,Course module viewed
SYN2024_023,2024-11-25 07:42:14,Assignment,Assignment: 2,Submission status viewed
SYN2024_023,2024-11-25 13:02:08,File,Learning material 5.pdf,Course module viewed
SYN2024_023,2024-11-25 13:22:04,File,Learning material 1.pdf,Course module viewed
SYN2024_023,2024-11-25 17:31:53,Quiz,Quiz: 3,Quiz attempt viewed
SYN2024_023,2024-11-25 18:58:35,Quiz,Quiz: 2,Quiz attempt viewed
SYN2024_023,2024-11-26 13:48:59,Forum,Course forum,Discussion viewed
SYN2024_023,2024-11-26 16:33:45,Forum,Course forum,Discussion viewed
SYN2024_023,2024-11-27 14:59:09,File,Learning material 8.pdf,Course module viewed
SYN2024_023,2024-11-27 20:43:22,File,Learning material 7.pdf,Course module viewed
SYN2024_023,2024-11-28 15:17:40,Assignment,Assignment: 2,Submission status viewed
SYN2024_023,2024-11-28 16:23:20,File,Learning material 4.pdf,Course module viewed
SYN2024_023,2024-11-28 18:53:29,Assignment,Assignment: 2,Submission status viewed
SYN2024_023,2024-11-28 18:55:20,File,Learning material 5.pdf,Course module viewed
SYN2024_023,2024-11-28 18:56:10,Forum,Course forum,Discussion viewed
SYN2024_023,2024-11-28 20:35:03,Quiz,Quiz: 1,Quiz attempt viewed
SYN2024_023,2024-11-28 22:36:42,File,Learning material 8.pdf,Course module viewed
SYN2024_023,2024-11-29 16:11:57,File,Learning material 2.pdf,Course module viewed
SYN2024_023,2024-11-29 19:37:34,Assignment,Assignment: 2,Submission status viewed
SYN2024_023,2024-11-30 12:18:30,Quiz,Quiz: 1,Quiz attempt viewed
SYN2024_023,2024-11-30 15:28:17,File,Learning material 2.pdf,Course module viewed
SYN2024_023,2024-11-30 18:32:09,Assignment,Assignment: 3,Submission status viewed
SYN2024_023,2024-11-30 18:39:28,File,Learning material 4.pdf,Course module viewed
SYN2024_023,2024-12-01 15:50:11,File,Learning material 3.pdf,Course module viewed
SYN2024_023,2024-12-01 16:22:53,File,Learning material 1.pdf,Course module viewed
SYN2024_023,2024-12-01 16:35:43,File,Learning material 1.pdf,Course module viewed
SYN2024_023,2024-12-01 20:21:09,Quiz,Quiz: 3,Quiz attempt viewed
SYN2024_023,2024-12-02 16:29:32,Forum,Course forum,Discussion viewed
SYN2024_023,2024-12-02 17:47:12,File,Learning material 2.pdf,Course module viewed
SYN2024_023,2024-12-02 19:58:16,Forum,Course forum,Discussion viewed
SYN2024_024,2024-10-10 18:31:51,File,Learning material 1.pdf,Course module viewed
SYN2024_024,2024-10-10 19:29:14,File,Learning material 6.pdf,Course module viewed
SYN2024_024,2024-10-16 16:12:38,File,Learning material 8.pdf,Course module viewed
SYN2024_024,2024-10-18 17:10:38,File,Learning material 4.pdf,Course module viewed
SYN2024_024,2024-10-19 17:10:50,File,Learning material 4.pdf,Course module viewed
SYN2024_024,2024-10-23 14:03:01,Quiz,Quiz: 1,Quiz attempt viewed
SYN2024_024,2024-10-23 20:48:51,File,Learning material 7.pdf,Course module viewed
SYN2024_024,2024-10-25 20:02:21,File,Learning material 4.pdf,Course module viewed
SYN2024_024,2024-10-26 20:22:07,Assignment,Assignment: 2,Submission status viewed
SYN2024_024,2024-10-29 13:59:13,Assignment,Assignment: 2,Assignment submitted
SYN2024_024,2024-10-29 14:04:20,Forum,Course forum,Discussion viewed
SYN2024_024,2024-10-29 14:46:21,Assignment,Assignment: 1,Submission status viewed
SYN2024_024,2024-11-02 16:34:25,Quiz,Quiz: 2,Quiz attempt viewed
SYN2024_024,2024-11-03 21:36:48,Assignment,Assignment: 3,Submission status viewed
SYN2024_024,2024-11-05 11:33:33,Assignment,Assignment: 1,Submission status viewed
SYN2024_024,2024-11-10 17:13:26,Assignment,Assignment: 3,Assignment submitted
SYN2024_024,2024-11-11 12:49:41,Assignment,Assignment: 1,Submission status viewed
SYN2024_024,2024-11-11 21:22:58,File,Learning material 2.pdf,Course module viewed
SYN2024_024,2024-11-13 16:33:41,Assignment,Assignment: 1,Assignment submitted
SYN2024_024,2024-11-14 14:38:54,File,Learning material 6.pdf,Course module viewed
SYN2024_024,2024-11-14 15:36:42,Assignment,Assignment: 3,Submission status viewed
SYN2024_024,2024-11-14 18:37:30,Assignment,Assignment: 1,Submission status viewed
SYN2024_024,2024-11-15 18:20:25,Assignment,Assignment: 3,Submission status viewed
SYN2024_024,2024-11-16 16:33:07,File,Learning material 8.pdf,Course module viewed
SYN2024_024,2024-11-20 10:51:31,File,Learning material 5.pdf,Course module viewed
SYN2024_024,2024-11-25 20:40:59,Forum,Course forum,Discussion viewed
SYN2024_024,2024-11-27 14:25:15,Forum,Course forum,Discussion viewed
SYN2024_024,2024-11-28 16:44:41,File,Learning material 1.pdf,Course module viewed
SYN2024_024,2024-11-28 23:53:35,Assignment,Assignment: 1,Submission status viewed
SYN2024_024,2024-11-30 11:02:06,Quiz,Quiz: 1,Quiz attempt viewed
SYN2024_024,2024-11-30 13:19:14,File,Learning material 7.pdf,Course module viewed
SYN2024_024,2024-11-30 14:14:32,File,Learning material 4.pdf,Course module viewed
SYN2024_024,2024-11-30 14:20:39,Assignment,Assignment: 2,Submission status viewed
SYN2024_024,2024-11-30 14:41:21,File,Learning material 1.pdf,Course module viewed
SYN2024_024,2024-11-30 15:01:55,File,Learning material 5.pdf,Course module viewed
SYN2024_024,2024-11-30 16:25:45,File,Learning material 6.pdf,Course module viewed
SYN2024_024,2024-11-30 16:33:52,Assignment,Assignment: 1,Submission status viewed
SYN2024_024,2024-11-30 17:22:30,File,Learning material 8.pdf,Course module viewed
SYN2024_024,2024-11-30 17:41:52,File,Learning material 5.pdf,Course module viewed
SYN2024_024,2024-11-30 18:51:07,File,Learning material 3.pdf,Course module viewed
SYN2024_024,2024-11-30 19:28:10,File,Learning material 2.pdf,Course module viewed
SYN2024_024,2024-11-30 19:31:17,File,Learning material 7.pdf,Course module viewed
SYN2024_024,2024-11-30 19:41:01,File,Learning material 8.pdf,Course module viewed
SYN2024_024,2024-11-30 19:42:45,Assignment,Assignment: 1,Submission status viewed
SYN2024_024,2024-11-30 20:45:19,File,Learning material 1.pdf,Course module viewed
SYN2024_024,2024-11-30 20:47:41,Assignment,Assignment: 3,Submission status viewed
SYN2024_024,2024-11-30 22:12:45,File,Learning material 7.pdf,Course module viewed
SYN2024_024,2024-11-30 22:46:14,File,Learning material 6.pdf,Course module viewed
SYN2024_024,2024-11-30 23:04:31,Forum,Course forum,Discussion viewed
SYN2024_024,2024-12-01 11:03:16,Assignment,Assignment: 2,Submission status viewed
SYN2024_024,2024-12-01 11:29:59,File,Learning material 4.pdf,Course module viewed
SYN2024_024,2024-12-01 12:03:44,Quiz,Quiz: 2,Quiz attempt viewed
SYN2024_024,2024-12-01 12:55:41,Quiz,Quiz: 3,Quiz attempt viewed
SYN2024_024,2024-12-01 13:34:51,Assignment,Assignment: 1,Submission status viewed
SYN2024_024,2024-12-01 14:05:14,Quiz,Quiz: 2,Quiz attempt viewed
SYN2024_024,2024-12-01 14:52:29,File,Learning material 2.pdf,Course module viewed
SYN2024_024,2024-12-01 14:57:26,File,Learning material 3.pdf,Course module viewed
SYN2024_024,2024-12-01 16:31:25,Quiz,Quiz: 1,Quiz attempt viewed
SYN2024_024,2024-12-01 16:54:47,Quiz,Quiz: 2,Quiz attempt viewed
SYN2024_024,2024-12-01 16:58:23,Assignment,Assignment: 1,Submission status viewed
SYN2024_024,2024-12-01 17:05:56,File,Learning material 6.pdf,Course module viewed
SYN2024_024,2024-12-01 17:06:02,Assignment,Assignment: 1,Submission status viewed
SYN2024_024,2024-12-01 17:43:19,File,Learning material 5.pdf,Course module viewed
SYN2024_024,2024-12-01 18:23:01,File,Learning material 8.pdf,Course module viewed
SYN2024_024,2024-12-01 18:48:17,Assignment,Assignment: 1,Submission status viewed
SYN2024_024,2024-12-01 19:38:02,File,Learning material 4.pdf,Course module viewed
SYN2024_024,2024-12-01 19:43:43,File,Learning material 3.pdf,Course module viewed
SYN2024_024,2024-12-01 19:48:09,Quiz,Quiz: 2,Quiz attempt viewed
SYN2024_024,2024-12-01 20:14:32,File,Learning material 2.pdf,Course module viewed
SYN2024_024,2024-12-01 21:18:11,File,Learning material 8.pdf,Course module viewed
SYN2024_024,2024-12-01 23:11:19,File,Learning material 4.pdf,Course module viewed
SYN2024_024,2024-12-01 23:28:55,Assignment,Assignment: 3,Submission status viewed
SYN2024_024,2024-12-01 23:49:11,Assignment,Assignment: 1,Submission status viewed
SYN2024_024,2024-12-02 13:35:32,File,Learning material 6.pdf,Course module viewed
SYN2024_024,2024-12-02 14:02:11,File,Learning material 8.pdf,Course module viewed
SYN2024_024,2024-12-02 14:38:52,File,Learning material 3.pdf,Course module viewed
SYN2024_024,2024-12-02 14:55:03,Forum,Course forum,Discussion viewed
SYN2024_024,2024-12-02 15:30:15,File,Learning material 7.pdf,Course module viewed
SYN2024_024,2024-12-02 16:11:53,File,Learning material 4.pdf,Course module viewed
SYN2024_024,2024-12-02 16:21:14,File,Learning material 7.pdf,Course module viewed
SYN2024_024,2024-12-02 16:47:08,Quiz,Quiz: 2,Quiz attempt viewed
SYN2024_024,2024-12-02 17:31:17,File,Learning material 2.pdf,Course module viewed
SYN2024_024,2024-12-02 18:05:28,Quiz,Quiz: 3,Quiz attempt viewed
SYN2024_024,2024-12-02 18:25:54,File,Learning material 6.pdf,Course module viewed
SYN2024_024,2024-12-02 19:05:59,File,Learning material 5.pdf,Course module viewed
SYN2024_024,2024-12-02 19:07:52,Quiz,Quiz: 2,Quiz attempt viewed
SYN2024_024,2024-12-02 19:08:15,File,Learning material 1.pdf,Course module viewed
SYN2024_024,2024-12-02 19:15:37,Assignment,Assignment: 2,Submission status viewed
SYN2024_024,2024-12-02 19:54:06,Assignment,Assignment: 3,Submission status viewed
SYN2024_024,2024-12-02 20:06:35,Assignment,Assignment: 1,Submission status viewed
SYN2024_024,2024-12-02 20:16:19,File,Learning material 4.pdf,Course module viewed
SYN2024_024,2024-12-02 20:34:57,Quiz,Quiz: 1,Quiz attempt viewed
SYN2024_024,2024-12-02 21:50:47,File,Learning material 6.pdf,Course module viewed
SYN2024_024,2024-12-02 23:48:21,Quiz,Quiz: 1,Quiz attempt viewed
SYN2024_025,2024-10-14 13:20:11,Quiz,Quiz: 3,Quiz attempt viewed
SYN2024_025,2024-10-16 14:23:21,File,Learning material 7.pdf,Course module viewed
SYN2024_025,2024-10-20 17:03:12,Forum,Course forum,Discussion viewed
SYN2024_025,2024-10-30 06:44:03,File,Learning material 1.pdf,Course module viewed
SYN2024_025,2024-10-30 19:38:13,File,Learning material 8.pdf,Course module viewed
SYN2024_025,2024-11-01 19:13:05,File,Learning material 4.pdf,Course module viewed
SYN2024_025,2024-11-03 16:07:07,Quiz,Quiz: 2,Quiz attempt viewed
SYN2024_025,2024-11-05 13:01:09,Assignment,Assignment: 3,Submission status viewed
SYN2024_025,2024-11-07 12:07:56,Quiz,Quiz: 2,Quiz attempt viewed
SYN2024_025,2024-11-07 17:17:11,Assignment,Assignment: 1,Submission status viewed
SYN2024_025,2024-11-08 12:13:13,Quiz,Quiz: 1,Quiz attempt viewed
SYN2024_025,2024-11-10 09:50:04,File,Learning material 7.pdf,Course module viewed
SYN2024_025,2024-11-10 15:14:50,File,Learning material 4.pdf,Course module viewed
SYN2024_025,2024-11-10 16:27:11,Assignment,Assignment: 3,Assignment submitted
SYN2024_025,2024-11-11 23:37:37,File,Learning material 2.pdf,Course module viewed
SYN2024_025,2024-11-12 09:11:52,File,Learning material 5.pdf,Course module viewed
SYN2024_025,2024-11-13 08:00:06,File,Learning material 6.pdf,Course module viewed
SYN2024_025,2024-11-13 18:52:42,Assignment,Assignment: 1,Assignment submitted
SYN2024_025,2024-11-23 10:17:02,File,Learning material 5.pdf,Course module viewed
SYN2024_025,2024-11-23 16:08:57,File,Learning material 1.pdf,Course module viewed
SYN2024_025,2024-11-23 16:10:01,Assignment,Assignment: 2,Submission status viewed
SYN2024_025,2024-11-24 11:34:42,Quiz,Quiz: 2,Quiz attempt viewed
SYN2024_025,2024-11-25 11:58:34,File,Learning material 3.pdf,Course module viewed
SYN2024_025,2024-11-26 08:46:21,Quiz,Quiz: 3,Quiz attempt viewed
SYN2024_025,2024-11-26 12:16:05,File,Learning material 2.pdf,Course module viewed
SYN2024_025,2024-11-26 17:58:58,File,Learning material 2.pdf,Course module viewed
SYN2024_025,2024-11-27 11:27:12,Quiz,Quiz: 3,Quiz attempt viewed
SYN2024_025,2024-11-27 13:44:39,File,Learning material 1.pdf,Course module viewed
SYN2024_025,2024-11-29 16:19:00,File,Learning material 6.pdf,Course module viewed
SYN2024_025,2024-11-29 18:05:44,Assignment,Assignment: 2,Assignment submitted
SYN2024_025,2024-11-29 19:12:17,Assignment,Assignment: 3,Submission status viewed
SYN2024_025,2024-11-30 13:03:38,File,Learning material 6.pdf,Course module viewed
SYN2024_025,2024-11-30 13:24:54,Assignment,Assignment: 2,Submission status viewed
SYN2024_025,2024-12-02 10:07:11,File,Learning material 6.pdf,Course module viewed
SYN2024_026,2024-10-09 16:51:39,File,Learning material 4.pdf,Course module viewed
SYN2024_026,2024-10-10 18:45:12,File,Learning material 5.pdf,Course module viewed
SYN2024_026,2024-10-13 16:27:07,File,Learning material 3.pdf,Course module viewed
SYN2024_026,2024-10-14 10:08:23,Assignment,Assignment: 2,Submission status viewed
SYN2024_026,2024-10-15 12:14:58,Forum,Course forum,Discussion viewed
SYN2024_026,2024-10-27 07:17:05,Quiz,Quiz: 2,Quiz attempt viewed
SYN2024_026,2024-10-27 17:36:21,File,Learning material 5.pdf,Course module viewed
SYN2024_026,2024-10-31 13:29:17,Quiz,Quiz: 3,Quiz attempt viewed
SYN2024_026,2024-10-31 17:19:03,File,Learning material 4.pdf,Course module viewed
SYN2024_026,2024-10-31 18:56:19,Assignment,Assignment: 2,Submission status viewed
SYN2024_026,2024-11-03 14:57:27,File,Learning material 1.pdf,Course module viewed
SYN2024_026,2024-11-04 16:07:24,Assignment,Assignment: 2,Assignment submitted
SYN2024_026,2024-11-05 18:24:57,File,Learning material 6.pdf,Course module viewed
SYN2024_026,2024-11-07 19:55:02,File,Learning material 1.pdf,Course module viewed
SYN2024_026,2024-11-08 17:16:05,File,Learning material 3.pdf,Course module viewed
SYN2024_026,2024-11-10 15:12:57,File,Learning material 5.pdf,Course module viewed
SYN2024_026,2024-11-10 15:29:19,File,Learning material 1.pdf,Course module viewed
SYN2024_026,2024-11-11 18:08:31,File,Learning material 4.pdf,Course module viewed
SYN2024_026,2024-11-12 16:09:48,Quiz,Quiz: 2,Quiz attempt viewed
SYN2024_026,2024-11-12 19:26:11,Quiz,Quiz: 2,Quiz attempt viewed
SYN2024_026,2024-11-14 12:54:10,File,Learning material 1.pdf,Course module viewed
SYN2024_026,2024-11-14 13:08:49,Assignment,Assignment: 3,Submission status viewed
SYN2024_026,2024-11-14 13:30:56,File,Learning material 6.pdf,Course module viewed
SYN2024_026,2024-11-14 15:47:01,Assignment,Assignment: 1,Submission status viewed
SYN2024_026,2024-11-16 15:12:33,File,Learning material 7.pdf,Course module viewed
SYN2024_026,2024-11-18 10:24:38,Assignment,Assignment: 1,Assignment submitted
SYN2024_026,2024-11-19 18:25:02,Assignment,Assignment: 3,Submission status viewed
SYN2024_026,2024-11-20 17:19:38,Quiz,Quiz: 3,Quiz attempt viewed
SYN2024_026,2024-11-22 14:05:15,File,Learning material 5.pdf,Course module viewed
SYN2024_026,2024-11-22 15:01:50,File,Learning material 1.pdf,Course module viewed
SYN2024_026,2024-11-22 16:30:24,Assignment,Assignment: 1,Submission status viewed
SYN2024_026,2024-11-22 16:33:34,Assignment,Assignment: 3,Submission status viewed
SYN2024_026,2024-11-22 17:56:01,File,Learning material 3.pdf,Course module viewed
SYN2024_026,2024-11-22 23:22:52,Assignment,Assignment: 3,Assignment submitted
SYN2024_026,2024-11-23 11:31:24,Assignment,Assignment: 2,Submission status viewed
SYN2024_026,2024-11-23 14:22:39,Quiz,Quiz: 2,Quiz attempt viewed
SYN2024_026,2024-11-23 18:06:55,File,Learning material 2.pdf,Course module viewed
SYN2024_026,2024-11-24 13:51:41,File,Learning material 8.pdf,Course module viewed
SYN2024_026,2024-11-24 14:47:38,File,Learning material 1.pdf,Course module viewed
SYN2024_026,2024-11-24 15:06:08,File,Learning material 7.pdf,Course module viewed
SYN2024_026,2024-11-24 15:59:42,File,Learning material 2.pdf,Course module viewed
SYN2024_026,2024-11-25 13:33:46,File,Learning material 3.pdf,Course module viewed
SYN2024_026,2024-11-25 18:34:48,File,Learning material 5.pdf,Course module viewed
SYN2024_026,2024-11-27 17:01:28,File,Learning material 7.pdf,Course module viewed
SYN2024_026,2024-11-28 13:27:15,File,Learning material 8.pdf,Course module viewed
SYN2024_026,2024-11-28 17:25:19,Forum,Course forum,Discussion viewed
SYN2024_026,2024-11-29 13:44:27,File,Learning material 3.pdf,Course module viewed
SYN2024_026,2024-11-29 18:49:25,Assignment,Assignment: 3,Submission status viewed
SYN2024_026,2024-11-29 19:14:15,Quiz,Quiz: 2,Quiz attempt viewed
SYN2024_026,2024-11-30 17:49:02,File,Learning material 8.pdf,Course module viewed
SYN2024_026,2024-11-30 19:00:06,File,Learning material 6.pdf,Course module viewed
SYN2024_026,2024-11-30 19:47:01,File,Learning material 1.pdf,Course module viewed
SYN2024_026,2024-12-01 15:05:32,Forum,Course forum,Discussion viewed
SYN2024_026,2024-12-01 18:15:24,File,Learning material 7.pdf,Course module viewed
SYN2024_026,2024-12-01 19:59:51,Assignment,Assignment: 1,Submission status viewed
SYN2024_026,2024-12-02 09:03:27,Assignment,Assignment: 2,Submission status viewed
SYN2024_026,2024-12-02 16:52:41,Quiz,Quiz: 1,Quiz attempt viewed
SYN2024_026,2024-12-02 18:38:21,File,Learning material 2.pdf,Course module viewed
SYN2024_027,2024-10-09 14:58:56,Quiz,Quiz: 2,Quiz attempt viewed
SYN2024_027,2024-10-17 10:17:12,Assignment,Assignment: 3,Submission status viewed
SYN2024_027,2024-10-18 14:47:32,Quiz,Quiz: 3,Quiz attempt viewed
SYN2024_027,2024-10-20 17:32:35,File,Learning material 6.pdf,Course module viewed
SYN2024_027,2024-10-24 17:42:19,File,Learning material 5.pdf,Course module viewed
SYN2024_027,2024-10-28 17:45:32,Quiz,Quiz: 1,Quiz attempt viewed
SYN2024_027,2024-10-30 17:52:06,Quiz,Quiz: 2,Quiz attempt viewed
SYN2024_027,2024-10-30 19:19:54,Assignment,Assignment: 1,Submission status viewed
SYN2024_027,2024-11-02 11:06:24,Assignment,Assignment: 2,Submission status viewed
SYN2024_027,2024-11-03 15:41:13,Quiz,Quiz: 1,Quiz attempt viewed
SYN2024_027,2024-11-04 12:11:49,File,Learning material 3.pdf,Course module viewed
SYN2024_027,2024-11-05 17:17:13,Assignment,Assignment: 1,Assignment submitted
SYN2024_027,2024-11-07 17:18:39,Assignment,Assignment: 2,Assignment submitted
SYN2024_027,2024-11-08 17:35:14,Assignment,Assignment: 2,Submission status viewed
SYN2024_027,2024-11-15 18:40:14,File,Learning material 7.pdf,Course module viewed
SYN2024_027,2024-11-15 18:58:02,Quiz,Quiz: 2,Quiz attempt viewed
SYN2024_027,2024-11-19 10:12:38,Assignment,Assignment: 3,Submission status viewed
SYN2024_027,2024-11-23 11:02:45,Assignment,Assignment: 1,Submission status viewed
SYN2024_027,2024-11-23 14:51:15,File,Learning material 4.pdf,Course module viewed
SYN2024_027,2024-11-23 17:19:19,File,Learning material 1.pdf,Course module viewed
SYN2024_027,2024-11-23 18:55:18,File,Learning material 5.pdf,Course module viewed
SYN2024_027,2024-11-23 20:21:14,Assignment,Assignment: 3,Assignment submitted
SYN2024_027,2024-11-25 16:56:39,File,Learning material 4.pdf,Course module viewed
SYN2024_027,2024-11-26 12:21:50,Quiz,Quiz: 2,Quiz attempt viewed
SYN2024_027,2024-11-26 12:34:36,Forum,Course forum,Discussion viewed
SYN2024_027,2024-11-26 13:07:21,File,Learning material 3.pdf,Course module viewed
SYN2024_027,2024-11-26 13:23:34,Assignment,Assignment: 3,Submission status viewed
SYN2024_027,2024-11-26 16:36:11,Quiz,Quiz: 3,Quiz attempt viewed
SYN2024_027,2024-11-27 12:38:08,File,Learning material 4.pdf,Course module viewed
SYN2024_027,2024-11-27 12:43:29,Quiz,Quiz: 3,Quiz attempt viewed
SYN2024_027,2024-11-30 13:15:37,Forum,Course forum,Discussion viewed
SYN2024_027,2024-12-01 16:43:11,File,Learning material 3.pdf,Course module viewed
SYN2024_027,2024-12-02 11:49:03,File,Learning material 7.pdf,Course module viewed
SYN2024_028,2024-10-09 17:39:31,Quiz,Quiz: 1,Quiz attempt viewed
SYN2024_028,2024-10-09 22:17:53,Quiz,Quiz: 3,Quiz attempt viewed
SYN2024_028,2024-10-13 19:37:15,File,Learning material 8.pdf,Course module viewed
SYN2024_028,2024-10-18 17:30:52,Forum,Course forum,Discussion viewed
SYN2024_028,2024-10-18 18:22:35,File,Learning material 2.pdf,Course module viewed
SYN2024_028,2024-10-19 16:49:28,Assignment,Assignment: 2,Submission status viewed
SYN2024_028,2024-10-19 17:55:17,Quiz,Quiz: 1,Quiz attempt viewed
SYN2024_028,2024-10-26 18:04:32,Assignment,Assignment: 1,Submission status viewed
SYN2024_028,2024-10-30 12:21:04,Assignment,Assignment: 2,Submission status viewed
SYN2024_028,2024-10-31 12:41:41,Assignment,Assignment: 1,Assignment submitted
SYN2024_028,2024-10-31 17:42:42,Forum,Course forum,Discussion viewed
SYN2024_028,2024-10-31 18:12:35,Assignment,Assignment: 2,Assignment submitted
SYN2024_028,2024-10-31 23:25:44,File,Learning material 3.pdf,Course module viewed
SYN2024_028,2024-11-03 18:18:13,File,Learning material 7.pdf,Course module viewed
SYN2024_028,2024-11-04 14:51:14,File,Learning material 5.pdf,Course module viewed
SYN2024_028,2024-11-09 18:31:43,Assignment,Assignment: 3,Submission status viewed
SYN2024_028,2024-11-11 19:50:39,Assignment,Assignment: 3,Assignment submitted
SYN2024_028,2024-11-16 14:40:00,File,Learning material 1.pdf,Course module viewed
SYN2024_028,2024-11-16 16:17:52,Assignment,Assignment: 1,Submission status viewed
SYN2024_028,2024-11-16 18:43:24,Assignment,Assignment: 2,Submission status viewed
SYN2024_028,2024-11-21 14:16:19,File,Learning material 8.pdf,Course module viewed
SYN2024_028,2024-11-25 21:07:38,Forum,Course forum,Discussion viewed
SYN2024_028,2024-11-26 14:58:06,Assignment,Assignment: 1,Submission status viewed
SYN2024_028,2024-11-29 12:19:54,File,Learning material 2.pdf,Course module viewed
SYN2024_028,2024-11-29 13:08:52,Assignment,Assignment: 1,Submission status viewed
SYN2024_028,2024-11-29 14:50:48,File,Learning material 4.pdf,Course module viewed
SYN2024_028,2024-11-29 15:28:10,Forum,Course forum,Discussion viewed
SYN2024_028,2024-11-29 15:58:30,Assignment,Assignment: 3,Submission status viewed
SYN2024_028,2024-11-29 17:07:15,Assignment,Assignment: 1,Submission status viewed
SYN2024_028,2024-11-29 17:23:18,File,Learning material 6.pdf,Course module viewed
SYN2024_028,2024-11-29 18:00:10,File,Learning material 3.pdf,Course module viewed
SYN2024_028,2024-11-29 18:56:20,Quiz,Quiz: 3,Quiz attempt viewed
SYN2024_028,2024-11-29 19:40:43,Assignment,Assignment: 1,Submission status viewed
SYN2024_028,2024-11-29 20:32:39,Quiz,Quiz: 2,Quiz attempt viewed
SYN2024_028,2024-11-29 20:39:50,Quiz,Quiz: 3,Quiz attempt viewed
SYN2024_028,2024-11-29 21:45:58,File,Learning material 8.pdf,Course module viewed
SYN2024_028,2024-11-29 21:46:04,File,Learning material 1.pdf,Course module viewed
SYN2024_028,2024-11-30 09:03:42,Assignment,Assignment: 1,Submission status viewed
SYN2024_028,2024-11-30 13:35:02,File,Learning material 8.pdf,Course module viewed
SYN2024_028,2024-11-30 13:43:51,File,Learning material 6.pdf,Course module viewed
SYN2024_028,2024-11-30 14:16:51,Assignment,Assignment: 2,Submission status viewed
SYN2024_028,2024-11-30 15:50:39,Assignment,Assignment: 3,Submission status viewed
SYN2024_028,2024-11-30 16:28:16,Quiz,Quiz: 1,Quiz attempt viewed
SYN2024_028,2024-11-30 16:28:20,Quiz,Quiz: 1,Quiz attempt viewed
SYN2024_028,2024-11-30 18:06:43,File,Learning material 1.pdf,Course module viewed
SYN2024_028,2024-11-30 18:34:45,File,Learning material 8.pdf,Course module viewed
SYN2024_028,2024-11-30 19:37:53,File,Learning material 2.pdf,Course module viewed
SYN2024_028,2024-11-30 22:40:02,File,Learning material 8.pdf,Course module viewed
SYN2024_028,2024-11-30 22:55:52,File,Learning material 7.pdf,Course module viewed
SYN2024_028,2024-11-30 23:16:20,File,Learning material 2.pdf,Course module viewed
SYN2024_028,2024-12-01 13:08:42,File,Learning material 6.pdf,Course module viewed
SYN2024_028,2024-12-01 14:18:00,File,Learning material 7.pdf,Course module viewed
SYN2024_028,2024-12-01 14:49:52,Quiz,Quiz: 3,Quiz attempt viewed
SYN2024_028,2024-12-01 15:15:34,File,Learning material 3.pdf,Course module viewed
SYN2024_028,2024-12-01 15:27:50,File,Learning material 8.pdf,Course module viewed
SYN2024_028,2024-12-01 16:58:20,Quiz,Quiz: 2,Quiz attempt viewed
SYN2024_028,2024-12-01 17:08:59,File,Learning material 2.pdf,Course module viewed
SYN2024_028,2024-12-01 17:24:04,Forum,Course forum,Discussion viewed
SYN2024_028,2024-12-01 17:33:26,Forum,Course forum,Discussion viewed
SYN2024_028,2024-12-01 18:05:33,File,Learning material 3.pdf,Course module viewed
SYN2024_028,2024-12-01 18:46:08,File,Learning material 1.pdf,Course module viewed
SYN2024_028,2024-12-01 19:18:51,File,Learning material 1.pdf,Course module viewed
SYN2024_028,2024-12-01 19:58:26,File,Learning material 2.pdf,Course module viewed
SYN2024_028,2024-12-01 20:11:45,Assignment,Assignment: 2,Submission status viewed
SYN2024_028,2024-12-02 11:06:50,File,Learning material 3.pdf,Course module viewed
SYN2024_028,2024-12-02 11:23:04,File,Learning material 2.pdf,Course module viewed
SYN2024_028,2024-12-02 12:08:10,Forum,Course forum,Discussion viewed
SYN2024_028,2024-12-02 13:31:41,Quiz,Quiz: 2,Quiz attempt viewed
SYN2024_028,2024-12-02 15:02:22,File,Learning material 4.pdf,Course module viewed
SYN2024_028,2024-12-02 16:00:56,File,Learning material 4.pdf,Course module viewed
SYN2024_028,2024-12-02 17:08:53,File,Learning material 1.pdf,Course module viewed
SYN2024_028,2024-12-02 17:22:15,Forum,Course forum,Discussion viewed
SYN2024_028,2024-12-02 17:52:39,File,Learning material 2.pdf,Course module viewed
SYN2024_028,2024-12-02 19:31:12,File,Learning material 1.pdf,Course module viewed
SYN2024_028,2024-12-02 23:23:11,Quiz,Quiz: 3,Quiz attempt viewed
SYN2024_029,2024-10-09 20:29:30,File,Learning material 5.pdf,Course module viewed
SYN2024_029,2024-10-12 17:04:48,File,Learning material 2.pdf,Course module viewed
SYN2024_029,2024-10-13 21:19:14,File,Learning material 1.pdf,Course module viewed
SYN2024_029,2024-10-14 22:45:23,File,Learning material 5.pdf,Course module viewed
SYN2024_029,2024-10-16 13:31:31,File,Learning material 8.pdf,Course module viewed
SYN2024_029,2024-10-25 20:55:00,File,Learning material 1.pdf,Course module viewed
SYN2024_029,2024-11-01 10:13:16,Quiz,Quiz: 2,Quiz attempt viewed
SYN2024_029,2024-11-04 15:38:22,Quiz,Quiz: 3,Quiz attempt viewed
SYN2024_029,2024-11-04 16:44:01,Assignment,Assignment: 2,Submission status viewed
SYN2024_029,2024-11-06 16:36:33,Forum,Course forum,Discussion viewed
SYN2024_029,2024-11-07 16:22:10,File,Learning material 4.pdf,Course module viewed
SYN2024_029,2024-11-07 19:38:07,Assignment,Assignment: 2,Assignment submitted
SYN2024_029,2024-11-14 18:35:46,Assignment,Assignment: 1,Submission status viewed
SYN2024_029,2024-11-19 16:29:44,Assignment,Assignment: 2,Submission status viewed
SYN2024_029,2024-11-20 11:18:12,Quiz,Quiz: 1,Quiz attempt viewed
SYN2024_029,2024-11-20 17:56:52,File,Learning material 3.pdf,Course module viewed
SYN2024_029,2024-11-21 18:42:45,Assignment,Assignment: 1,Submission status viewed
SYN2024_029,2024-11-21 19:04:55,File,Learning material 5.pdf,Course module viewed
SYN2024_029,2024-11-21 19:11:46,Quiz,Quiz: 2,Quiz attempt viewed
SYN2024_029,2024-11-22 15:14:44,Assignment,Assignment: 1,Submission status viewed
SYN2024_029,2024-11-22 18:50:36,File,Learning material 1.pdf,Course module viewed
SYN2024_029,2024-11-22 21:17:01,Assignment,Assignment: 3,Submission status viewed
SYN2024_029,2024-11-22 23:51:26,Assignment,Assignment: 2,Submission status viewed
SYN2024_029,2024-11-23 15:38:54,File,Learning material 8.pdf,Course module viewed
SYN2024_029,2024-11-23 19:51:36,File,Learning material 5.pdf,Course module viewed
SYN2024_029,2024-11-24 12:20:36,Quiz,Quiz: 2,Quiz attempt viewed
SYN2024_029,2024-11-24 12:37:18,Forum,Course forum,Discussion viewed
SYN2024_029,2024-11-24 13:37:12,Quiz,Quiz: 2,Quiz attempt viewed
SYN2024_029,2024-11-24 14:42:19,File,Learning material 5.pdf,Course module viewed
SYN2024_029,2024-11-25 15:51:14,Assignment,Assignment: 3,Assignment submitted
SYN2024_029,2024-11-25 16:39:36,File,Learning material 3.pdf,Course module viewed
SYN2024_029,2024-11-25 19:55:53,File,Learning material 4.pdf,Course module viewed
SYN2024_029,2024-11-25 20:13:15,File,Learning material 6.pdf,Course module viewed
SYN2024_029,2024-11-26 09:29:42,File,Learning material 2.pdf,Course module viewed
SYN2024_029,2024-11-26 10:24:20,File,Learning material 1.pdf,Course module viewed
SYN2024_029,2024-11-26 15:08:20,Forum,Course forum,Discussion viewed
SYN2024_029,2024-11-27 09:39:03,File,Learning material 8.pdf,Course module viewed
SYN2024_029,2024-11-27 11:15:57,File,Learning material 3.pdf,Course module viewed
SYN2024_029,2024-11-27 13:03:38,File,Learning material 2.pdf,Course module viewed
SYN2024_029,2024-11-27 15:47:04,Assignment,Assignment: 1,Submission status viewed
SYN2024_029,2024-11-27 16:58:06,File,Learning material 7.pdf,Course module viewed
SYN2024_029,2024-11-28 13:48:28,File,Learning material 7.pdf,Course module viewed
SYN2024_029,2024-11-28 16:37:18,File,Learning material 3.pdf,Course module viewed
SYN2024_029,2024-11-28 17:47:52,Quiz,Quiz: 1,Quiz attempt viewed
SYN2024_029,2024-11-28 19:46:45,File,Learning material 7.pdf,Course module viewed
SYN2024_029,2024-11-29 15:04:57,Quiz,Quiz: 3,Quiz attempt viewed
SYN2024_029,2024-11-29 15:19:55,Quiz,Quiz: 1,Quiz attempt viewed
SYN2024_029,2024-11-29 15:54:15,File,Learning material 5.pdf,Course module viewed
SYN2024_029,2024-11-29 15:56:10,Assignment,Assignment: 1,Submission status viewed
SYN2024_029,2024-11-29 17:34:39,Quiz,Quiz: 2,Quiz attempt viewed
SYN2024_029,2024-11-29 17:40:06,Assignment,Assignment: 2,Submission status viewed
SYN2024_029,2024-11-29 18:41:05,Assignment,Assignment: 3,Submission status viewed
SYN2024_029,2024-11-30 12:34:03,File,Learning material 1.pdf,Course module viewed
SYN2024_029,2024-11-30 13:16:12,Assignment,Assignment: 1,Assignment submitted
SYN2024_029,2024-11-30 22:19:05,File,Learning material 4.pdf,Course module viewed
SYN2024_029,2024-12-01 15:37:09,Quiz,Quiz: 1,Quiz attempt viewed
SYN2024_029,2024-12-01 16:34:14,Assignment,Assignment: 2,Submission status viewed
SYN2024_029,2024-12-01 17:17:31,File,Learning material 5.pdf,Course module viewed
SYN2024_029,2024-12-02 10:26:34,Assignment,Assignment: 1,Submission status viewed
SYN2024_029,2024-12-02 12:02:56,Quiz,Quiz: 3,Quiz attempt viewed
SYN2024_029,2024-12-02 14:11:39,File,Learning material 5.pdf,Course module viewed
SYN2024_029,2024-12-02 15:09:12,File,Learning material 5.pdf,Course module viewed
SYN2024_029,2024-12-02 17:01:22,File,Learning material 2.pdf,Course module viewed
SYN2024_029,2024-12-02 17:22:09,File,Learning material 5.pdf,Course module viewed
SYN2024_029,2024-12-02 17:42:07,Forum,Course forum,Discussion viewed
SYN2024_029,2024-12-02 23:23:41,Forum,Course forum,Discussion viewed
SYN2024_030,2024-10-10 13:30:26,File,Learning material 6.pdf,Course module viewed
SYN2024_030,2024-10-11 12:33:18,Assignment,Assignment: 2,Submission status viewed
SYN2024_030,2024-10-15 19:45:47,File,Learning material 6.pdf,Course module viewed
SYN2024_030,2024-10-16 21:52:27,File,Learning material 1.pdf,Course module viewed
SYN2024_030,2024-10-20 11:24:23,File,Learning material 6.pdf,Course module viewed
SYN2024_030,2024-10-21 18:50:25,File,Learning material 1.pdf,Course module viewed
SYN2024_030,2024-10-24 16:25:21,Forum,Course forum,Discussion viewed
SYN2024_030,2024-10-24 16:36:18,File,Learning material 3.pdf,Course module viewed
SYN2024_030,2024-10-26 12:14:16,File,Learning material 1.pdf,Course module viewed
SYN2024_030,2024-10-29 15:09:10,File,Learning material 1.pdf,Course module viewed
SYN2024_030,2024-10-30 19:22:30,File,Learning material 2.pdf,Course module viewed
SYN2024_030,2024-11-02 16:58:43,Assignment,Assignment: 2,Submission status viewed
SYN2024_030,2024-11-04 19:39:47,Quiz,Quiz: 1,Quiz attempt viewed
SYN2024_030,2024-11-05 12:46:37,Assignment,Assignment: 2,Submission status viewed
SYN2024_030,2024-11-05 15:03:11,Assignment,Assignment: 3,Submission status viewed
SYN2024_030,2024-11-06 13:23:32,Assignment,Assignment: 2,Assignment submitted
SYN2024_030,2024-11-10 18:04:04,Assignment,Assignment: 1,Submission status viewed
SYN2024_030,2024-11-17 11:42:20,Assignment,Assignment: 3,Submission status viewed
SYN2024_030,2024-11-17 17:24:02,File,Learning material 6.pdf,Course module viewed
SYN2024_030,2024-11-18 15:50:54,Assignment,Assignment: 1,Submission status viewed
SYN2024_030,2024-11-20 15:55:51,File,Learning material 3.pdf,Course module viewed
SYN2024_030,2024-11-21 16:06:10,File,Learning material 8.pdf,Course module viewed
SYN2024_030,2024-11-22 13:18:19,Forum,Course forum,Discussion viewed
SYN2024_030,2024-11-23 17:46:32,Assignment,Assignment: 3,Submission status viewed
SYN2024_030,2024-11-25 18:06:23,File,Learning material 4.pdf,Course module viewed
SYN2024_030,2024-11-26 23:57:02,Assignment,Assignment: 1,Assignment submitted
SYN2024_030,2024-11-27 11:07:56,File,Learning material 6.pdf,Course module viewed
SYN2024_030,2024-11-27 12:19:18,File,Learning material 5.pdf,Course module viewed
SYN2024_030,2024-11-27 13:52:50,File,Learning material 2.pdf,Course module viewed
SYN2024_030,2024-11-27 15:04:50,File,Learning material 8.pdf,Course module viewed
SYN2024_030,2024-11-27 18:52:29,File,Learning material 1.pdf,Course module viewed
SYN2024_030,2024-11-27 19:35:33,Assignment,Assignment: 3,Assignment submitted
SYN2024_030,2024-11-27 20:12:53,Assignment,Assignment: 1,Submission status viewed
SYN2024_030,2024-11-28 14:48:35,Forum,Course forum,Discussion viewed
SYN2024_030,2024-11-28 17:25:02,File,Learning material 6.pdf,Course module viewed
SYN2024_030,2024-11-28 19:43:45,File,Learning material 5.pdf,Course module viewed
SYN2024_030,2024-11-30 15:03:07,File,Learning material 5.pdf,Course module viewed
SYN2024_030,2024-12-01 16:09:13,Assignment,Assignment: 3,Submission status viewed
SYN2024_030,2024-12-02 12:48:16,File,Learning material 2.pdf,Course module viewed
SYN2024_030,2024-12-02 16:02:06,Quiz,Quiz: 2,Quiz attempt viewed
SYN2024_031,2024-10-09 13:40:49,File,Learning material 3.pdf,Course module viewed
SYN2024_031,2024-10-12 16:17:39,File,Learning material 4.pdf,Course module viewed
SYN2024_031,2024-10-13 11:26:10,File,Learning material 2.pdf,Course module viewed
SYN2024_031,2024-10-13 14:30:07,Quiz,Quiz: 1,Quiz attempt viewed
SYN2024_031,2024-10-14 17:55:35,File,Learning material 3.pdf,Course module viewed
SYN2024_031,2024-10-17 13:53:04,Forum,Course forum,Discussion viewed
SYN2024_031,2024-10-18 04:25:13,File,Learning material 7.pdf,Course module viewed
SYN2024_031,2024-10-25 14:02:55,File,Learning material 8.pdf,Course module viewed
SYN2024_031,2024-10-29 15:51:03,Assignment,Assignment: 3,Submission status viewed
SYN2024_031,2024-10-31 09:50:45,File,Learning material 5.pdf,Course module viewed
SYN2024_031,2024-11-02 09:56:34,File,Learning material 8.pdf,Course module viewed
SYN2024_031,2024-11-02 15:53:41,File,Learning material 3.pdf,Course module viewed
SYN2024_031,2024-11-03 14:34:52,File,Learning material 8.pdf,Course module viewed
SYN2024_031,2024-11-04 15:10:00,Assignment,Assignment: 2,Submission status viewed
SYN2024_031,2024-11-04 16:47:45,File,Learning material 2.pdf,Course module viewed
SYN2024_031,2024-11-05 08:29:46,File,Learning material 4.pdf,Course module viewed
SYN2024_031,2024-11-06 13:09:13,File,Learning material 6.pdf,Course module viewed
SYN2024_031,2024-11-07 18:53:25,File,Learning material 7.pdf,Course module viewed
SYN2024_031,2024-11-07 19:32:57,Assignment,Assignment: 3,Assignment submitted
SYN2024_031,2024-11-08 12:09:07,Assignment,Assignment: 2,Assignment submitted
SYN2024_031,2024-11-11 14:48:41,Assignment,Assignment: 1,Submission status viewed
SYN2024_031,2024-11-14 18:55:48,File,Learning material 2.pdf,Course module viewed
SYN2024_031,2024-11-15 22:29:27,Assignment,Assignment: 1,Assignment submitted
SYN2024_031,2024-11-20 19:31:44,File,Learning material 1.pdf,Course module viewed
SYN2024_031,2024-11-20 19:44:21,File,Learning material 5.pdf,Course module viewed
SYN2024_031,2024-11-22 06:55:46,File,Learning material 1.pdf,Course module viewed
SYN2024_031,2024-11-22 14:05:50,Assignment,Assignment: 2,Submission status viewed
SYN2024_031,2024-11-22 17:15:15,File,Learning material 5.pdf,Course module viewed
SYN2024_031,2024-11-23 11:20:14,File,Learning material 6.pdf,Course module viewed
SYN2024_031,2024-11-23 11:27:33,Quiz,Quiz: 1,Quiz attempt viewed
SYN2024_031,2024-11-23 12:16:59,Forum,Course forum,Discussion viewed
SYN2024_031,2024-11-23 13:10:52,Forum,Course forum,Discussion viewed
SYN2024_031,2024-11-23 16:03:26,Assignment,Assignment: 1,Submission status viewed
SYN2024_031,2024-11-24 16:50:22,File,Learning material 8.pdf,Course module viewed
SYN2024_031,2024-11-25 10:36:21,Quiz,Quiz: 1,Quiz attempt viewed
SYN2024_031,2024-11-25 14:25:12,File,Learning material 6.pdf,Course module viewed
SYN2024_031,2024-11-26 13:03:04,File,Learning material 8.pdf,Course module viewed
SYN2024_031,2024-11-26 22:54:54,Assignment,Assignment: 2,Submission status viewed
SYN2024_031,2024-11-27 16:47:03,File,Learning material 8.pdf,Course module viewed
SYN2024_031,2024-11-29 14:34:57,File,Learning material 8.pdf,Course module viewed
SYN2024_031,2024-11-30 11:49:47,Quiz,Quiz: 2,Quiz attempt viewed
SYN2024_031,2024-12-02 17:13:19,File,Learning material 3.pdf,Course module viewed
SYN2024_032,2024-10-10 15:29:08,Forum,Course forum,Discussion viewed
SYN2024_032,2024-10-10 21:22:01,File,Learning material 4.pdf,Course module viewed
SYN2024_032,2024-10-14 18:59:58,Assignment,Assignment: 1,Submission status viewed
SYN2024_032,2024-10-15 14:48:51,Assignment,Assignment: 2,Submission status viewed
SYN2024_032,2024-10-16 16:47:23,Assignment,Assignment: 2,Submission status viewed
SYN2024_032,2024-10-16 17:55:07,File,Learning material 1.pdf,Course module viewed
SYN2024_032,2024-10-18 16:35:33,Assignment,Assignment: 3,Submission status viewed
SYN2024_032,2024-10-18 19:33:52,Quiz,Quiz: 3,Quiz attempt viewed
SYN2024_032,2024-10-20 15:25:21,File,Learning material 6.pdf,Course module viewed
SYN2024_032,2024-10-23 13:39:38,File,Learning material 7.pdf,Course module viewed
SYN2024_032,2024-10-24 13:49:31,Assignment,Assignment: 3,Submission status viewed
SYN2024_032,2024-10-26 09:03:43,File,Learning material 8.pdf,Course module viewed
SYN2024_032,2024-10-27 16:17:31,Assignment,Assignment: 1,Submission status viewed
SYN2024_032,2024-10-27 23:46:42,Forum,Course forum,Discussion viewed
SYN2024_032,2024-10-28 11:36:43,Assignment,Assignment: 3,Submission status viewed
SYN2024_032,2024-10-28 17:02:42,Assignment,Assignment: 3,Submission status viewed
SYN2024_032,2024-10-29 09:12:48,Forum,Course forum,Discussion viewed
SYN2024_032,2024-10-29 19:58:36,Assignment,Assignment: 1,Assignment submitted
SYN2024_032,2024-11-01 15:29:51,Quiz,Quiz: 1,Quiz attempt viewed
SYN2024_032,2024-11-03 15:52:26,Assignment,Assignment: 3,Assignment submitted
SYN2024_032,2024-11-06 10:58:14,Assignment,Assignment: 3,Submission status viewed
SYN2024_032,2024-11-06 13:50:11,File,Learning material 2.pdf,Course module viewed
SYN2024_032,2024-11-06 18:36:35,Assignment,Assignment: 2,Submission status viewed
SYN2024_032,2024-11-08 18:53:26,Quiz,Quiz: 1,Quiz attempt viewed
SYN2024_032,2024-11-09 18:05:36,Forum,Course forum,Discussion viewed
SYN2024_032,2024-11-09 23:50:45,Assignment,Assignment: 3,Submission status viewed
SYN2024_032,2024-11-11 19:13:18,Assignment,Assignment: 2,Assignment submitted
SYN2024_032,2024-11-13 16:05:43,Assignment,Assignment: 1,Submission status viewed
SYN2024_032,2024-11-14 12:44:42,File,Learning material 7.pdf,Course module viewed
SYN2024_032,2024-11-14 16:37:22,Forum,Course forum,Discussion viewed
SYN2024_032,2024-11-17 20:44:39,File,Learning material 4.pdf,Course module viewed
SYN2024_032,2024-11-20 22:14:57,File,Learning material 8.pdf,Course module viewed
SYN2024_032,2024-11-23 12:23:59,Quiz,Quiz: 1,Quiz attempt viewed
SYN2024_032,2024-11-24 19:51:58,File,Learning material 6.pdf,Course module viewed
SYN2024_032,2024-11-24 21:00:18,File,Learning material 6.pdf,Course module viewed
SYN2024_032,2024-11-25 16:30:46,File,Learning material 7.pdf,Course module viewed
SYN2024_032,2024-11-26 11:18:49,File,Learning material 6.pdf,Course module viewed
SYN2024_032,2024-11-26 11:26:59,File,Learning material 1.pdf,Course module viewed
SYN2024_032,2024-11-26 14:39:39,File,Learning material 7.pdf,Course module viewed
SYN2024_032,2024-11-26 16:56:33,File,Learning material 4.pdf,Course module viewed
SYN2024_032,2024-11-26 18:56:26,Forum,Course forum,Discussion viewed
SYN2024_032,2024-11-27 15:57:46,Assignment,Assignment: 1,Submission status viewed
SYN2024_032,2024-11-27 18:42:25,File,Learning material 4.pdf,Course module viewed
SYN2024_032,2024-11-27 19:49:09,File,Learning material 1.pdf,Course module viewed
SYN2024_032,2024-11-28 16:49:12,Quiz,Quiz: 1,Quiz attempt viewed
SYN2024_032,2024-11-29 11:08:30,Assignment,Assignment: 3,Submission status viewed
SYN2024_032,2024-11-29 13:50:40,File,Learning material 3.pdf,Course module viewed
SYN2024_032,2024-11-29 16:13:02,Assignment,Assignment: 1,Submission status viewed
SYN2024_032,2024-11-29 16:53:58,File,Learning material 3.pdf,Course module viewed
SYN2024_032,2024-11-30 12:28:54,Forum,Course forum,Discussion viewed
SYN2024_032,2024-12-01 16:48:17,Quiz,Quiz: 1,Quiz attempt viewed
SYN2024_032,2024-12-01 16:48:35,Quiz,Quiz: 2,Quiz attempt viewed
SYN2024_032,2024-12-01 19:00:48,Quiz,Quiz: 2,Quiz attempt viewed
SYN2024_032,2024-12-01 20:18:28,Quiz,Quiz: 1,Quiz attempt viewed
SYN2024_032,2024-12-02 16:13:52,File,Learning material 7.pdf,Course module viewed
SYN2024_032,2024-12-02 18:13:25,Quiz,Quiz: 3,Quiz attempt viewed
SYN2024_033,2024-10-09 19:01:29,File,Learning material 8.pdf,Course module viewed
SYN2024_033,2024-10-10 13:39:20,File,Learning material 2.pdf,Course module viewed
SYN2024_033,2024-10-10 16:25:48,File,Learning material 5.pdf,Course module viewed
SYN2024_033,2024-10-11 14:15:30,Quiz,Quiz: 1,Quiz attempt viewed
SYN2024_033,2024-10-11 18:01:36,Assignment,Assignment: 1,Submission status viewed
SYN2024_033,2024-10-16 15:52:49,File,Learning material 5.pdf,Course module viewed
SYN2024_033,2024-10-20 16:59:26,Quiz,Quiz: 1,Quiz attempt viewed
SYN2024_033,2024-10-20 20:50:07,File,Learning material 6.pdf,Course module viewed
SYN2024_033,2024-10-26 14:46:22,Assignment,Assignment: 3,Submission status viewed
SYN2024_033,2024-10-31 17:45:14,Assignment,Assignment: 2,Submission status viewed
SYN2024_033,2024-11-03 11:00:41,File,Learning material 8.pdf,Course module viewed
SYN2024_033,2024-11-03 20:50:20,Assignment,Assignment: 2,Submission status viewed
SYN2024_033,2024-11-04 16:58:43,Quiz,Quiz: 3,Quiz attempt viewed
SYN2024_033,2024-11-07 12:37:01,Assignment,Assignment: 3,Submission status viewed
SYN2024_033,2024-11-07 14:34:21,File,Learning material 3.pdf,Course module viewed
SYN2024_033,2024-11-08 17:04:33,Assignment,Assignment: 2,Assignment submitted
SYN2024_033,2024-11-11 20:10:05,File,Learning material 3.pdf,Course module viewed
SYN2024_033,2024-11-13 19:04:24,File,Learning material 5.pdf,Course module viewed
SYN2024_033,2024-11-14 14:08:40,Assignment,Assignment: 3,Submission status viewed
SYN2024_033,2024-11-17 15:06:56,Assignment,Assignment: 1,Submission status viewed
SYN2024_033,2024-11-18 19:31:16,File,Learning material 7.pdf,Course module viewed
SYN2024_033,2024-11-19 12:44:49,Assignment,Assignment: 3,Assignment submitted
SYN2024_033,2024-11-19 16:43:13,Assignment,Assignment: 1,Assignment submitted
SYN2024_033,2024-11-19 20:15:08,File,Learning material 5.pdf,Course module viewed
SYN2024_033,2024-11-19 23:05:33,Quiz,Quiz: 3,Quiz attempt viewed
SYN2024_033,2024-11-22 14:52:16,Quiz,Quiz: 3,Quiz attempt viewed
SYN2024_033,2024-11-23 22:19:08,File,Learning material 1.pdf,Course module viewed
SYN2024_033,2024-11-24 15:03:52,File,Learning material 7.pdf,Course module viewed
SYN2024_033,2024-11-24 16:18:05,File,Learning material 6.pdf,Course module viewed
SYN2024_033,2024-11-24 19:01:33,File,Learning material 1.pdf,Course module viewed
SYN2024_033,2024-11-24 20:03:58,Assignment,Assignment: 3,Submission status viewed
SYN2024_033,2024-11-24 21:32:08,Forum,Course forum,Discussion viewed
SYN2024_033,2024-11-25 13:27:03,Quiz,Quiz: 1,Quiz attempt viewed
SYN2024_033,2024-11-25 13:46:22,Assignment,Assignment: 1,Submission status viewed
SYN2024_033,2024-11-25 14:45:00,File,Learning material 2.pdf,Course module viewed
SYN2024_033,2024-11-25 16:31:50,File,Learning material 5.pdf,Course module viewed
SYN2024_033,2024-11-26 13:02:49,Forum,Course forum,Discussion viewed
SYN2024_033,2024-11-26 16:28:13,Assignment,Assignment: 2,Submission status viewed
SYN2024_033,2024-11-26 18:32:11,Assignment,Assignment: 2,Submission status viewed
SYN2024_033,2024-11-26 19:16:30,Quiz,Quiz: 2,Quiz attempt viewed
SYN2024_033,2024-11-27 13:31:19,File,Learning material 4.pdf,Course module viewed
SYN2024_033,2024-11-27 15:13:06,File,Learning material 3.pdf,Course module viewed
SYN2024_033,2024-11-29 16:04:09,Quiz,Quiz: 1,Quiz attempt viewed
SYN2024_033,2024-11-29 17:11:45,File,Learning material 4.pdf,Course module viewed
SYN2024_033,2024-11-29 19:21:51,Quiz,Quiz: 1,Quiz attempt viewed
SYN2024_033,2024-11-29 20:03:04,Quiz,Quiz: 2,Quiz attempt viewed
SYN2024_033,2024-11-30 11:14:23,File,Learning material 1.pdf,Course module viewed
SYN2024_033,2024-11-30 12:02:33,Assignment,Assignment: 2,Submission status viewed
SYN2024_033,2024-11-30 12:08:39,Assignment,Assignment: 2,Submission status viewed
SYN2024_033,2024-11-30 12:35:22,File,Learning material 6.pdf,Course module viewed
SYN2024_033,2024-11-30 14:30:37,Assignment,Assignment: 3,Submission status viewed
SYN2024_033,2024-11-30 14:30:38,File,Learning material 3.pdf,Course module viewed
SYN2024_033,2024-11-30 18:09:57,File,Learning material 5.pdf,Course module viewed
SYN2024_033,2024-11-30 18:22:57,Quiz,Quiz: 3,Quiz attempt viewed
SYN2024_033,2024-12-01 14:33:54,Assignment,Assignment: 3,Submission status viewed
SYN2024_033,2024-12-01 16:11:15,Forum,Course forum,Discussion viewed
SYN2024_033,2024-12-01 16:46:34,File,Learning material 5.pdf,Course module viewed
SYN2024_033,2024-12-01 17:28:26,File,Learning material 7.pdf,Course module viewed
SYN2024_033,2024-12-01 20:55:58,File,Learning material 7.pdf,Course module viewed
SYN2024_033,2024-12-02 13:47:01,Assignment,Assignment: 1,Submission status viewed
SYN2024_033,2024-12-02 18:47:42,File,Learning material 4.pdf,Course module viewed
SYN2024_033,2024-12-02 19:53:04,File,Learning material 7.pdf,Course module viewed
SYN2024_034,2024-10-11 11:56:28,File,Learning material 1.pdf,Course module viewed
SYN2024_034,2024-10-14 18:23:21,File,Learning material 2.pdf,Course module viewed
SYN2024_034,2024-10-15 13:16:27,Quiz,Quiz: 1,Quiz attempt viewed
SYN2024_034,2024-10-15 14:30:48,Assignment,Assignment: 1,Submission status viewed
SYN2024_034,2024-10-16 18:22:52,File,Learning material 1.pdf,Course module viewed
SYN2024_034,2024-10-21 15:36:55,File,Learning material 4.pdf,Course module viewed
SYN2024_034,2024-10-24 17:56:12,File,Learning material 3.pdf,Course module viewed
SYN2024_034,2024-10-27 18:25:52,Assignment,Assignment: 2,Submission status viewed
SYN2024_034,2024-10-28 19:17:54,File,Learning material 5.pdf,Course module viewed
SYN2024_034,2024-10-29 12:01:54,File,Learning material 2.pdf,Course module viewed
SYN2024_034,2024-10-30 20:14:30,File,Learning material 6.pdf,Course module viewed
SYN2024_034,2024-11-03 14:55:36,File,Learning material 6.pdf,Course module viewed
SYN2024_034,2024-11-04 14:07:47,File,Learning material 2.pdf,Course module viewed
SYN2024_034,2024-11-06 23:52:11,File,Learning material 5.pdf,Course module viewed
SYN2024_034,2024-11-08 15:55:30,File,Learning material 8.pdf,Course module viewed
SYN2024_034,2024-11-09 11:30:16,Assignment,Assignment: 1,Submission status viewed
SYN2024_034,2024-11-10 18:48:25,Assignment,Assignment: 3,Submission status viewed
SYN2024_034,2024-11-11 23:10:27,Assignment,Assignment: 1,Assignment submitted
SYN2024_034,2024-11-13 17:22:35,Forum,Course forum,Discussion viewed
SYN2024_034,2024-11-14 16:53:56,Assignment,Assignment: 3,Assignment submitted
SYN2024_034,2024-11-15 21:36:57,Forum,Course forum,Discussion viewed
SYN2024_034,2024-11-16 15:20:49,Assignment,Assignment: 2,Submission status viewed
SYN2024_034,2024-11-19 15:40:16,Quiz,Quiz: 3,Quiz attempt viewed
SYN2024_034,2024-11-19 18:24:38,Assignment,Assignment: 2,Submission status viewed
SYN2024_034,2024-11-20 13:30:47,Assignment,Assignment: 2,Submission status viewed
SYN2024_034,2024-11-22 15:06:59,File,Learning material 7.pdf,Course module viewed
SYN2024_034,2024-11-22 16:03:05,File,Learning material 4.pdf,Course module viewed
SYN2024_034,2024-11-22 16:33:34,File,Learning material 1.pdf,Course module viewed
SYN2024_034,2024-11-22 16:42:06,File,Learning material 6.pdf,Course module viewed
SYN2024_034,2024-11-22 23:26:30,Assignment,Assignment: 3,Submission status viewed
SYN2024_034,2024-11-22 23:50:58,File,Learning material 3.pdf,Course module viewed
SYN2024_034,2024-11-23 13:07:49,File,Learning material 6.pdf,Course module viewed
SYN2024_034,2024-11-23 17:51:24,Assignment,Assignment: 2,Assignment submitted
SYN2024_034,2024-11-23 17:57:38,Quiz,Quiz: 1,Quiz attempt viewed
SYN2024_034,2024-11-23 19:59:23,File,Learning material 1.pdf,Course module viewed
SYN2024_034,2024-11-24 14:38:58,Assignment,Assignment: 2,Submission status viewed
SYN2024_034,2024-11-24 16:10:44,File,Learning material 3.pdf,Course module viewed
SYN2024_034,2024-11-24 21:57:21,File,Learning material 4.pdf,Course module viewed
SYN2024_034,2024-11-25 13:45:04,File,Learning material 6.pdf,Course module viewed
SYN2024_034,2024-11-25 13:56:53,Quiz,Quiz: 3,Quiz attempt viewed
SYN2024_034,2024-11-25 14:32:22,File,Learning material 6.pdf,Course module viewed
SYN2024_034,2024-11-25 15:39:46,Quiz,Quiz: 1,Quiz attempt viewed
SYN2024_034,2024-11-25 15:58:58,File,Learning material 5.pdf,Course module viewed
SYN2024_034,2024-11-25 16:34:10,File,Learning material 4.pdf,Course module viewed
SYN2024_034,2024-11-25 17:09:05,File,Learning material 3.pdf,Course module viewed
SYN2024_034,2024-11-25 20:58:28,Assignment,Assignment: 2,Submission status viewed
SYN2024_034,2024-11-25 23:35:11,Assignment,Assignment: 1,Submission status viewed
SYN2024_034,2024-11-26 14:11:55,File,Learning material 2.pdf,Course module viewed
SYN2024_034,2024-11-26 16:40:17,File,Learning material 5.pdf,Course module viewed
SYN2024_034,2024-11-26 19:27:18,File,Learning material 4.pdf,Course module viewed
SYN2024_034,2024-11-27 11:57:31,File,Learning material 6.pdf,Course module viewed
SYN2024_034,2024-11-27 12:01:52,Quiz,Quiz: 2,Quiz attempt viewed
SYN2024_034,2024-11-27 14:39:53,Assignment,Assignment: 1,Submission status viewed
SYN2024_034,2024-11-27 17:53:08,File,Learning material 7.pdf,Course module viewed
SYN2024_034,2024-11-28 08:53:56,Forum,Course forum,Discussion viewed
SYN2024_034,2024-11-28 09:26:53,File,Learning material 8.pdf,Course module viewed
SYN2024_034,2024-11-28 10:57:43,File,Learning material 7.pdf,Course module viewed
SYN2024_034,2024-11-28 13:49:28,Quiz,Quiz: 2,Quiz attempt viewed
SYN2024_034,2024-11-28 14:47:31,File,Learning material 1.pdf,Course module viewed
SYN2024_034,2024-11-28 16:16:55,Quiz,Quiz: 3,Quiz attempt viewed
SYN2024_034,2024-11-28 18:42:31,File,Learning material 1.pdf,Course module viewed
SYN2024_034,2024-11-28 20:38:26,Assignment,Assignment: 1,Submission status viewed
SYN2024_034,2024-11-28 21:56:54,Assignment,Assignment: 2,Submission status viewed
SYN2024_034,2024-11-28 23:18:12,File,Learning material 8.pdf,Course module viewed
SYN2024_034,2024-11-29 17:31:53,File,Learning material 1.pdf,Course module viewed
SYN2024_034,2024-11-30 16:55:22,File,Learning material 5.pdf,Course module viewed
SYN2024_034,2024-11-30 17:14:52,Assignment,Assignment: 1,Submission status viewed
SYN2024_034,2024-11-30 19:21:04,Quiz,Quiz: 2,Quiz attempt viewed
SYN2024_034,2024-11-30 19:36:03,File,Learning material 6.pdf,Course module viewed
SYN2024_034,2024-11-30 19:40:12,File,Learning material 8.pdf,Course module viewed
SYN2024_034,2024-12-01 13:14:40,Assignment,Assignment: 1,Submission status viewed
SYN2024_034,2024-12-01 14:50:50,Assignment,Assignment: 3,Submission status viewed
SYN2024_034,2024-12-01 18:21:28,Quiz,Quiz: 1,Quiz attempt viewed
SYN2024_034,2024-12-01 21:56:47,Forum,Course forum,Discussion viewed
SYN2024_034,2024-12-02 13:28:13,File,Learning material 1.pdf,Course module viewed
SYN2024_034,2024-12-02 15:44:14,Assignment,Assignment: 2,Submission status viewed
SYN2024_035,2024-10-10 18:02:09,File,Learning material 6.pdf,Course module viewed
SYN2024_035,2024-10-14 19:26:08,File,Learning material 7.pdf,Course module viewed
SYN2024_035,2024-10-17 15:56:54,Quiz,Quiz: 1,Quiz attempt viewed
SYN2024_035,2024-10-17 16:46:40,File,Learning material 4.pdf,Course module viewed
SYN2024_035,2024-10-17 17:27:51,File,Learning material 1.pdf,Course module viewed
SYN2024_035,2024-10-17 20:42:43,Assignment,Assignment: 2,Submission status viewed
SYN2024_035,2024-10-20 23:13:49,File,Learning material 6.pdf,Course module viewed
SYN2024_035,2024-10-23 14:20:12,File,Learning material 4.pdf,Course module viewed
SYN2024_035,2024-10-24 16:51:03,File,Learning material 3.pdf,Course module viewed
SYN2024_035,2024-10-24 17:34:51,Assignment,Assignment: 1,Submission status viewed
SYN2024_035,2024-10-31 13:32:38,Quiz,Quiz: 1,Quiz attempt viewed
SYN2024_035,2024-10-31 17:23:07,File,Learning material 6.pdf,Course module viewed
SYN2024_035,2024-10-31 20:15:35,File,Learning material 7.pdf,Course module viewed
SYN2024_035,2024-11-02 17:19:06,Assignment,Assignment: 2,Submission status viewed
SYN2024_035,2024-11-03 19:18:16,Assignment,Assignment: 1,Submission status viewed
SYN2024_035,2024-11-03 23:29:23,File,Learning material 2.pdf,Course module viewed
SYN2024_035,2024-11-04 23:13:24,Quiz,Quiz: 2,Quiz attempt viewed
SYN2024_035,2024-11-05 16:37:49,Assignment,Assignment: 2,Assignment submitted
SYN2024_035,2024-11-08 21:47:00,File,Learning material 3.pdf,Course module viewed
SYN2024_035,2024-11-09 14:44:24,Assignment,Assignment: 3,Submission status viewed
SYN2024_035,2024-11-09 19:57:39,Assignment,Assignment: 1,Submission status viewed
SYN2024_035,2024-11-10 18:55:14,Assignment,Assignment: 1,Assignment submitted
SYN2024_035,2024-11-12 17:17:12,Assignment,Assignment: 3,Assignment submitted
SYN2024_035,2024-11-13 15:42:26,File,Learning material 2.pdf,Course module viewed
SYN2024_035,2024-11-13 16:45:51,File,Learning material 3.pdf,Course module viewed
SYN2024_035,2024-11-14 17:37:10,File,Learning material 7.pdf,Course module viewed
SYN2024_035,2024-11-24 16:42:15,File,Learning material 5.pdf,Course module viewed
SYN2024_035,2024-11-24 18:21:43,File,Learning material 6.pdf,Course module viewed
SYN2024_035,2024-11-26 14:08:26,File,Learning material 7.pdf,Course module viewed
SYN2024_035,2024-11-26 15:15:49,Assignment,Assignment: 2,Submission status viewed
SYN2024_035,2024-11-26 17:18:33,Quiz,Quiz: 2,Quiz attempt viewed
SYN2024_035,2024-11-26 18:11:34,File,Learning material 5.pdf,Course module viewed
SYN2024_035,2024-11-26 18:26:35,File,Learning material 1.pdf,Course module viewed
SYN2024_035,2024-11-26 19:26:40,File,Learning material 2.pdf,Course module viewed
SYN2024_035,2024-11-26 19:43:05,File,Learning material 6.pdf,Course module viewed
SYN2024_035,2024-11-26 20:06:41,File,Learning material 2.pdf,Course module viewed
SYN2024_035,2024-11-26 20:25:41,File,Learning material 6.pdf,Course module viewed
SYN2024_035,2024-11-26 20:51:06,Assignment,Assignment: 3,Submission status viewed
SYN2024_035,2024-11-27 11:04:15,File,Learning material 1.pdf,Course module viewed
SYN2024_035,2024-11-27 11:42:21,Forum,Course forum,Discussion viewed
SYN2024_035,2024-11-27 13:42:08,File,Learning material 7.pdf,Course module viewed
SYN2024_035,2024-11-27 16:49:41,File,Learning material 8.pdf,Course module viewed
SYN2024_035,2024-11-27 17:07:41,File,Learning material 5.pdf,Course module viewed
SYN2024_035,2024-11-27 18:22:11,File,Learning material 5.pdf,Course module viewed
SYN2024_035,2024-11-28 14:38:12,File,Learning material 8.pdf,Course module viewed
SYN2024_035,2024-11-28 16:10:44,Quiz,Quiz: 1,Quiz attempt viewed
SYN2024_035,2024-11-28 19:40:02,Assignment,Assignment: 2,Submission status viewed
SYN2024_035,2024-11-28 19:55:30,File,Learning material 8.pdf,Course module viewed
SYN2024_035,2024-11-28 23:35:51,File,Learning material 8.pdf,Course module viewed
SYN2024_035,2024-11-29 15:55:37,File,Learning material 8.pdf,Course module viewed
SYN2024_035,2024-11-29 17:52:08,Quiz,Quiz: 2,Quiz attempt viewed
SYN2024_035,2024-11-29 18:24:52,Forum,Course forum,Discussion viewed
SYN2024_035,2024-11-29 18:40:06,File,Learning material 4.pdf,Course module viewed
SYN2024_035,2024-11-29 19:42:50,File,Learning material 1.pdf,Course module viewed
SYN2024_035,2024-11-29 20:49:48,File,Learning material 7.pdf,Course module viewed
SYN2024_035,2024-11-29 22:31:07,Forum,Course forum,Discussion viewed
SYN2024_035,2024-11-30 13:13:50,File,Learning material 3.pdf,Course module viewed
SYN2024_035,2024-11-30 14:15:39,File,Learning material 1.pdf,Course module viewed
SYN2024_035,2024-11-30 14:24:23,Quiz,Quiz: 2,Quiz attempt viewed
SYN2024_035,2024-11-30 15:26:12,File,Learning material 4.pdf,Course module viewed
SYN2024_035,2024-11-30 16:44:08,Quiz,Quiz: 3,Quiz attempt viewed
SYN2024_035,2024-11-30 17:20:16,Quiz,Quiz: 3,Quiz attempt viewed
SYN2024_035,2024-11-30 17:35:05,File,Learning material 6.pdf,Course module viewed
SYN2024_035,2024-11-30 18:08:06,File,Learning material 3.pdf,Course module viewed
SYN2024_035,2024-11-30 18:47:31,Assignment,Assignment: 1,Submission status viewed
SYN2024_035,2024-11-30 22:15:31,File,Learning material 3.pdf,Course module viewed
SYN2024_035,2024-12-01 14:07:24,Assignment,Assignment: 1,Submission status viewed
SYN2024_035,2024-12-01 16:24:22,File,Learning material 6.pdf,Course module viewed
SYN2024_035,2024-12-01 17:58:56,File,Learning material 3.pdf,Course module viewed
SYN2024_035,2024-12-01 18:28:32,File,Learning material 1.pdf,Course module viewed
SYN2024_035,2024-12-01 19:47:05,Quiz,Quiz: 3,Quiz attempt viewed
SYN2024_035,2024-12-01 22:32:24,File,Learning material 2.pdf,Course module viewed
SYN2024_035,2024-12-02 15:42:23,File,Learning material 8.pdf,Course module viewed
SYN2024_035,2024-12-02 18:01:01,File,Learning material 5.pdf,Course module viewed
SYN2024_035,2024-12-02 20:21:41,Assignment,Assignment: 2,Submission status viewed
SYN2024_035,2024-12-02 23:09:54,File,Learning material 6.pdf,Course module viewed
SYN2024_036,2024-10-09 07:36:23,Assignment,Assignment: 3,Submission status viewed
SYN2024_036,2024-10-15 11:49:15,File,Learning material 4.pdf,Course module viewed
SYN2024_036,2024-10-21 19:17:54,File,Learning material 4.pdf,Course module viewed
SYN2024_036,2024-10-23 14:57:44,Assignment,Assignment: 3,Submission status viewed
SYN2024_036,2024-10-25 13:45:25,Assignment,Assignment: 3,Submission status viewed
SYN2024_036,2024-10-26 13:54:49,Quiz,Quiz: 2,Quiz attempt viewed
SYN2024_036,2024-10-27 14:33:48,Assignment,Assignment: 2,Submission status viewed
SYN2024_036,2024-10-28 15:22:23,File,Learning material 4.pdf,Course module viewed
SYN2024_036,2024-10-30 07:18:36,Assignment,Assignment: 2,Assignment submitted
SYN2024_036,2024-10-30 11:38:21,Quiz,Quiz: 2,Quiz attempt viewed
SYN2024_036,2024-11-02 22:46:04,Assignment,Assignment: 3,Assignment submitted
SYN2024_036,2024-11-05 13:27:54,File,Learning material 5.pdf,Course module viewed
SYN2024_036,2024-11-05 20:50:26,File,Learning material 2.pdf,Course module viewed
SYN2024_036,2024-11-10 18:53:18,Quiz,Quiz: 3,Quiz attempt viewed
SYN2024_036,2024-11-15 15:32:53,Forum,Course forum,Discussion viewed
SYN2024_036,2024-11-18 15:55:51,File,Learning material 4.pdf,Course module viewed
SYN2024_036,2024-11-18 18:41:53,Assignment,Assignment: 1,Submission status viewed
SYN2024_036,2024-11-21 10:58:50,File,Learning material 5.pdf,Course module viewed
SYN2024_036,2024-11-21 16:39:12,Quiz,Quiz: 2,Quiz attempt viewed
SYN2024_036,2024-11-23 20:11:34,Assignment,Assignment: 1,Assignment submitted
SYN2024_036,2024-11-24 14:11:10,Assignment,Assignment: 3,Submission status viewed
SYN2024_036,2024-11-24 16:01:27,Forum,Course forum,Discussion viewed
SYN2024_036,2024-11-24 16:26:16,File,Learning material 1.pdf,Course module viewed
SYN2024_036,2024-11-24 17:51:21,File,Learning material 1.pdf,Course module viewed
SYN2024_036,2024-11-25 09:15:12,File,Learning material 6.pdf,Course module viewed
SYN2024_036,2024-11-25 15:30:59,File,Learning material 6.pdf,Course module viewed
SYN2024_036,2024-11-25 15:57:20,Forum,Course forum,Discussion viewed
SYN2024_036,2024-11-25 17:34:46,Quiz,Quiz: 2,Quiz attempt viewed
SYN2024_036,2024-11-25 19:40:30,Quiz,Quiz: 1,Quiz attempt viewed
SYN2024_036,2024-11-26 13:17:27,File,Learning material 2.pdf,Course module viewed
SYN2024_036,2024-11-26 16:46:36,File,Learning material 7.pdf,Course module viewed
SYN2024_036,2024-11-26 17:53:38,File,Learning material 1.pdf,Course module viewed
SYN2024_036,2024-11-26 19:16:19,Assignment,Assignment: 3,Submission status viewed
SYN2024_036,2024-11-26 19:16:39,Quiz,Quiz: 3,Quiz attempt viewed
SYN2024_036,2024-11-27 13:04:46,File,Learning material 4.pdf,Course module viewed
SYN2024_036,2024-11-27 19:53:36,File,Learning material 1.pdf,Course module viewed
SYN2024_036,2024-11-28 13:50:37,File,Learning material 6.pdf,Course module viewed
SYN2024_036,2024-11-28 18:14:30,Quiz,Quiz: 2,Quiz attempt viewed
SYN2024_036,2024-11-29 10:10:35,File,Learning material 5.pdf,Course module viewed
SYN2024_036,2024-11-29 11:57:15,File,Learning material 7.pdf,Course module viewed
SYN2024_036,2024-11-29 15:20:31,Quiz,Quiz: 3,Quiz attempt viewed
SYN2024_036,2024-11-29 18:20:00,File,Learning material 7.pdf,Course module viewed
SYN2024_036,2024-11-29 18:48:05,Assignment,Assignment: 1,Submission status viewed
SYN2024_036,2024-11-29 19:45:27,Quiz,Quiz: 1,Quiz attempt viewed
SYN2024_036,2024-11-30 12:07:38,Quiz,Quiz: 2,Quiz attempt viewed
SYN2024_036,2024-11-30 12:40:13,File,Learning material 5.pdf,Course module viewed
SYN2024_036,2024-11-30 15:56:10,Quiz,Quiz: 1,Quiz attempt viewed
SYN2024_036,2024-11-30 16:53:23,File,Learning material 4.pdf,Course module viewed
SYN2024_036,2024-11-30 20:37:22,File,Learning material 5.pdf,Course module viewed
SYN2024_036,2024-12-01 13:30:11,File,Learning material 2.pdf,Course module viewed
SYN2024_036,2024-12-01 13:39:38,Quiz,Quiz: 3,Quiz attempt viewed
SYN2024_036,2024-12-01 14:08:40,Quiz,Quiz: 3,Quiz attempt viewed
SYN2024_036,2024-12-01 20:47:11,Forum,Course forum,Discussion viewed
SYN2024_036,2024-12-01 21:45:13,File,Learning material 5.pdf,Course module viewed
SYN2024_036,2024-12-02 18:37:07,File,Learning material 7.pdf,Course module viewed
SYN2024_037,2024-10-09 11:57:35,File,Learning material 8.pdf,Course module viewed
SYN2024_037,2024-10-14 11:10:45,File,Learning material 6.pdf,Course module viewed
SYN2024_037,2024-10-17 19:28:24,File,Learning material 8.pdf,Course module viewed
SYN2024_037,2024-10-18 19:36:10,Assignment,Assignment: 3,Submission status viewed
SYN2024_037,2024-10-24 18:13:14,File,Learning material 3.pdf,Course module viewed
SYN2024_037,2024-10-27 15:15:09,Assignment,Assignment: 1,Submission status viewed
SYN2024_037,2024-10-29 19:39:32,Forum,Course forum,Discussion viewed
SYN2024_037,2024-10-30 17:21:20,File,Learning material 5.pdf,Course module viewed
SYN2024_037,2024-10-30 20:58:05,Assignment,Assignment: 3,Submission status viewed
SYN2024_037,2024-10-30 22:18:43,Assignment,Assignment: 1,Assignment submitted
SYN2024_037,2024-11-01 18:41:12,Assignment,Assignment: 3,Assignment submitted
SYN2024_037,2024-11-02 16:12:29,Assignment,Assignment: 2,Submission status viewed
SYN2024_037,2024-11-05 23:34:12,Assignment,Assignment: 2,Assignment submitted
SYN2024_037,2024-11-06 19:50:33,Quiz,Quiz: 2,Quiz attempt viewed
SYN2024_037,2024-11-08 11:46:12,Quiz,Quiz: 3,Quiz attempt viewed
SYN2024_037,2024-11-15 11:52:39,File,Learning material 5.pdf,Course module viewed
SYN2024_037,2024-11-16 19:47:59,Quiz,Quiz: 3,Quiz attempt viewed
SYN2024_037,2024-11-18 16:04:31,File,Learning material 8.pdf,Course module viewed
SYN2024_037,2024-11-22 13:36:28,Assignment,Assignment: 1,Submission status viewed
SYN2024_037,2024-11-22 13:56:12,File,Learning material 7.pdf,Course module viewed
SYN2024_037,2024-11-22 14:58:47,File,Learning material 1.pdf,Course module viewed
SYN2024_037,2024-11-22 14:59:49,File,Learning material 6.pdf,Course module viewed
SYN2024_037,2024-11-22 20:37:29,File,Learning material 7.pdf,Course module viewed
SYN2024_037,2024-11-23 15:40:44,File,Learning material 2.pdf,Course module viewed
SYN2024_037,2024-11-23 15:42:39,Quiz,Quiz: 2,Quiz attempt viewed
SYN2024_037,2024-11-24 13:57:43,Assignment,Assignment: 1,Submission status viewed
SYN2024_037,2024-11-24 14:54:22,File,Learning material 2.pdf,Course module viewed
SYN2024_037,2024-11-24 15:54:17,Quiz,Quiz: 2,Quiz attempt viewed
SYN2024_037,2024-11-24 18:53:41,File,Learning material 1.pdf,Course module viewed
SYN2024_037,2024-11-24 19:30:47,Forum,Course forum,Discussion viewed
SYN2024_037,2024-11-25 16:16:10,File,Learning material 7.pdf,Course module viewed
SYN2024_037,2024-11-25 18:06:20,Quiz,Quiz: 2,Quiz attempt viewed
SYN2024_037,2024-11-26 16:24:03,File,Learning material 8.pdf,Course module viewed
SYN2024_037,2024-11-26 17:08:13,Assignment,Assignment: 1,Submission status viewed
SYN2024_037,2024-11-26 18:03:52,Forum,Course forum,Discussion viewed
SYN2024_037,2024-11-27 14:57:23,File,Learning material 6.pdf,Course module viewed
SYN2024_037,2024-11-28 09:51:46,File,Learning material 1.pdf,Course module viewed
SYN2024_037,2024-11-28 16:39:12,File,Learning material 4.pdf,Course module viewed
SYN2024_037,2024-11-28 17:31:53,File,Learning material 1.pdf,Course module viewed
SYN2024_037,2024-11-28 17:38:15,Assignment,Assignment: 1,Submission status viewed
SYN2024_037,2024-11-29 12:43:48,Forum,Course forum,Discussion viewed
SYN2024_037,2024-11-29 13:15:45,File,Learning material 1.pdf,Course module viewed
SYN2024_037,2024-11-29 17:07:51,File,Learning material 2.pdf,Course module viewed
SYN2024_037,2024-11-29 18:30:54,File,Learning material 5.pdf,Course module viewed
SYN2024_037,2024-11-30 17:34:51,Forum,Course forum,Discussion viewed
SYN2024_037,2024-11-30 19:22:38,File,Learning material 7.pdf,Course module viewed
SYN2024_037,2024-11-30 20:45:08,File,Learning material 3.pdf,Course module viewed
SYN2024_037,2024-12-01 12:56:01,File,Learning material 8.pdf,Course module viewed
SYN2024_037,2024-12-01 18:03:02,Forum,Course forum,Discussion viewed
SYN2024_037,2024-12-01 20:12:02,File,Learning material 6.pdf,Course module viewed
SYN2024_037,2024-12-02 15:23:26,File,Learning material 6.pdf,Course module viewed
SYN2024_037,2024-12-02 16:26:41,Forum,Course forum,Discussion viewed
SYN2024_037,2024-12-02 16:57:20,Forum,Course forum,Discussion viewed
SYN2024_038,2024-10-09 12:45:10,Quiz,Quiz: 2,Quiz attempt viewed
SYN2024_038,2024-10-10 16:10:21,File,Learning material 8.pdf,Course module viewed
SYN2024_038,2024-10-10 22:19:44,File,Learning material 8.pdf,Course module viewed
SYN2024_038,2024-10-11 13:23:05,File,Learning material 3.pdf,Course module viewed
SYN2024_038,2024-10-11 18:36:21,File,Learning material 7.pdf,Course module viewed
SYN2024_038,2024-10-17 15:48:45,File,Learning material 8.pdf,Course module viewed
SYN2024_038,2024-10-18 14:17:42,File,Learning material 6.pdf,Course module viewed
SYN2024_038,2024-10-21 16:35:19,File,Learning material 2.pdf,Course module viewed
SYN2024_038,2024-10-26 11:43:14,File,Learning material 2.pdf,Course module viewed
SYN2024_038,2024-11-07 22:52:56,Assignment,Assignment: 3,Submission status viewed
SYN2024_038,2024-11-08 15:02:30,Assignment,Assignment: 1,Submission status viewed
SYN2024_038,2024-11-09 22:27:32,Assignment,Assignment: 3,Submission status viewed
SYN2024_038,2024-11-11 19:01:29,Assignment,Assignment: 1,Submission status viewed
SYN2024_038,2024-11-15 17:02:23,Assignment,Assignment: 3,Assignment submitted
SYN2024_038,2024-11-15 21:41:15,Assignment,Assignment: 2,Submission status viewed
SYN2024_038,2024-11-16 10:18:19,File,Learning material 6.pdf,Course module viewed
SYN2024_038,2024-11-17 18:33:45,Assignment,Assignment: 1,Assignment submitted
SYN2024_038,2024-11-19 16:04:16,File,Learning material 1.pdf,Course module viewed
SYN2024_038,2024-11-19 23:47:21,Assignment,Assignment: 2,Assignment submitted
SYN2024_038,2024-11-20 10:21:21,File,Learning material 2.pdf,Course module viewed
SYN2024_038,2024-11-20 11:15:25,File,Learning material 5.pdf,Course module viewed
SYN2024_038,2024-11-20 12:33:37,Quiz,Quiz: 2,Quiz attempt viewed
SYN2024_038,2024-11-20 14:23:51,Quiz,Quiz: 2,Quiz attempt viewed
SYN2024_038,2024-11-22 11:54:29,Assignment,Assignment: 3,Submission status viewed
SYN2024_038,2024-11-22 13:19:02,File,Learning material 5.pdf,Course module viewed
SYN2024_038,2024-11-22 16:12:09,Assignment,Assignment: 3,Submission status viewed
SYN2024_038,2024-11-22 16:53:43,Assignment,Assignment: 3,Submission status viewed
SYN2024_038,2024-11-23 09:00:38,File,Learning material 8.pdf,Course module viewed
SYN2024_038,2024-11-23 16:18:35,Quiz,Quiz: 2,Quiz attempt viewed
SYN2024_038,2024-11-25 12:52:19,Assignment,Assignment: 2,Submission status viewed
SYN2024_038,2024-11-25 15:46:57,Assignment,Assignment: 3,Submission status viewed
SYN2024_038,2024-11-26 16:20:13,Quiz,Quiz: 3,Quiz attempt viewed
SYN2024_038,2024-11-26 16:57:51,File,Learning material 7.pdf,Course module viewed
SYN2024_038,2024-11-27 15:47:48,Quiz,Quiz: 3,Quiz attempt viewed
SYN2024_038,2024-11-28 16:42:07,Quiz,Quiz: 3,Quiz attempt viewed
SYN2024_038,2024-11-29 07:04:52,Assignment,Assignment: 1,Submission status viewed
SYN2024_038,2024-11-29 14:47:26,Assignment,Assignment: 2,Submission status viewed
SYN2024_038,2024-11-29 15:23:42,Quiz,Quiz: 2,Quiz attempt viewed
SYN2024_038,2024-11-29 18:52:47,Quiz,Quiz: 1,Quiz attempt viewed
SYN2024_038,2024-11-29 19:20:43,File,Learning material 8.pdf,Course module viewed
SYN2024_038,2024-11-30 11:31:08,File,Learning material 6.pdf,Course module viewed
SYN2024_038,2024-11-30 18:17:39,File,Learning material 6.pdf,Course module viewed
SYN2024_038,2024-12-02 10:56:55,File,Learning material 6.pdf,Course module viewed
SYN2024_038,2024-12-02 15:43:46,File,Learning material 7.pdf,Course module viewed
SYN2024_039,2024-10-09 18:33:31,Quiz,Quiz: 1,Quiz attempt viewed
SYN2024_039,2024-10-14 12:53:37,File,Learning material 2.pdf,Course module viewed
SYN2024_039,2024-10-14 16:14:19,File,Learning material 7.pdf,Course module viewed
SYN2024_039,2024-10-19 18:28:17,File,Learning material 6.pdf,Course module viewed
SYN2024_039,2024-10-25 17:27:51,Assignment,Assignment: 1,Submission status viewed
SYN2024_039,2024-10-25 22:50:21,Assignment,Assignment: 2,Submission status viewed
SYN2024_039,2024-10-26 14:51:58,Assignment,Assignment: 1,Assignment submitted
SYN2024_039,2024-10-26 17:15:12,File,Learning material 2.pdf,Course module viewed
SYN2024_039,2024-11-01 16:48:05,File,Learning material 3.pdf,Course module viewed
SYN2024_039,2024-11-02 17:16:13,File,Learning material 6.pdf,Course module viewed
SYN2024_039,2024-11-02 23:36:15,Assignment,Assignment: 2,Assignment submitted
SYN2024_039,2024-11-03 15:41:59,File,Learning material 5.pdf,Course module viewed
SYN2024_039,2024-11-04 18:35:06,Assignment,Assignment: 3,Submission status viewed
SYN2024_039,2024-11-07 14:30:27,File,Learning material 4.pdf,Course module viewed
SYN2024_039,2024-11-10 18:15:55,Assignment,Assignment: 3,Assignment submitted
SYN2024_039,2024-11-13 15:24:36,File,Learning material 5.pdf,Course module viewed
SYN2024_039,2024-11-13 19:29:54,File,Learning material 2.pdf,Course module viewed
SYN2024_039,2024-11-14 10:41:44,Quiz,Quiz: 3,Quiz attempt viewed
SYN2024_039,2024-11-14 17:23:33,Assignment,Assignment: 3,Submission status viewed
SYN2024_039,2024-11-16 19:18:36,Assignment,Assignment: 3,Submission status viewed
SYN2024_039,2024-11-17 15:38:19,Assignment,Assignment: 3,Submission status viewed
SYN2024_039,2024-11-20 23:26:58,File,Learning material 8.pdf,Course module viewed
SYN2024_039,2024-11-22 12:50:00,Assignment,Assignment: 2,Submission status viewed
SYN2024_039,2024-11-24 12:13:23,File,Learning material 2.pdf,Course module viewed
SYN2024_039,2024-11-24 14:33:34,Forum,Course forum,Discussion viewed
SYN2024_039,2024-11-24 15:12:28,Assignment,Assignment: 2,Submission status viewed
SYN2024_039,2024-11-24 17:59:22,Quiz,Quiz: 1,Quiz attempt viewed
SYN2024_039,2024-11-24 18:50:25,File,Learning material 1.pdf,Course module viewed
SYN2024_039,2024-11-24 19:28:58,File,Learning material 4.pdf,Course module viewed
SYN2024_039,2024-11-26 12:19:28,Quiz,Quiz: 2,Quiz attempt viewed
SYN2024_039,2024-11-26 16:47:25,File,Learning material 4.pdf,Course module viewed
SYN2024_039,2024-11-26 19:03:36,Assignment,Assignment: 1,Submission status viewed
SYN2024_039,2024-11-26 20:07:05,File,Learning material 3.pdf,Course module viewed
SYN2024_039,2024-11-26 20:14:09,File,Learning material 4.pdf,Course module viewed
SYN2024_039,2024-11-27 11:18:13,Quiz,Quiz: 1,Quiz attempt viewed
SYN2024_039,2024-11-27 17:29:22,File,Learning material 7.pdf,Course module viewed
SYN2024_039,2024-11-27 18:23:18,File,Learning material 5.pdf,Course module viewed
SYN2024_039,2024-11-28 12:45:46,File,Learning material 6.pdf,Course module viewed
SYN2024_039,2024-11-28 17:47:35,File,Learning material 8.pdf,Course module viewed
SYN2024_039,2024-11-29 11:18:23,File,Learning material 1.pdf,Course module viewed
SYN2024_039,2024-11-29 14:11:46,Assignment,Assignment: 1,Submission status viewed
SYN2024_039,2024-11-29 18:14:01,File,Learning material 4.pdf,Course module viewed
SYN2024_039,2024-11-30 13:36:18,Assignment,Assignment: 3,Submission status viewed
SYN2024_039,2024-11-30 14:29:17,File,Learning material 8.pdf,Course module viewed
SYN2024_039,2024-11-30 21:41:44,Quiz,Quiz: 1,Quiz attempt viewed
SYN2024_039,2024-11-30 23:31:41,Quiz,Quiz: 1,Quiz attempt viewed
SYN2024_039,2024-12-01 12:04:07,Quiz,Quiz: 3,Quiz attempt viewed
SYN2024_039,2024-12-01 13:33:35,File,Learning material 4.pdf,Course module viewed
SYN2024_039,2024-12-01 17:51:34,File,Learning material 1.pdf,Course module viewed
SYN2024_039,2024-12-01 17:56:01,Assignment,Assignment: 2,Submission status viewed
SYN2024_039,2024-12-01 19:00:47,File,Learning material 3.pdf,Course module viewed
SYN2024_039,2024-12-02 08:24:46,File,Learning material 1.pdf,Course module viewed
SYN2024_039,2024-12-02 10:29:20,File,Learning material 2.pdf,Course module viewed
SYN2024_039,2024-12-02 15:03:30,File,Learning material 3.pdf,Course module viewed
SYN2024_039,2024-12-02 18:09:18,Assignment,Assignment: 2,Submission status viewed
SYN2024_040,2024-10-10 13:21:29,File,Learning material 2.pdf,Course module viewed
SYN2024_040,2024-10-22 11:07:48,File,Learning material 4.pdf,Course module viewed
SYN2024_040,2024-10-23 12:37:03,Quiz,Quiz: 3,Quiz attempt viewed
SYN2024_040,2024-10-23 17:21:27,Assignment,Assignment: 2,Submission status viewed
SYN2024_040,2024-10-26 16:53:56,Assignment,Assignment: 2,Submission status viewed
SYN2024_040,2024-10-27 16:08:43,Assignment,Assignment: 1,Submission status viewed
SYN2024_040,2024-10-29 17:34:37,Assignment,Assignment: 2,Assignment submitted
SYN2024_040,2024-10-30 16:21:22,Assignment,Assignment: 1,Assignment submitted
SYN2024_040,2024-11-05 16:28:48,Quiz,Quiz: 3,Quiz attempt viewed
SYN2024_040,2024-11-11 11:48:19,File,Learning material 5.pdf,Course module viewed
SYN2024_040,2024-11-11 15:56:17,File,Learning material 7.pdf,Course module viewed
SYN2024_040,2024-11-12 17:49:36,File,Learning material 3.pdf,Course module viewed
SYN2024_040,2024-11-12 18:45:14,Assignment,Assignment: 3,Submission status viewed
SYN2024_040,2024-11-13 17:48:49,File,Learning material 1.pdf,Course module viewed
SYN2024_040,2024-11-15 16:31:25,Assignment,Assignment: 3,Assignment submitted
SYN2024_040,2024-11-15 22:51:30,File,Learning material 3.pdf,Course module viewed
SYN2024_040,2024-11-16 15:27:06,File,Learning material 6.pdf,Course module viewed
SYN2024_040,2024-11-25 20:27:01,File,Learning material 3.pdf,Course module viewed
SYN2024_040,2024-11-26 08:43:58,File,Learning material 4.pdf,Course module viewed
SYN2024_040,2024-11-26 10:02:19,Quiz,Quiz: 3,Quiz attempt viewed
SYN2024_040,2024-11-26 15:52:54,File,Learning material 1.pdf,Course module viewed
SYN2024_040,2024-11-26 16:06:26,Quiz,Quiz: 3,Quiz attempt viewed
SYN2024_040,2024-11-26 16:09:46,Forum,Course forum,Discussion viewed
SYN2024_040,2024-11-26 17:05:39,Assignment,Assignment: 3,Submission status viewed
SYN2024_040,2024-11-26 17:14:29,Quiz,Quiz: 3,Quiz attempt viewed
SYN2024_040,2024-11-26 17:57:30,Quiz,Quiz: 3,Quiz attempt viewed
SYN2024_040,2024-11-27 12:22:03,Quiz,Quiz: 2,Quiz attempt viewed
SYN2024_040,2024-11-27 14:31:47,Assignment,Assignment: 1,Submission status viewed
SYN2024_040,2024-11-27 14:36:40,Quiz,Quiz: 3,Quiz attempt viewed
SYN2024_040,2024-11-27 16:25:05,File,Learning material 4.pdf,Course module viewed
SYN2024_040,2024-11-27 18:29:02,File,Learning material 2.pdf,Course module viewed
SYN2024_040,2024-11-27 19:21:18,File,Learning material 3.pdf,Course module viewed
SYN2024_040,2024-11-28 15:22:32,File,Learning material 3.pdf,Course module viewed
SYN2024_040,2024-11-28 15:27:32,Assignment,Assignment: 3,Submission status viewed
SYN2024_040,2024-11-28 15:49:47,Quiz,Quiz: 1,Quiz attempt viewed
SYN2024_040,2024-11-29 11:12:25,File,Learning material 2.pdf,Course module viewed
SYN2024_040,2024-11-29 13:30:37,File,Learning material 2.pdf,Course module viewed
SYN2024_040,2024-11-29 13:34:50,File,Learning material 7.pdf,Course module viewed
SYN2024_040,2024-11-29 13:52:24,File,Learning material 3.pdf,Course module viewed
SYN2024_040,2024-11-29 14:39:31,File,Learning material 8.pdf,Course module viewed
SYN2024_040,2024-11-29 15:40:27,Assignment,Assignment: 1,Submission status viewed
SYN2024_040,2024-11-29 20:42:24,Assignment,Assignment: 3,Submission status viewed
SYN2024_040,2024-11-29 23:53:22,File,Learning material 5.pdf,Course module viewed
SYN2024_040,2024-11-29 23:54:05,File,Learning material 4.pdf,Course module viewed
SYN2024_040,2024-11-30 15:01:29,Forum,Course forum,Discussion viewed
SYN2024_040,2024-11-30 16:02:20,File,Learning material 4.pdf,Course module viewed
SYN2024_040,2024-11-30 16:13:36,Assignment,Assignment: 1,Submission status viewed
SYN2024_040,2024-11-30 16:56:23,File,Learning material 7.pdf,Course module viewed
SYN2024_040,2024-11-30 17:29:50,File,Learning material 1.pdf,Course module viewed
SYN2024_040,2024-11-30 19:03:23,File,Learning material 6.pdf,Course module viewed
SYN2024_040,2024-12-01 15:52:44,File,Learning material 8.pdf,Course module viewed
SYN2024_040,2024-12-02 11:39:42,File,Learning material 1.pdf,Course module viewed
SYN2024_040,2024-12-02 17:29:50,Forum,Course forum,Discussion viewed
SYN2024_040,2024-12-02 18:43:10,File,Learning material 8.pdf,Course module viewed
SYN2024_041,2024-10-12 13:57:29,File,Learning material 8.pdf,Course module viewed
SYN2024_041,2024-10-25 15:51:18,Quiz,Quiz: 3,Quiz attempt viewed
SYN2024_041,2024-10-27 16:27:39,File,Learning material 5.pdf,Course module viewed
SYN2024_041,2024-10-27 23:20:14,Assignment,Assignment: 1,Submission status viewed
SYN2024_041,2024-10-28 17:00:14,Quiz,Quiz: 3,Quiz attempt viewed
SYN2024_041,2024-10-29 18:14:32,Assignment,Assignment: 1,Submission status viewed
SYN2024_041,2024-10-30 10:18:38,File,Learning material 8.pdf,Course module viewed
SYN2024_041,2024-10-30 20:37:13,Forum,Course forum,Discussion viewed
SYN2024_041,2024-11-02 14:15:57,Assignment,Assignment: 1,Assignment submitted
SYN2024_041,2024-11-04 13:19:49,File,Learning material 5.pdf,Course module viewed
SYN2024_041,2024-11-04 18:31:47,Assignment,Assignment: 2,Submission status viewed
SYN2024_041,2024-11-05 12:10:49,File,Learning material 7.pdf,Course module viewed
SYN2024_041,2024-11-09 20:14:41,Assignment,Assignment: 2,Assignment submitted
SYN2024_041,2024-11-10 13:11:44,Assignment,Assignment: 3,Submission status viewed
SYN2024_041,2024-11-10 18:13:53,Assignment,Assignment: 3,Submission status viewed
SYN2024_041,2024-11-17 20:26:53,Assignment,Assignment: 3,Assignment submitted
SYN2024_041,2024-11-20 15:40:30,File,Learning material 2.pdf,Course module viewed
SYN2024_041,2024-11-21 15:37:23,File,Learning material 3.pdf,Course module viewed
SYN2024_041,2024-11-25 15:39:40,File,Learning material 5.pdf,Course module viewed
SYN2024_041,2024-11-25 17:22:07,File,Learning material 1.pdf,Course module viewed
SYN2024_041,2024-11-26 15:18:46,Assignment,Assignment: 3,Submission status viewed
SYN2024_041,2024-11-28 11:38:44,Quiz,Quiz: 3,Quiz attempt viewed
SYN2024_041,2024-11-28 15:24:32,File,Learning material 5.pdf,Course module viewed
SYN2024_041,2024-11-29 09:53:46,Assignment,Assignment: 2,Submission status viewed
SYN2024_041,2024-11-30 10:57:20,Forum,Course forum,Discussion viewed
SYN2024_041,2024-11-30 18:30:47,File,Learning material 3.pdf,Course module viewed
SYN2024_041,2024-12-01 10:44:48,File,Learning material 3.pdf,Course module viewed
SYN2024_041,2024-12-02 11:05:07,File,Learning material 6.pdf,Course module viewed
SYN2024_041,2024-12-02 17:15:16,Forum,Course forum,Discussion viewed
SYN2024_042,2024-10-15 14:50:04,File,Learning material 7.pdf,Course module viewed
SYN2024_042,2024-10-15 17:04:28,Quiz,Quiz: 2,Quiz attempt viewed
SYN2024_042,2024-10-16 20:14:04,Assignment,Assignment: 2,Submission status viewed
SYN2024_042,2024-10-20 18:07:44,File,Learning material 4.pdf,Course module viewed
SYN2024_042,2024-10-21 13:08:03,Assignment,Assignment: 3,Submission status viewed
SYN2024_042,2024-10-21 16:37:17,Quiz,Quiz: 2,Quiz attempt viewed
SYN2024_042,2024-10-24 15:31:10,File,Learning material 6.pdf,Course module viewed
SYN2024_042,2024-10-25 19:41:42,Assignment,Assignment: 3,Submission status viewed
SYN2024_042,2024-10-26 18:49:35,Quiz,Quiz: 1,Quiz attempt viewed
SYN2024_042,2024-10-28 15:38:43,Assignment,Assignment: 1,Submission status viewed
SYN2024_042,2024-11-01 14:28:57,Assignment,Assignment: 1,Assignment submitted
SYN2024_042,2024-11-04 14:30:07,File,Learning material 6.pdf,Course module viewed
SYN2024_042,2024-11-05 16:48:33,File,Learning material 4.pdf,Course module viewed
SYN2024_042,2024-11-06 12:10:45,File,Learning material 8.pdf,Course module viewed
SYN2024_042,2024-11-06 13:45:28,Assignment,Assignment: 2,Submission status viewed
SYN2024_042,2024-11-06 18:08:31,File,Learning material 1.pdf,Course module viewed
SYN2024_042,2024-11-06 19:20:27,File,Learning material 4.pdf,Course module viewed
SYN2024_042,2024-11-07 22:08:42,File,Learning material 8.pdf,Course module viewed
SYN2024_042,2024-11-08 14:39:25,Quiz,Quiz: 3,Quiz attempt viewed
SYN2024_042,2024-11-09 13:16:46,File,Learning material 3.pdf,Course module viewed
SYN2024_042,2024-11-10 09:02:10,Assignment,Assignment: 2,Submission status viewed
SYN2024_042,2024-11-13 15:49:06,Quiz,Quiz: 2,Quiz attempt viewed
SYN2024_042,2024-11-14 20:23:33,File,Learning material 5.pdf,Course module viewed
SYN2024_042,2024-11-15 13:50:27,Assignment,Assignment: 3,Submission status viewed
SYN2024_042,2024-11-16 22:35:57,File,Learning material 3.pdf,Course module viewed
SYN2024_042,2024-11-18 19:21:12,Assignment,Assignment: 3,Assignment submitted
SYN2024_042,2024-11-22 17:30:55,Forum,Course forum,Discussion viewed
SYN2024_042,2024-11-23 17:03:10,File,Learning material 8.pdf,Course module viewed
SYN2024_042,2024-11-23 17:56:17,Assignment,Assignment: 2,Submission status viewed
SYN2024_042,2024-11-26 18:59:53,Assignment,Assignment: 2,Assignment submitted
SYN2024_042,2024-11-27 21:22:58,File,Learning material 6.pdf,Course module viewed
SYN2024_042,2024-11-28 16:35:48,File,Learning material 8.pdf,Course module viewed
SYN2024_042,2024-11-29 22:31:51,File,Learning material 2.pdf,Course module viewed
SYN2024_042,2024-11-30 11:17:10,File,Learning material 7.pdf,Course module viewed
SYN2024_042,2024-11-30 13:14:51,File,Learning material 8.pdf,Course module viewed
SYN2024_042,2024-11-30 13:42:53,Assignment,Assignment: 2,Submission status viewed
SYN2024_042,2024-11-30 13:45:28,File,Learning material 2.pdf,Course module viewed
SYN2024_042,2024-11-30 14:22:39,File,Learning material 3.pdf,Course module viewed
SYN2024_042,2024-11-30 17:16:56,File,Learning material 5.pdf,Course module viewed
SYN2024_042,2024-11-30 17:28:08,File,Learning material 3.pdf,Course module viewed
SYN2024_042,2024-11-30 18:10:44,File,Learning material 8.pdf,Course module viewed
SYN2024_042,2024-11-30 19:03:00,File,Learning material 2.pdf,Course module viewed
SYN2024_042,2024-11-30 19:57:44,File,Learning material 5.pdf,Course module viewed
SYN2024_042,2024-11-30 20:33:59,File,Learning material 5.pdf,Course module viewed
SYN2024_042,2024-11-30 20:43:06,File,Learning material 2.pdf,Course module viewed
SYN2024_042,2024-11-30 21:48:12,Forum,Course forum,Discussion viewed
SYN2024_042,2024-11-30 23:40:17,File,Learning material 1.pdf,Course module viewed
SYN2024_042,2024-12-01 10:39:21,File,Learning material 1.pdf,Course module viewed
SYN2024_042,2024-12-01 15:02:02,Quiz,Quiz: 1,Quiz attempt viewed
SYN2024_042,2024-12-01 15:21:49,Assignment,Assignment: 3,Submission status viewed
SYN2024_042,2024-12-01 16:23:41,File,Learning material 7.pdf,Course module viewed
SYN2024_042,2024-12-01 17:32:23,Quiz,Quiz: 2,Quiz attempt viewed
SYN2024_042,2024-12-01 18:50:32,Quiz,Quiz: 3,Quiz attempt viewed
SYN2024_042,2024-12-01 19:21:35,Quiz,Quiz: 1,Quiz attempt viewed
SYN2024_042,2024-12-01 19:48:40,Quiz,Quiz: 3,Quiz attempt viewed
SYN2024_042,2024-12-01 19:55:49,File,Learning material 4.pdf,Course module viewed
SYN2024_042,2024-12-01 21:13:18,File,Learning material 5.pdf,Course module viewed
SYN2024_042,2024-12-01 22:41:21,File,Learning material 3.pdf,Course module viewed
SYN2024_042,2024-12-02 10:10:17,File,Learning material 7.pdf,Course module viewed
SYN2024_042,2024-12-02 12:30:18,Quiz,Quiz: 1,Quiz attempt viewed
SYN2024_042,2024-12-02 13:37:05,File,Learning material 6.pdf,Course module viewed
SYN2024_042,2024-12-02 13:45:26,File,Learning material 4.pdf,Course module viewed
SYN2024_042,2024-12-02 14:18:52,Forum,Course forum,Discussion viewed
SYN2024_042,2024-12-02 16:25:04,File,Learning material 3.pdf,Course module viewed
SYN2024_042,2024-12-02 17:01:13,File,Learning material 8.pdf,Course module viewed
SYN2024_042,2024-12-02 17:51:09,Assignment,Assignment: 2,Submission status viewed
SYN2024_042,2024-12-02 18:52:08,File,Learning material 4.pdf,Course module viewed
SYN2024_042,2024-12-02 19:01:14,Assignment,Assignment: 2,Submission status viewed
SYN2024_042,2024-12-02 19:31:19,Assignment,Assignment: 2,Submission status viewed
SYN2024_042,2024-12-02 19:49:57,Assignment,Assignment: 3,Submission status viewed
SYN2024_042,2024-12-02 23:09:39,File,Learning material 3.pdf,Course module viewed
SYN2024_042,2024-12-02 23:17:54,Forum,Course forum,Discussion viewed
SYN2024_042,2024-12-02 23:40:25,Assignment,Assignment: 2,Submission status viewed
SYN2024_043,2024-10-09 13:48:52,Forum,Course forum,Discussion viewed
SYN2024_043,2024-10-11 15:36:00,File,Learning material 6.pdf,Course module viewed
SYN2024_043,2024-10-12 13:47:47,File,Learning material 1.pdf,Course module viewed
SYN2024_043,2024-10-13 15:23:56,File,Learning material 5.pdf,Course module viewed
SYN2024_043,2024-10-16 16:03:28,Assignment,Assignment: 1,Submission status viewed
SYN2024_043,2024-10-19 12:58:35,Forum,Course forum,Discussion viewed
SYN2024_043,2024-10-23 19:53:41,File,Learning material 3.pdf,Course module viewed
SYN2024_043,2024-10-24 14:31:38,File,Learning material 5.pdf,Course module viewed
SYN2024_043,2024-10-25 20:53:26,Forum,Course forum,Discussion viewed
SYN2024_043,2024-10-27 22:26:28,Assignment,Assignment: 1,Submission status viewed
SYN2024_043,2024-10-28 11:19:32,Quiz,Quiz: 2,Quiz attempt viewed
SYN2024_043,2024-10-28 18:59:23,File,Learning material 7.pdf,Course module viewed
SYN2024_043,2024-10-28 20:29:55,File,Learning material 2.pdf,Course module viewed
SYN2024_043,2024-10-30 11:39:57,Forum,Course forum,Discussion viewed
SYN2024_043,2024-10-30 12:29:50,Quiz,Quiz: 2,Quiz attempt viewed
SYN2024_043,2024-10-31 13:10:44,Quiz,Quiz: 3,Quiz attempt viewed
SYN2024_043,2024-11-01 14:44:26,Quiz,Quiz: 2,Quiz attempt viewed
SYN2024_043,2024-11-03 13:51:37,Assignment,Assignment: 1,Assignment submitted
SYN2024_043,2024-11-03 18:26:32,Quiz,Quiz: 3,Quiz attempt viewed
SYN2024_043,2024-11-04 19:01:24,File,Learning material 2.pdf,Course module viewed
SYN2024_043,2024-11-05 13:00:38,Assignment,Assignment: 3,Submission status viewed
SYN2024_043,2024-11-05 14:03:14,File,Learning material 8.pdf,Course module viewed
SYN2024_043,2024-11-09 12:49:42,Assignment,Assignment: 1,Submission status viewed
SYN2024_043,2024-11-09 15:02:01,File,Learning material 2.pdf,Course module viewed
SYN2024_043,2024-11-09 15:09:24,Quiz,Quiz: 1,Quiz attempt viewed
SYN2024_043,2024-11-11 15:59:11,Assignment,Assignment: 3,Submission status viewed
SYN2024_043,2024-11-11 16:03:29,Assignment,Assignment: 3,Assignment submitted
SYN2024_043,2024-11-11 20:09:55,File,Learning material 3.pdf,Course module viewed
SYN2024_043,2024-11-12 12:40:11,Assignment,Assignment: 2,Submission status viewed
SYN2024_043,2024-11-15 13:48:59,File,Learning material 7.pdf,Course module viewed
SYN2024_043,2024-11-15 18:08:41,Assignment,Assignment: 2,Assignment submitted
SYN2024_043,2024-11-15 19:27:46,File,Learning material 1.pdf,Course module viewed
SYN2024_043,2024-11-18 14:06:57,File,Learning material 1.pdf,Course module viewed
SYN2024_043,2024-11-19 13:50:21,File,Learning material 5.pdf,Course module viewed
SYN2024_043,2024-11-20 15:06:02,File,Learning material 1.pdf,Course module viewed
SYN2024_043,2024-11-21 14:46:44,Assignment,Assignment: 1,Submission status viewed
SYN2024_043,2024-11-23 15:31:57,Forum,Course forum,Discussion viewed
SYN2024_043,2024-11-23 16:15:50,Assignment,Assignment: 3,Submission status viewed
SYN2024_043,2024-11-24 15:43:01,Assignment,Assignment: 2,Submission status viewed
SYN2024_043,2024-11-24 19:01:25,File,Learning material 8.pdf,Course module viewed
SYN2024_043,2024-11-25 16:07:29,File,Learning material 2.pdf,Course module viewed
SYN2024_043,2024-11-26 13:57:25,Assignment,Assignment: 3,Submission status viewed
SYN2024_043,2024-11-26 15:36:29,File,Learning material 7.pdf,Course module viewed
SYN2024_043,2024-11-26 15:38:08,File,Learning material 2.pdf,Course module viewed
SYN2024_043,2024-11-27 12:58:20,Quiz,Quiz: 2,Quiz attempt viewed
SYN2024_043,2024-11-27 13:51:15,Quiz,Quiz: 1,Quiz attempt viewed
SYN2024_043,2024-11-27 14:39:54,File,Learning material 2.pdf,Course module viewed
SYN2024_043,2024-11-27 16:53:00,File,Learning material 5.pdf,Course module viewed
SYN2024_043,2024-11-27 18:14:28,Assignment,Assignment: 3,Submission status viewed
SYN2024_043,2024-11-28 17:47:57,File,Learning material 3.pdf,Course module viewed
SYN2024_043,2024-11-28 19:30:30,Quiz,Quiz: 2,Quiz attempt viewed
SYN2024_043,2024-11-29 15:37:34,File,Learning material 1.pdf,Course module viewed
SYN2024_043,2024-11-29 15:39:23,File,Learning material 8.pdf,Course module viewed
SYN2024_043,2024-11-30 17:50:03,File,Learning material 3.pdf,Course module viewed
SYN2024_043,2024-12-01 20:23:54,File,Learning material 6.pdf,Course module viewed
SYN2024_043,2024-12-02 13:15:02,File,Learning material 3.pdf,Course module viewed
SYN2024_043,2024-12-02 15:10:50,Assignment,Assignment: 3,Submission status viewed
SYN2024_043,2024-12-02 15:35:08,File,Learning material 1.pdf,Course module viewed
SYN2024_044,2024-10-09 15:56:48,File,Learning material 2.pdf,Course module viewed
SYN2024_044,2024-10-11 15:06:12,File,Learning material 2.pdf,Course module viewed
SYN2024_044,2024-10-11 17:56:27,Forum,Course forum,Discussion viewed
SYN2024_044,2024-10-11 23:56:49,File,Learning material 2.pdf,Course module viewed
SYN2024_044,2024-10-13 15:40:09,Forum,Course forum,Discussion viewed
SYN2024_044,2024-10-16 14:19:46,Forum,Course forum,Discussion viewed
SYN2024_044,2024-10-17 17:01:32,Quiz,Quiz: 2,Quiz attempt viewed
SYN2024_044,2024-10-20 18:43:47,File,Learning material 5.pdf,Course module viewed
SYN2024_044,2024-10-20 23:35:54,File,Learning material 4.pdf,Course module viewed
SYN2024_044,2024-10-21 15:30:50,Quiz,Quiz: 3,Quiz attempt viewed
SYN2024_044,2024-10-25 16:25:55,File,Learning material 4.pdf,Course module viewed
SYN2024_044,2024-10-29 15:56:54,Quiz,Quiz: 3,Quiz attempt viewed
SYN2024_044,2024-10-29 16:06:11,Quiz,Quiz: 2,Quiz attempt viewed
SYN2024_044,2024-10-29 16:21:48,Assignment,Assignment: 3,Submission status viewed
SYN2024_044,2024-10-31 19:49:24,Assignment,Assignment: 3,Assignment submitted
SYN2024_044,2024-11-02 17:40:43,Quiz,Quiz: 3,Quiz attempt viewed
SYN2024_044,2024-11-02 18:16:38,File,Learning material 4.pdf,Course module viewed
SYN2024_044,2024-11-02 19:16:15,File,Learning material 4.pdf,Course module viewed
SYN2024_044,2024-11-07 22:06:24,Assignment,Assignment: 2,Submission status viewed
SYN2024_044,2024-11-09 18:42:27,Assignment,Assignment: 2,Submission status viewed
SYN2024_044,2024-11-11 18:44:42,Assignment,Assignment: 2,Assignment submitted
SYN2024_044,2024-11-13 19:36:06,File,Learning material 3.pdf,Course module viewed
SYN2024_044,2024-11-15 16:08:17,File,Learning material 2.pdf,Course module viewed
SYN2024_044,2024-11-15 16:48:42,File,Learning material 1.pdf,Course module viewed
SYN2024_044,2024-11-16 19:28:50,Forum,Course forum,Discussion viewed
SYN2024_044,2024-11-20 10:42:36,Assignment,Assignment: 1,Submission status viewed
SYN2024_044,2024-11-21 19:53:40,Forum,Course forum,Discussion viewed
SYN2024_044,2024-11-22 21:57:37,Quiz,Quiz: 1,Quiz attempt viewed
SYN2024_044,2024-11-24 21:01:47,File,Learning material 3.pdf,Course module viewed
SYN2024_044,2024-11-26 22:37:02,Assignment,Assignment: 1,Assignment submitted
SYN2024_044,2024-11-30 12:41:04,File,Learning material 6.pdf,Course module viewed
SYN2024_044,2024-11-30 13:28:34,Assignment,Assignment: 2,Submission status viewed
SYN2024_044,2024-11-30 14:01:47,File,Learning material 3.pdf,Course module viewed
SYN2024_044,2024-11-30 14:24:34,Quiz,Quiz: 2,Quiz attempt viewed
SYN2024_044,2024-11-30 14:31:40,Quiz,Quiz: 3,Quiz attempt viewed
SYN2024_044,2024-11-30 14:57:35,Quiz,Quiz: 2,Quiz attempt viewed
SYN2024_044,2024-11-30 15:08:25,File,Learning material 7.pdf,Course module viewed
SYN2024_044,2024-11-30 15:09:06,File,Learning material 2.pdf,Course module viewed
SYN2024_044,2024-11-30 15:17:36,File,Learning material 7.pdf,Course module viewed
SYN2024_044,2024-11-30 15:28:23,File,Learning material 8.pdf,Course module viewed
SYN2024_044,2024-11-30 16:53:21,File,Learning material 4.pdf,Course module viewed
SYN2024_044,2024-11-30 16:57:34,Forum,Course forum,Discussion viewed
SYN2024_044,2024-11-30 17:01:42,File,Learning material 4.pdf,Course module viewed
SYN2024_044,2024-11-30 17:15:22,Forum,Course forum,Discussion viewed
SYN2024_044,2024-11-30 17:46:27,Quiz,Quiz: 2,Quiz attempt viewed
SYN2024_044,2024-11-30 18:18:27,File,Learning material 1.pdf,Course module viewed
SYN2024_044,2024-11-30 18:26:48,Forum,Course forum,Discussion viewed
SYN2024_044,2024-11-30 18:27:10,Quiz,Quiz: 3,Quiz attempt viewed
SYN2024_044,2024-11-30 19:37:03,File,Learning material 7.pdf,Course module viewed
SYN2024_044,2024-11-30 19:54:15,File,Learning material 7.pdf,Course module viewed
SYN2024_044,2024-11-30 20:20:14,File,Learning material 4.pdf,Course module viewed
SYN2024_044,2024-11-30 22:43:09,File,Learning material 5.pdf,Course module viewed
SYN2024_044,2024-12-01 12:20:05,File,Learning material 4.pdf,Course module viewed
SYN2024_044,2024-12-01 13:03:03,File,Learning material 3.pdf,Course module viewed
SYN2024_044,2024-12-01 13:21:35,Quiz,Quiz: 1,Quiz attempt viewed
SYN2024_044,2024-12-01 13:39:38,File,Learning material 6.pdf,Course module viewed
SYN2024_044,2024-12-01 14:03:55,File,Learning material 6.pdf,Course module viewed
SYN2024_044,2024-12-01 14:55:09,Quiz,Quiz: 2,Quiz attempt viewed
SYN2024_044,2024-12-01 16:08:52,File,Learning material 2.pdf,Course module viewed
SYN2024_044,2024-12-01 16:14:11,Assignment,Assignment: 2,Submission status viewed
SYN2024_044,2024-12-01 16:21:31,File,Learning material 2.pdf,Course module viewed
SYN2024_044,2024-12-01 16:32:22,File,Learning material 7.pdf,Course module viewed
SYN2024_044,2024-12-01 16:40:57,File,Learning material 6.pdf,Course module viewed
SYN2024_044,2024-12-01 17:31:24,Quiz,Quiz: 1,Quiz attempt viewed
SYN2024_044,2024-12-01 17:49:36,Quiz,Quiz: 3,Quiz attempt viewed
SYN2024_044,2024-12-01 18:02:02,Quiz,Quiz: 3,Quiz attempt viewed
SYN2024_044,2024-12-01 18:31:16,Quiz,Quiz: 1,Quiz attempt viewed
SYN2024_044,2024-12-01 19:09:34,Quiz,Quiz: 3,Quiz attempt viewed
SYN2024_044,2024-12-01 20:08:16,File,Learning material 3.pdf,Course module viewed
SYN2024_044,2024-12-01 21:14:55,File,Learning material 7.pdf,Course module viewed
SYN2024_044,2024-12-01 21:34:19,File,Learning material 2.pdf,Course module viewed
SYN2024_044,2024-12-01 21:52:08,File,Learning material 5.pdf,Course module viewed
SYN2024_044,2024-12-01 23:54:34,Quiz,Quiz: 3,Quiz attempt viewed
SYN2024_044,2024-12-02 12:26:06,Forum,Course forum,Discussion viewed
SYN2024_044,2024-12-02 16:13:54,Assignment,Assignment: 3,Submission status viewed
SYN2024_044,2024-12-02 16:55:04,Assignment,Assignment: 3,Submission status viewed
SYN2024_044,2024-12-02 17:02:49,File,Learning material 1.pdf,Course module viewed
SYN2024_044,2024-12-02 19:19:03,File,Learning material 1.pdf,Course module viewed
SYN2024_044,2024-12-02 19:46:58,Quiz,Quiz: 3,Quiz attempt viewed
SYN2024_044,2024-12-02 21:03:49,Quiz,Quiz: 3,Quiz attempt viewed
SYN2024_044,2024-12-02 21:14:33,Quiz,Quiz: 3,Quiz attempt viewed
SYN2024_044,2024-12-02 23:41:20,File,Learning material 6.pdf,Course module viewed
SYN2024_045,2024-10-09 21:36:29,File,Learning material 4.pdf,Course module viewed
SYN2024_045,2024-10-17 13:27:38,Assignment,Assignment: 1,Submission status viewed
SYN2024_045,2024-10-17 17:04:54,Quiz,Quiz: 2,Quiz attempt viewed
SYN2024_045,2024-10-20 15:12:24,File,Learning material 5.pdf,Course module viewed
SYN2024_045,2024-10-21 17:42:44,File,Learning material 6.pdf,Course module viewed
SYN2024_045,2024-10-22 12:31:39,Quiz,Quiz: 1,Quiz attempt viewed
SYN2024_045,2024-10-22 15:04:42,File,Learning material 5.pdf,Course module viewed
SYN2024_045,2024-11-05 17:50:28,Assignment,Assignment: 3,Submission status viewed
SYN2024_045,2024-11-06 16:11:22,Assignment,Assignment: 1,Submission status viewed
SYN2024_045,2024-11-08 17:57:47,File,Learning material 5.pdf,Course module viewed
SYN2024_045,2024-11-10 12:40:39,Assignment,Assignment: 3,Assignment submitted
SYN2024_045,2024-11-12 13:54:19,File,Learning material 3.pdf,Course module viewed
SYN2024_045,2024-11-13 15:42:51,Assignment,Assignment: 1,Assignment submitted
SYN2024_045,2024-11-15 18:11:53,Assignment,Assignment: 2,Submission status viewed
SYN2024_045,2024-11-16 14:22:09,Assignment,Assignment: 2,Submission status viewed
SYN2024_045,2024-11-16 14:50:30,Assignment,Assignment: 1,Submission status viewed
SYN2024_045,2024-11-18 23:52:43,Assignment,Assignment: 2,Assignment submitted
SYN2024_045,2024-11-20 19:19:16,Assignment,Assignment: 3,Submission status viewed
SYN2024_045,2024-11-22 16:48:14,Assignment,Assignment: 2,Submission status viewed
SYN2024_045,2024-11-26 20:20:41,File,Learning material 2.pdf,Course module viewed
SYN2024_045,2024-11-27 13:57:24,File,Learning material 7.pdf,Course module viewed
SYN2024_045,2024-11-27 17:47:26,File,Learning material 1.pdf,Course module viewed
SYN2024_045,2024-11-28 12:22:47,File,Learning material 6.pdf,Course module viewed
SYN2024_045,2024-11-28 17:01:29,File,Learning material 3.pdf,Course module viewed
SYN2024_045,2024-11-29 17:58:52,File,Learning material 2.pdf,Course module viewed
SYN2024_045,2024-11-29 18:08:51,Quiz,Quiz: 1,Quiz attempt viewed
SYN2024_045,2024-11-29 21:56:12,Assignment,Assignment: 2,Submission status viewed
SYN2024_045,2024-11-30 13:07:38,File,Learning material 3.pdf,Course module viewed
SYN2024_045,2024-11-30 21:54:32,File,Learning material 8.pdf,Course module viewed
SYN2024_045,2024-12-01 15:27:43,File,Learning material 8.pdf,Course module viewed
SYN2024_045,2024-12-01 16:18:03,File,Learning material 4.pdf,Course module viewed
SYN2024_045,2024-12-02 13:38:27,Assignment,Assignment: 2,Submission status viewed
SYN2024_045,2024-12-02 14:31:33,Quiz,Quiz: 1,Quiz attempt viewed
SYN2024_045,2024-12-02 15:52:19,Assignment,Assignment: 2,Submission status viewed
SYN2024_045,2024-12-02 17:42:05,File,Learning material 2.pdf,Course module viewed
SYN2024_045,2024-12-02 19:54:01,File,Learning material 2.pdf,Course module viewed
SYN2024_046,2024-10-15 14:43:00,Quiz,Quiz: 2,Quiz attempt viewed
SYN2024_046,2024-10-15 16:17:28,File,Learning material 3.pdf,Course module viewed
SYN2024_046,2024-10-16 14:18:25,Assignment,Assignment: 2,Submission status viewed
SYN2024_046,2024-10-17 15:13:02,File,Learning material 2.pdf,Course module viewed
SYN2024_046,2024-10-17 18:55:48,Forum,Course forum,Discussion viewed
SYN2024_046,2024-10-18 12:20:49,File,Learning material 4.pdf,Course module viewed
SYN2024_046,2024-10-22 08:12:46,Quiz,Quiz: 3,Quiz attempt viewed
SYN2024_046,2024-10-26 20:10:27,File,Learning material 8.pdf,Course module viewed
SYN2024_046,2024-11-01 15:38:25,Assignment,Assignment: 1,Submission status viewed
SYN2024_046,2024-11-03 12:28:12,Assignment,Assignment: 2,Submission status viewed
SYN2024_046,2024-11-03 14:20:54,File,Learning material 5.pdf,Course module viewed
SYN2024_046,2024-11-03 18:23:36,Assignment,Assignment: 2,Submission status viewed
SYN2024_046,2024-11-06 19:58:08,Assignment,Assignment: 2,Assignment submitted
SYN2024_046,2024-11-08 19:04:27,Assignment,Assignment: 1,Assignment submitted
SYN2024_046,2024-11-12 15:28:38,Assignment,Assignment: 3,Submission status viewed
SYN2024_046,2024-11-14 13:29:59,Assignment,Assignment: 3,Submission status viewed
SYN2024_046,2024-11-14 17:05:45,Forum,Course forum,Discussion viewed
SYN2024_046,2024-11-15 17:52:45,File,Learning material 7.pdf,Course module viewed
SYN2024_046,2024-11-17 21:04:29,File,Learning material 2.pdf,Course module viewed
SYN2024_046,2024-11-18 23:19:10,Assignment,Assignment: 3,Assignment submitted
SYN2024_046,2024-11-19 19:12:58,File,Learning material 5.pdf,Course module viewed
SYN2024_046,2024-11-21 20:22:05,File,Learning material 3.pdf,Course module viewed
SYN2024_046,2024-11-23 12:09:39,File,Learning material 4.pdf,Course module viewed
SYN2024_046,2024-11-25 10:15:42,Forum,Course forum,Discussion viewed
SYN2024_046,2024-11-25 15:01:37,File,Learning material 5.pdf,Course module viewed
SYN2024_046,2024-11-25 17:53:33,File,Learning material 1.pdf,Course module viewed
SYN2024_046,2024-11-25 20:07:46,File,Learning material 2.pdf,Course module viewed
SYN2024_046,2024-11-26 15:19:36,File,Learning material 2.pdf,Course module viewed
SYN2024_046,2024-11-26 15:29:57,File,Learning material 2.pdf,Course module viewed
SYN2024_046,2024-11-27 09:46:04,Assignment,Assignment: 2,Submission status viewed
SYN2024_046,2024-11-27 14:06:59,File,Learning material 4.pdf,Course module viewed
SYN2024_046,2024-11-28 11:51:07,Assignment,Assignment: 1,Submission status viewed
SYN2024_046,2024-11-28 17:19:54,File,Learning material 2.pdf,Course module viewed
SYN2024_046,2024-11-29 09:28:31,File,Learning material 4.pdf,Course module viewed
SYN2024_046,2024-11-29 13:20:06,File,Learning material 7.pdf,Course module viewed
SYN2024_046,2024-11-29 17:07:24,Forum,Course forum,Discussion viewed
SYN2024_046,2024-11-29 18:02:14,File,Learning material 2.pdf,Course module viewed
SYN2024_046,2024-11-30 12:16:12,File,Learning material 7.pdf,Course module viewed
SYN2024_046,2024-11-30 15:03:09,File,Learning material 4.pdf,Course module viewed
SYN2024_046,2024-12-01 17:28:47,File,Learning material 6.pdf,Course module viewed
SYN2024_046,2024-12-01 18:37:51,File,Learning material 4.pdf,Course module viewed
SYN2024_047,2024-10-11 15:12:35,File,Learning material 8.pdf,Course module viewed
SYN2024_047,2024-10-12 15:22:05,File,Learning material 7.pdf,Course module viewed
SYN2024_047,2024-10-16 14:59:20,File,Learning material 1.pdf,Course module viewed
SYN2024_047,2024-10-17 13:53:31,File,Learning material 2.pdf,Course module viewed
SYN2024_047,2024-10-18 08:54:15,File,Learning material 3.pdf,Course module viewed
SYN2024_047,2024-10-18 16:52:55,Quiz,Quiz: 1,Quiz attempt viewed
SYN2024_047,2024-10-21 18:28:25,File,Learning material 5.pdf,Course module viewed
SYN2024_047,2024-10-22 19:34:51,Quiz,Quiz: 3,Quiz attempt viewed
SYN2024_047,2024-10-30 10:07:06,File,Learning material 7.pdf,Course module viewed
SYN2024_047,2024-11-01 16:49:40,Assignment,Assignment: 1,Submission status viewed
SYN2024_047,2024-11-06 15:13:40,File,Learning material 7.pdf,Course module viewed
SYN2024_047,2024-11-10 13:37:18,Assignment,Assignment: 2,Submission status viewed
SYN2024_047,2024-11-11 14:28:31,Assignment,Assignment: 2,Submission status viewed
SYN2024_047,2024-11-12 16:56:06,Assignment,Assignment: 2,Submission status viewed
SYN2024_047,2024-11-12 18:35:44,Quiz,Quiz: 3,Quiz attempt viewed
SYN2024_047,2024-11-13 14:39:09,Quiz,Quiz: 1,Quiz attempt viewed
SYN2024_047,2024-11-19 21:47:54,Assignment,Assignment: 2,Assignment submitted
SYN2024_047,2024-11-21 18:15:43,File,Learning material 4.pdf,Course module viewed
SYN2024_047,2024-11-21 18:55:27,Assignment,Assignment: 3,Submission status viewed
SYN2024_047,2024-11-22 17:03:48,Assignment,Assignment: 1,Submission status viewed
SYN2024_047,2024-11-23 15:09:30,Forum,Course forum,Discussion viewed
SYN2024_047,2024-11-23 16:00:11,File,Learning material 4.pdf,Course module viewed
SYN2024_047,2024-11-23 16:05:41,Assignment,Assignment: 3,Assignment submitted
SYN2024_047,2024-11-23 19:40:17,File,Learning material 3.pdf,Course module viewed
SYN2024_047,2024-11-23 21:25:33,File,Learning material 1.pdf,Course module viewed
SYN2024_047,2024-11-24 19:06:58,File,Learning material 4.pdf,Course module viewed
SYN2024_047,2024-11-25 09:15:10,File,Learning material 8.pdf,Course module viewed
SYN2024_047,2024-11-25 12:43:44,File,Learning material 4.pdf,Course module viewed
SYN2024_047,2024-11-25 14:34:32,Assignment,Assignment: 1,Submission status viewed
SYN2024_047,2024-11-27 16:37:33,Forum,Course forum,Discussion viewed
SYN2024_047,2024-11-27 17:56:46,File,Learning material 2.pdf,Course module viewed
SYN2024_047,2024-11-27 23:14:36,Assignment,Assignment: 1,Assignment submitted
SYN2024_047,2024-11-28 14:44:35,Quiz,Quiz: 3,Quiz attempt viewed
SYN2024_047,2024-11-29 12:52:15,Forum,Course forum,Discussion viewed
SYN2024_047,2024-11-29 18:02:48,File,Learning material 6.pdf,Course module viewed
SYN2024_047,2024-11-30 12:54:37,Quiz,Quiz: 3,Quiz attempt viewed
SYN2024_047,2024-11-30 13:39:15,Quiz,Quiz: 2,Quiz attempt viewed
SYN2024_047,2024-11-30 15:42:10,Assignment,Assignment: 1,Submission status viewed
SYN2024_047,2024-11-30 17:48:36,Assignment,Assignment: 2,Submission status viewed
SYN2024_047,2024-11-30 18:05:52,Quiz,Quiz: 2,Quiz attempt viewed
SYN2024_047,2024-12-01 10:34:39,File,Learning material 1.pdf,Course module viewed
SYN2024_047,2024-12-01 14:23:13,File,Learning material 8.pdf,Course module viewed
SYN2024_047,2024-12-01 17:14:12,Quiz,Quiz: 2,Quiz attempt viewed
SYN2024_047,2024-12-02 13:02:12,Assignment,Assignment: 2,Submission status viewed
SYN2024_047,2024-12-02 15:22:51,Forum,Course forum,Discussion viewed
SYN2024_047,2024-12-02 15:56:53,Quiz,Quiz: 2,Quiz attempt viewed
SYN2024_048,2024-10-09 14:25:05,Assignment,Assignment: 1,Submission status viewed
SYN2024_048,2024-10-19 13:25:34,Quiz,Quiz: 2,Quiz attempt viewed
SYN2024_048,2024-10-24 13:38:33,Assignment,Assignment: 1,Submission status viewed
SYN2024_048,2024-10-25 16:13:35,Assignment,Assignment: 2,Submission status viewed
SYN2024_048,2024-10-30 20:50:34,Assignment,Assignment: 1,Submission status viewed
SYN2024_048,2024-11-04 16:43:52,Assignment,Assignment: 1,Assignment submitted
SYN2024_048,2024-11-15 13:32:20,File,Learning material 4.pdf,Course module viewed
SYN2024_048,2024-11-16 13:43:42,File,Learning material 1.pdf,Course module viewed
SYN2024_048,2024-11-16 17:58:29,Assignment,Assignment: 3,Submission status viewed
SYN2024_048,2024-11-16 21:35:15,Assignment,Assignment: 2,Submission status viewed
SYN2024_048,2024-11-18 15:42:17,Assignment,Assignment: 3,Assignment submitted
SYN2024_048,2024-11-21 12:53:46,File,Learning material 4.pdf,Course module viewed
SYN2024_048,2024-11-21 14:20:11,Assignment,Assignment: 2,Assignment submitted
SYN2024_048,2024-11-22 10:54:01,File,Learning material 4.pdf,Course module viewed
SYN2024_048,2024-11-22 11:50:29,File,Learning material 4.pdf,Course module viewed
SYN2024_048,2024-11-22 12:14:27,File,Learning material 2.pdf,Course module viewed
SYN2024_048,2024-11-22 13:30:03,File,Learning material 1.pdf,Course module viewed
SYN2024_048,2024-11-22 14:10:44,File,Learning material 1.pdf,Course module viewed
SYN2024_048,2024-11-22 14:29:25,File,Learning material 5.pdf,Course module viewed
SYN2024_048,2024-11-22 14:34:43,File,Learning material 4.pdf,Course module viewed
SYN2024_048,2024-11-22 15:19:01,Forum,Course forum,Discussion viewed
SYN2024_048,2024-11-22 15:32:26,File,Learning material 8.pdf,Course module viewed
SYN2024_048,2024-11-23 23:48:30,File,Learning material 4.pdf,Course module viewed
SYN2024_048,2024-11-24 17:02:05,File,Learning material 3.pdf,Course module viewed
SYN2024_048,2024-11-26 16:29:37,Assignment,Assignment: 2,Submission status viewed
SYN2024_048,2024-11-27 11:51:09,File,Learning material 4.pdf,Course module viewed
SYN2024_048,2024-11-27 17:10:10,Assignment,Assignment: 3,Submission status viewed
SYN2024_048,2024-11-29 10:39:38,Assignment,Assignment: 3,Submission status viewed
SYN2024_048,2024-11-30 10:47:11,Assignment,Assignment: 3,Submission status viewed
SYN2024_048,2024-12-01 13:51:02,File,Learning material 5.pdf,Course module viewed
SYN2024_048,2024-12-02 13:11:41,File,Learning material 3.pdf,Course module viewed
SYN2024_048,2024-12-02 14:01:24,Assignment,Assignment: 3,Submission status viewed
SYN2024_049,2024-10-10 21:42:05,Quiz,Quiz: 3,Quiz attempt viewed
SYN2024_049,2024-10-13 12:05:43,File,Learning material 3.pdf,Course module viewed
SYN2024_049,2024-10-13 13:23:50,File,Learning material 6.pdf,Course module viewed
SYN2024_049,2024-10-14 13:57:32,Forum,Course forum,Discussion viewed
SYN2024_049,2024-10-17 17:16:38,File,Learning material 6.pdf,Course module viewed
SYN2024_049,2024-10-20 10:02:14,File,Learning material 3.pdf,Course module viewed
SYN2024_049,2024-10-25 13:14:54,Quiz,Quiz: 3,Quiz attempt viewed
SYN2024_049,2024-10-25 16:36:24,Assignment,Assignment: 3,Submission status viewed
SYN2024_049,2024-10-26 14:16:08,Quiz,Quiz: 1,Quiz attempt viewed
SYN2024_049,2024-10-28 15:46:03,File,Learning material 2.pdf,Course module viewed
SYN2024_049,2024-10-29 21:08:29,Quiz,Quiz: 3,Quiz attempt viewed
SYN2024_049,2024-11-01 11:34:53,File,Learning material 5.pdf,Course module viewed
SYN2024_049,2024-11-02 14:16:14,File,Learning material 3.pdf,Course module viewed
SYN2024_049,2024-11-05 06:03:58,Assignment,Assignment: 2,Submission status viewed
SYN2024_049,2024-11-05 20:39:22,File,Learning material 2.pdf,Course module viewed
SYN2024_049,2024-11-08 19:47:50,Quiz,Quiz: 3,Quiz attempt viewed
SYN2024_049,2024-11-09 16:00:13,File,Learning material 4.pdf,Course module viewed
SYN2024_049,2024-11-09 20:54:20,Assignment,Assignment: 2,Submission status viewed
SYN2024_049,2024-11-10 09:19:12,Quiz,Quiz: 2,Quiz attempt viewed
SYN2024_049,2024-11-10 15:20:51,File,Learning material 1.pdf,Course module viewed
SYN2024_049,2024-11-15 23:28:37,Assignment,Assignment: 2,Assignment submitted
SYN2024_049,2024-11-16 17:05:01,Assignment,Assignment: 1,Submission status viewed
SYN2024_049,2024-11-17 15:10:42,Assignment,Assignment: 3,Submission status viewed
SYN2024_049,2024-11-19 12:34:37,Assignment,Assignment: 1,Submission status viewed
SYN2024_049,2024-11-19 12:54:23,File,Learning material 1.pdf,Course module viewed
SYN2024_049,2024-11-20 15:11:59,Assignment,Assignment: 1,Assignment submitted
SYN2024_049,2024-11-20 15:59:00,File,Learning material 8.pdf,Course module viewed
SYN2024_049,2024-11-20 21:35:10,Assignment,Assignment: 3,Assignment submitted
SYN2024_049,2024-11-21 14:49:18,File,Learning material 2.pdf,Course module viewed
SYN2024_049,2024-11-22 16:12:09,File,Learning material 1.pdf,Course module viewed
SYN2024_049,2024-11-23 18:07:24,File,Learning material 3.pdf,Course module viewed
SYN2024_049,2024-11-24 13:02:02,File,Learning material 2.pdf,Course module viewed
SYN2024_049,2024-11-25 13:48:50,File,Learning material 7.pdf,Course module viewed
SYN2024_049,2024-11-25 14:02:40,Forum,Course forum,Discussion viewed
SYN2024_049,2024-11-25 14:05:33,File,Learning material 6.pdf,Course module viewed
SYN2024_049,2024-11-27 12:06:39,File,Learning material 3.pdf,Course module viewed
SYN2024_049,2024-11-27 12:11:59,File,Learning material 5.pdf,Course module viewed
SYN2024_049,2024-11-28 10:20:31,File,Learning material 1.pdf,Course module viewed
SYN2024_049,2024-11-28 14:26:49,File,Learning material 7.pdf,Course module viewed
SYN2024_049,2024-11-28 15:31:20,File,Learning material 1.pdf,Course module viewed
SYN2024_049,2024-11-29 13:13:59,File,Learning material 8.pdf,Course module viewed
SYN2024_049,2024-11-29 16:28:16,File,Learning material 3.pdf,Course module viewed
SYN2024_049,2024-11-30 22:16:04,Quiz,Quiz: 1,Quiz attempt viewed
SYN2024_049,2024-12-02 16:55:17,File,Learning material 8.pdf,Course module viewed
SYN2024_049,2024-12-02 18:23:01,Assignment,Assignment: 3,Submission status viewed
SYN2024_049,2024-12-02 19:27:47,Quiz,Quiz: 1,Quiz attempt viewed
SYN2024_050,2024-10-09 12:27:31,File,Learning material 3.pdf,Course module viewed
SYN2024_050,2024-10-09 19:00:08,File,Learning material 7.pdf,Course module viewed
SYN2024_050,2024-10-13 17:44:17,Quiz,Quiz: 1,Quiz attempt viewed
SYN2024_050,2024-10-14 15:46:45,File,Learning material 8.pdf,Course module viewed
SYN2024_050,2024-10-16 15:32:32,File,Learning material 1.pdf,Course module viewed
SYN2024_050,2024-10-21 19:13:43,Assignment,Assignment: 1,Submission status viewed
SYN2024_050,2024-10-25 14:46:53,File,Learning material 3.pdf,Course module viewed
SYN2024_050,2024-10-30 22:58:35,File,Learning material 8.pdf,Course module viewed
SYN2024_050,2024-11-03 10:49:48,File,Learning material 1.pdf,Course module viewed
SYN2024_050,2024-11-03 17:13:13,File,Learning material 2.pdf,Course module viewed
SYN2024_050,2024-11-04 17:24:15,Assignment,Assignment: 3,Submission status viewed
SYN2024_050,2024-11-09 16:54:47,Assignment,Assignment: 3,Submission status viewed
SYN2024_050,2024-11-09 19:10:23,Assignment,Assignment: 3,Assignment submitted
SYN2024_050,2024-11-10 23:56:21,Quiz,Quiz: 2,Quiz attempt viewed
SYN2024_050,2024-11-11 09:48:08,Assignment,Assignment: 2,Submission status viewed
SYN2024_050,2024-11-12 11:46:43,File,Learning material 6.pdf,Course module viewed
SYN2024_050,2024-11-12 23:06:53,Assignment,Assignment: 2,Assignment submitted
SYN2024_050,2024-11-13 14:52:55,Forum,Course forum,Discussion viewed
SYN2024_050,2024-11-14 14:24:01,File,Learning material 8.pdf,Course module viewed
SYN2024_050,2024-11-14 15:46:07,File,Learning material 8.pdf,Course module viewed
SYN2024_050,2024-11-17 20:25:44,Forum,Course forum,Discussion viewed
SYN2024_050,2024-11-20 11:07:49,Assignment,Assignment: 1,Submission status viewed
SYN2024_050,2024-11-21 19:35:05,File,Learning material 5.pdf,Course module viewed
SYN2024_050,2024-11-22 13:57:03,Assignment,Assignment: 3,Submission status viewed
SYN2024_050,2024-11-25 11:49:24,Assignment,Assignment: 1,Assignment submitted
SYN2024_050,2024-11-25 15:42:59,File,Learning material 4.pdf,Course module viewed
SYN2024_050,2024-11-26 10:38:19,Quiz,Quiz: 3,Quiz attempt viewed
SYN2024_050,2024-11-26 13:41:24,File,Learning material 1.pdf,Course module viewed
SYN2024_050,2024-11-26 15:03:51,Quiz,Quiz: 1,Quiz attempt viewed
SYN2024_050,2024-11-26 15:56:45,Assignment,Assignment: 2,Submission status viewed
SYN2024_050,2024-11-26 15:57:47,File,Learning material 6.pdf,Course module viewed
SYN2024_050,2024-11-26 16:02:10,Forum,Course forum,Discussion viewed
SYN2024_050,2024-11-26 17:24:32,File,Learning material 5.pdf,Course module viewed
SYN2024_050,2024-11-26 18:27:47,Assignment,Assignment: 1,Submission status viewed
SYN2024_050,2024-11-26 23:31:03,Forum,Course forum,Discussion viewed
SYN2024_050,2024-11-26 23:45:05,Quiz,Quiz: 1,Quiz attempt viewed
SYN2024_050,2024-11-27 17:42:52,Assignment,Assignment: 3,Submission status viewed
SYN2024_050,2024-11-27 17:49:53,File,Learning material 4.pdf,Course module viewed
SYN2024_050,2024-11-27 18:13:56,Quiz,Quiz: 2,Quiz attempt viewed
SYN2024_050,2024-11-27 20:37:34,File,Learning material 2.pdf,Course module viewed
SYN2024_050,2024-11-27 21:55:05,Quiz,Quiz: 1,Quiz attempt viewed
SYN2024_050,2024-11-27 22:36:37,Forum,Course forum,Discussion viewed
SYN2024_050,2024-11-28 13:00:06,File,Learning material 6.pdf,Course module viewed
SYN2024_050,2024-11-28 13:21:03,File,Learning material 5.pdf,Course module viewed
SYN2024_050,2024-11-28 14:11:26,File,Learning material 1.pdf,Course module viewed
SYN2024_050,2024-11-28 15:20:34,Quiz,Quiz: 2,Quiz attempt viewed
SYN2024_050,2024-11-28 15:23:57,File,Learning material 5.pdf,Course module viewed
SYN2024_050,2024-11-28 16:03:34,Quiz,Quiz: 2,Quiz attempt viewed
SYN2024_050,2024-11-28 16:16:53,File,Learning material 2.pdf,Course module viewed
SYN2024_050,2024-11-28 16:23:19,File,Learning material 1.pdf,Course module viewed
SYN2024_050,2024-11-28 16:59:12,Assignment,Assignment: 2,Submission status viewed
SYN2024_050,2024-11-28 17:44:42,File,Learning material 6.pdf,Course module viewed
SYN2024_050,2024-11-28 20:07:11,File,Learning material 5.pdf,Course module viewed
SYN2024_050,2024-11-28 21:19:09,Forum,Course forum,Discussion viewed
SYN2024_050,2024-11-28 22:18:57,Assignment,Assignment: 1,Submission status viewed
SYN2024_050,2024-11-29 11:19:10,File,Learning material 4.pdf,Course module viewed
SYN2024_050,2024-11-29 11:52:28,File,Learning material 1.pdf,Course module viewed
SYN2024_050,2024-11-29 12:18:58,File,Learning material 5.pdf,Course module viewed
SYN2024_050,2024-11-29 17:56:33,Forum,Course forum,Discussion viewed
SYN2024_050,2024-11-29 18:53:53,File,Learning material 3.pdf,Course module viewed
SYN2024_050,2024-11-29 19:40:52,Quiz,Quiz: 3,Quiz attempt viewed
SYN2024_050,2024-11-30 11:03:22,File,Learning material 4.pdf,Course module viewed
SYN2024_050,2024-11-30 14:15:58,Assignment,Assignment: 2,Submission status viewed
SYN2024_050,2024-11-30 14:41:58,File,Learning material 8.pdf,Course module viewed
SYN2024_050,2024-11-30 14:59:49,File,Learning material 3.pdf,Course module viewed
SYN2024_050,2024-11-30 15:04:38,Quiz,Quiz: 1,Quiz attempt viewed
SYN2024_050,2024-11-30 17:50:47,Assignment,Assignment: 2,Submission status viewed
SYN2024_050,2024-11-30 19:32:22,Assignment,Assignment: 2,Submission status viewed
SYN2024_050,2024-11-30 23:47:06,Quiz,Quiz: 3,Quiz attempt viewed
SYN2024_050,2024-12-01 16:31:51,File,Learning material 2.pdf,Course module viewed
SYN2024_050,2024-12-01 17:55:55,Quiz,Quiz: 2,Quiz attempt viewed
SYN2024_050,2024-12-01 18:08:43,File,Learning material 1.pdf,Course module viewed
SYN2024_050,2024-12-01 19:02:26,File,Learning material 5.pdf,Course module viewed
SYN2024_050,2024-12-02 08:25:53,File,Learning material 7.pdf,Course module viewed
SYN2024_050,2024-12-02 11:06:00,File,Learning material 8.pdf,Course module viewed
SYN2024_050,2024-12-02 15:00:12,File,Learning material 2.pdf,Course module viewed
SYN2024_050,2024-12-02 15:18:14,File,Learning material 4.pdf,Course module viewed
SYN2024_050,2024-12-02 17:16:32,File,Learning material 7.pdf,Course module viewed
SYN2024_050,2024-12-02 18:47:05,File,Learning material 1.pdf,Course module viewed
SYN2024_050,2024-12-02 20:24:29,File,Learning material 2.pdf,Course module viewed
SYN2024_050,2024-12-02 21:17:09,File,Learning material 4.pdf,Course module viewed
SYN2024_050,2024-12-02 21:36:17,File,Learning material 7.pdf,Course module viewed
SYN2024_051,2024-10-12 12:30:00,File,Learning material 8.pdf,Course module viewed
SYN2024_051,2024-10-13 19:35:45,File,Learning material 5.pdf,Course module viewed
SYN2024_051,2024-10-14 09:25:29,File,Learning material 7.pdf,Course module viewed
SYN2024_051,2024-10-22 18:28:42,Assignment,Assignment: 1,Submission status viewed
SYN2024_051,2024-10-24 17:22:15,File,Learning material 7.pdf,Course module viewed
SYN2024_051,2024-10-25 16:32:49,Assignment,Assignment: 2,Submission status viewed
SYN2024_051,2024-10-26 14:56:01,Quiz,Quiz: 1,Quiz attempt viewed
SYN2024_051,2024-10-26 15:37:34,File,Learning material 1.pdf,Course module viewed
SYN2024_051,2024-10-28 14:05:39,Assignment,Assignment: 1,Submission status viewed
SYN2024_051,2024-10-28 17:56:36,Assignment,Assignment: 2,Assignment submitted
SYN2024_051,2024-10-28 19:25:55,File,Learning material 8.pdf,Course module viewed
SYN2024_051,2024-10-29 11:54:13,Quiz,Quiz: 3,Quiz attempt viewed
SYN2024_051,2024-10-29 13:33:22,Assignment,Assignment: 3,Submission status viewed
SYN2024_051,2024-11-01 13:10:10,Forum,Course forum,Discussion viewed
SYN2024_051,2024-11-01 13:17:20,Assignment,Assignment: 3,Submission status viewed
SYN2024_051,2024-11-01 19:48:13,File,Learning material 4.pdf,Course module viewed
SYN2024_051,2024-11-02 16:26:31,Quiz,Quiz: 2,Quiz attempt viewed
SYN2024_051,2024-11-03 11:28:34,File,Learning material 8.pdf,Course module viewed
SYN2024_051,2024-11-06 14:22:08,Assignment,Assignment: 1,Submission status viewed
SYN2024_051,2024-11-07 14:29:54,Assignment,Assignment: 3,Assignment submitted
SYN2024_051,2024-11-11 19:48:23,File,Learning material 6.pdf,Course module viewed
SYN2024_051,2024-11-14 18:39:56,File,Learning material 6.pdf,Course module viewed
SYN2024_051,2024-11-19 20:53:39,Assignment,Assignment: 3,Submission status viewed
SYN2024_051,2024-11-20 19:16:31,Assignment,Assignment: 1,Submission status viewed
SYN2024_051,2024-11-21 16:53:29,Assignment,Assignment: 1,Assignment submitted
SYN2024_051,2024-11-22 10:26:10,File,Learning material 1.pdf,Course module viewed
SYN2024_051,2024-11-23 13:52:32,File,Learning material 5.pdf,Course module viewed
SYN2024_051,2024-11-23 14:31:37,File,Learning material 1.pdf,Course module viewed
SYN2024_051,2024-11-23 14:33:31,File,Learning material 8.pdf,Course module viewed
SYN2024_051,2024-11-23 15:07:54,Quiz,Quiz: 3,Quiz attempt viewed
SYN2024_051,2024-11-23 17:16:23,Quiz,Quiz: 1,Quiz attempt viewed
SYN2024_051,2024-11-23 17:33:41,File,Learning material 1.pdf,Course module viewed
SYN2024_051,2024-11-23 17:54:58,File,Learning material 7.pdf,Course module viewed
SYN2024_051,2024-11-25 12:05:31,File,Learning material 4.pdf,Course module viewed
SYN2024_051,2024-11-25 13:33:10,Quiz,Quiz: 2,Quiz attempt viewed
SYN2024_051,2024-11-25 22:53:24,Quiz,Quiz: 2,Quiz attempt viewed
SYN2024_051,2024-11-26 10:51:40,Assignment,Assignment: 2,Submission status viewed
SYN2024_051,2024-11-26 14:22:24,File,Learning material 7.pdf,Course module viewed
SYN2024_051,2024-11-26 16:02:34,Assignment,Assignment: 3,Submission status viewed
SYN2024_051,2024-11-26 19:34:25,File,Learning material 3.pdf,Course module viewed
SYN2024_051,2024-11-27 14:02:38,File,Learning material 7.pdf,Course module viewed
SYN2024_051,2024-11-27 15:46:59,File,Learning material 4.pdf,Course module viewed
SYN2024_051,2024-11-28 17:20:42,File,Learning material 2.pdf,Course module viewed
SYN2024_051,2024-11-29 14:42:26,Assignment,Assignment: 2,Submission status viewed
SYN2024_051,2024-11-29 15:54:02,File,Learning material 5.pdf,Course module viewed
SYN2024_051,2024-12-01 14:13:09,File,Learning material 8.pdf,Course module viewed
SYN2024_051,2024-12-01 15:24:52,File,Learning material 6.pdf,Course module viewed
SYN2024_051,2024-12-01 16:25:51,Assignment,Assignment: 2,Submission status viewed
SYN2024_051,2024-12-01 16:55:29,File,Learning material 5.pdf,Course module viewed
SYN2024_051,2024-12-01 17:22:18,File,Learning material 7.pdf,Course module viewed
SYN2024_051,2024-12-01 18:52:53,Forum,Course forum,Discussion viewed
SYN2024_051,2024-12-01 21:44:13,File,Learning material 4.pdf,Course module viewed
SYN2024_051,2024-12-02 12:19:30,Quiz,Quiz: 3,Quiz attempt viewed
SYN2024_051,2024-12-02 15:00:41,Assignment,Assignment: 2,Submission status viewed
SYN2024_051,2024-12-02 19:10:21,Assignment,Assignment: 2,Submission status viewed
SYN2024_051,2024-12-02 19:32:25,File,Learning material 8.pdf,Course module viewed
SYN2024_052,2024-10-11 16:17:52,File,Learning material 8.pdf,Course module viewed
SYN2024_052,2024-10-13 17:48:22,File,Learning material 2.pdf,Course module viewed
SYN2024_052,2024-10-16 16:46:02,File,Learning material 1.pdf,Course module viewed
SYN2024_052,2024-10-29 13:52:29,File,Learning material 5.pdf,Course module viewed
SYN2024_052,2024-10-29 21:28:12,File,Learning material 7.pdf,Course module viewed
SYN2024_052,2024-11-03 17:23:10,Assignment,Assignment: 2,Submission status viewed
SYN2024_052,2024-11-06 13:52:12,Assignment,Assignment: 2,Assignment submitted
SYN2024_052,2024-11-06 15:42:20,File,Learning material 3.pdf,Course module viewed
SYN2024_052,2024-11-12 13:11:30,Assignment,Assignment: 3,Submission status viewed
SYN2024_052,2024-11-13 14:55:02,File,Learning material 3.pdf,Course module viewed
SYN2024_052,2024-11-14 20:18:12,Assignment,Assignment: 3,Assignment submitted
SYN2024_052,2024-11-19 18:33:41,Assignment,Assignment: 1,Submission status viewed
SYN2024_052,2024-11-22 12:41:24,File,Learning material 6.pdf,Course module viewed
SYN2024_052,2024-11-22 16:23:57,File,Learning material 8.pdf,Course module viewed
SYN2024_052,2024-11-25 12:32:45,Forum,Course forum,Discussion viewed
SYN2024_052,2024-11-25 13:30:25,Quiz,Quiz: 1,Quiz attempt viewed
SYN2024_052,2024-11-25 19:07:52,File,Learning material 1.pdf,Course module viewed
SYN2024_052,2024-11-26 12:05:43,File,Learning material 8.pdf,Course module viewed
SYN2024_052,2024-11-26 16:54:56,Assignment,Assignment: 1,Assignment submitted
SYN2024_052,2024-11-26 20:32:22,File,Learning material 7.pdf,Course module viewed
SYN2024_052,2024-11-27 08:16:06,Assignment,Assignment: 3,Submission status viewed
SYN2024_052,2024-11-27 10:03:02,File,Learning material 5.pdf,Course module viewed
SYN2024_052,2024-11-27 14:11:42,Quiz,Quiz: 1,Quiz attempt viewed
SYN2024_052,2024-11-27 14:27:12,File,Learning material 5.pdf,Course module viewed
SYN2024_052,2024-11-27 19:09:07,Assignment,Assignment: 3,Submission status viewed
SYN2024_052,2024-11-27 19:29:46,File,Learning material 1.pdf,Course module viewed
SYN2024_052,2024-11-28 12:09:45,Quiz,Quiz: 2,Quiz attempt viewed
SYN2024_052,2024-11-28 16:45:54,File,Learning material 8.pdf,Course module viewed
SYN2024_052,2024-11-28 17:22:49,Assignment,Assignment: 2,Submission status viewed
SYN2024_052,2024-11-28 18:27:37,Quiz,Quiz: 2,Quiz attempt viewed
SYN2024_052,2024-11-28 20:59:01,Assignment,Assignment: 2,Submission status viewed
SYN2024_052,2024-11-28 22:27:41,Quiz,Quiz: 1,Quiz attempt viewed
SYN2024_052,2024-11-29 14:55:25,File,Learning material 4.pdf,Course module viewed
SYN2024_052,2024-11-30 10:49:45,File,Learning material 6.pdf,Course module viewed
SYN2024_052,2024-11-30 12:55:58,File,Learning material 4.pdf,Course module viewed
SYN2024_052,2024-11-30 13:05:34,File,Learning material 7.pdf,Course module viewed
SYN2024_052,2024-11-30 16:44:41,File,Learning material 1.pdf,Course module viewed
SYN2024_052,2024-11-30 17:24:06,Assignment,Assignment: 1,Submission status viewed
SYN2024_052,2024-11-30 19:03:51,Forum,Course forum,Discussion viewed
SYN2024_052,2024-12-01 15:41:23,File,Learning material 7.pdf,Course module viewed
SYN2024_052,2024-12-01 16:26:58,Quiz,Quiz: 2,Quiz attempt viewed
SYN2024_052,2024-12-01 16:59:06,Assignment,Assignment: 3,Submission status viewed
SYN2024_052,2024-12-01 20:09:00,File,Learning material 5.pdf,Course module viewed
SYN2024_052,2024-12-02 15:50:01,File,Learning material 1.pdf,Course module viewed
SYN2024_052,2024-12-02 16:42:25,File,Learning material 3.pdf,Course module viewed
SYN2024_052,2024-12-02 18:39:24,Quiz,Quiz: 1,Quiz attempt viewed
SYN2024_052,2024-12-02 19:16:03,File,Learning material 4.pdf,Course module viewed
SYN2024_053,2024-10-11 14:19:51,Assignment,Assignment: 2,Submission status viewed
SYN2024_053,2024-10-13 18:38:15,Quiz,Quiz: 2,Quiz attempt viewed
SYN2024_053,2024-10-14 22:15:57,File,Learning material 1.pdf,Course module viewed
SYN2024_053,2024-10-17 10:08:38,Assignment,Assignment: 3,Submission status viewed
SYN2024_053,2024-10-19 16:55:05,Assignment,Assignment: 1,Submission status viewed
SYN2024_053,2024-10-21 12:45:14,File,Learning material 4.pdf,Course module viewed
SYN2024_053,2024-10-26 12:24:51,Assignment,Assignment: 3,Submission status viewed
SYN2024_053,2024-10-26 19:10:26,File,Learning material 8.pdf,Course module viewed
SYN2024_053,2024-10-27 11:31:37,Assignment,Assignment: 1,Submission status viewed
SYN2024_053,2024-10-29 14:53:12,File,Learning material 3.pdf,Course module viewed
SYN2024_053,2024-10-30 18:40:10,Assignment,Assignment: 1,Assignment submitted
SYN2024_053,2024-10-31 15:17:28,Assignment,Assignment: 3,Assignment submitted
SYN2024_053,2024-11-01 16:55:58,File,Learning material 8.pdf,Course module viewed
SYN2024_053,2024-11-02 16:27:10,File,Learning material 8.pdf,Course module viewed
SYN2024_053,2024-11-03 11:21:12,Assignment,Assignment: 2,Submission status viewed
SYN2024_053,2024-11-04 20:02:29,File,Learning material 5.pdf,Course module viewed
SYN2024_053,2024-11-14 09:36:43,File,Learning material 1.pdf,Course module viewed
SYN2024_053,2024-11-14 22:50:32,File,Learning material 1.pdf,Course module viewed
SYN2024_053,2024-11-17 17:41:34,File,Learning material 1.pdf,Course module viewed
SYN2024_053,2024-11-21 15:21:44,File,Learning material 7.pdf,Course module viewed
SYN2024_053,2024-11-23 16:20:10,Quiz,Quiz: 1,Quiz attempt viewed
SYN2024_053,2024-11-23 16:59:23,Assignment,Assignment: 2,Submission status viewed
SYN2024_053,2024-11-23 17:23:04,Assignment,Assignment: 2,Submission status viewed
SYN2024_053,2024-11-23 18:52:19,File,Learning material 1.pdf,Course module viewed
SYN2024_053,2024-11-24 13:01:57,File,Learning material 6.pdf,Course module viewed
SYN2024_053,2024-11-24 14:50:43,File,Learning material 2.pdf,Course module viewed
SYN2024_053,2024-11-24 15:56:30,File,Learning material 6.pdf,Course module viewed
SYN2024_053,2024-11-24 16:34:40,Assignment,Assignment: 2,Submission status viewed
SYN2024_053,2024-11-24 17:46:22,File,Learning material 2.pdf,Course module viewed
SYN2024_053,2024-11-24 19:50:22,File,Learning material 4.pdf,Course module viewed
SYN2024_053,2024-11-25 15:10:04,Assignment,Assignment: 2,Submission status viewed
SYN2024_053,2024-11-27 13:01:16,File,Learning material 1.pdf,Course module viewed
SYN2024_053,2024-11-27 14:12:42,Quiz,Quiz: 1,Quiz attempt viewed
SYN2024_053,2024-11-27 16:27:27,File,Learning material 6.pdf,Course module viewed
SYN2024_053,2024-11-27 16:38:10,File,Learning material 4.pdf,Course module viewed
SYN2024_053,2024-11-27 16:55:46,File,Learning material 7.pdf,Course module viewed
SYN2024_053,2024-11-27 17:35:16,File,Learning material 2.pdf,Course module viewed
SYN2024_053,2024-11-27 17:49:07,Quiz,Quiz: 1,Quiz attempt viewed
SYN2024_053,2024-11-27 18:24:58,File,Learning material 7.pdf,Course module viewed
SYN2024_053,2024-11-27 21:28:23,Assignment,Assignment: 1,Submission status viewed
SYN2024_053,2024-11-28 16:00:25,Quiz,Quiz: 1,Quiz attempt viewed
SYN2024_053,2024-11-28 18:03:22,Quiz,Quiz: 2,Quiz attempt viewed
SYN2024_053,2024-11-29 12:40:32,Forum,Course forum,Discussion viewed
SYN2024_053,2024-11-29 13:09:43,File,Learning material 5.pdf,Course module viewed
SYN2024_053,2024-11-30 16:09:35,Assignment,Assignment: 2,Submission status viewed
SYN2024_053,2024-11-30 16:30:10,Forum,Course forum,Discussion viewed
SYN2024_053,2024-11-30 18:02:54,Assignment,Assignment: 2,Assignment submitted
SYN2024_053,2024-12-01 12:04:04,Assignment,Assignment: 3,Submission status viewed
SYN2024_053,2024-12-01 16:03:19,Quiz,Quiz: 1,Quiz attempt viewed
SYN2024_053,2024-12-02 13:04:23,File,Learning material 7.pdf,Course module viewed
SYN2024_053,2024-12-02 14:58:57,File,Learning material 1.pdf,Course module viewed
SYN2024_053,2024-12-02 16:39:46,Assignment,Assignment: 3,Submission status viewed
SYN2024_053,2024-12-02 22:00:33,File,Learning material 6.pdf,Course module viewed
SYN2024_054,2024-10-14 13:54:11,File,Learning material 8.pdf,Course module viewed
SYN2024_054,2024-10-19 06:45:22,Quiz,Quiz: 2,Quiz attempt viewed
SYN2024_054,2024-10-20 06:04:09,Quiz,Quiz: 3,Quiz attempt viewed
SYN2024_054,2024-10-21 16:00:36,File,Learning material 7.pdf,Course module viewed
SYN2024_054,2024-10-24 14:11:43,File,Learning material 7.pdf,Course module viewed
SYN2024_054,2024-10-31 08:20:11,File,Learning material 3.pdf,Course module viewed
SYN2024_054,2024-11-01 14:29:51,Assignment,Assignment: 1,Submission status viewed
SYN2024_054,2024-11-02 16:37:42,File,Learning material 4.pdf,Course module viewed
SYN2024_054,2024-11-05 14:47:53,Assignment,Assignment: 1,Submission status viewed
SYN2024_054,2024-11-08 11:18:09,Assignment,Assignment: 2,Submission status viewed
SYN2024_054,2024-11-13 10:23:34,Assignment,Assignment: 2,Submission status viewed
SYN2024_054,2024-11-18 15:03:22,Assignment,Assignment: 3,Submission status viewed
SYN2024_054,2024-11-19 16:24:11,Assignment,Assignment: 2,Assignment submitted
SYN2024_054,2024-11-22 15:48:23,Assignment,Assignment: 1,Submission status viewed
SYN2024_054,2024-11-23 10:54:13,File,Learning material 1.pdf,Course module viewed
SYN2024_054,2024-11-23 16:08:29,File,Learning material 1.pdf,Course module viewed
SYN2024_054,2024-11-23 18:04:56,File,Learning material 3.pdf,Course module viewed
SYN2024_054,2024-11-24 09:32:43,Assignment,Assignment: 1,Submission status viewed
SYN2024_054,2024-11-24 11:02:41,File,Learning material 5.pdf,Course module viewed
SYN2024_054,2024-11-24 17:20:04,Forum,Course forum,Discussion viewed
SYN2024_054,2024-11-25 12:33:04,File,Learning material 2.pdf,Course module viewed
SYN2024_054,2024-11-25 13:53:48,Quiz,Quiz: 1,Quiz attempt viewed
SYN2024_054,2024-11-25 16:16:17,Assignment,Assignment: 3,Assignment submitted
SYN2024_054,2024-11-25 16:56:35,Assignment,Assignment: 1,Submission status viewed
SYN2024_054,2024-11-26 10:01:24,File,Learning material 8.pdf,Course module viewed
SYN2024_054,2024-11-28 14:19:08,File,Learning material 4.pdf,Course module viewed
SYN2024_054,2024-11-28 14:21:42,Quiz,Quiz: 2,Quiz attempt viewed
SYN2024_054,2024-11-28 16:34:49,Assignment,Assignment: 3,Submission status viewed
SYN2024_054,2024-11-28 23:58:03,File,Learning material 6.pdf,Course module viewed
SYN2024_054,2024-11-29 11:16:24,File,Learning material 7.pdf,Course module viewed
SYN2024_054,2024-11-30 09:13:26,File,Learning material 4.pdf,Course module viewed
SYN2024_054,2024-11-30 19:25:57,Assignment,Assignment: 1,Assignment submitted
SYN2024_054,2024-12-01 15:39:18,Forum,Course forum,Discussion viewed
SYN2024_054,2024-12-01 16:17:09,File,Learning material 2.pdf,Course module viewed
SYN2024_054,2024-12-02 15:38:17,File,Learning material 2.pdf,Course module viewed
SYN2024_054,2024-12-02 15:46:37,Assignment,Assignment: 3,Submission status viewed
SYN2024_054,2024-12-02 19:34:46,File,Learning material 3.pdf,Course module viewed
SYN2024_055,2024-10-18 17:14:41,File,Learning material 1.pdf,Course module viewed
SYN2024_055,2024-10-19 18:48:23,Assignment,Assignment: 3,Submission status viewed
SYN2024_055,2024-10-20 18:54:20,File,Learning material 3.pdf,Course module viewed
SYN2024_055,2024-10-22 14:41:32,File,Learning material 8.pdf,Course module viewed
SYN2024_055,2024-10-24 16:38:19,File,Learning material 3.pdf,Course module viewed
SYN2024_055,2024-10-25 15:54:55,File,Learning material 8.pdf,Course module viewed
SYN2024_055,2024-10-29 19:56:31,Quiz,Quiz: 1,Quiz attempt viewed
SYN2024_055,2024-11-03 18:15:44,Assignment,Assignment: 2,Submission status viewed
SYN2024_055,2024-11-04 18:24:04,Forum,Course forum,Discussion viewed
SYN2024_055,2024-11-05 18:29:32,File,Learning material 1.pdf,Course module viewed
SYN2024_055,2024-11-06 14:33:34,Quiz,Quiz: 3,Quiz attempt viewed
SYN2024_055,2024-11-08 14:43:01,Assignment,Assignment: 2,Assignment submitted
SYN2024_055,2024-11-08 14:53:08,File,Learning material 2.pdf,Course module viewed
SYN2024_055,2024-11-14 15:58:16,File,Learning material 8.pdf,Course module viewed
SYN2024_055,2024-11-16 14:56:01,Assignment,Assignment: 1,Submission status viewed
SYN2024_055,2024-11-18 20:24:39,Assignment,Assignment: 3,Submission status viewed
SYN2024_055,2024-11-21 12:19:40,File,Learning material 3.pdf,Course module viewed
SYN2024_055,2024-11-21 12:23:48,Assignment,Assignment: 1,Submission status viewed
SYN2024_055,2024-11-21 15:38:29,Assignment,Assignment: 1,Assignment submitted
SYN2024_055,2024-11-22 11:08:30,File,Learning material 1.pdf,Course module viewed
SYN2024_055,2024-11-22 13:08:39,Assignment,Assignment: 1,Submission status viewed
SYN2024_055,2024-11-22 14:42:36,Assignment,Assignment: 3,Submission status viewed
SYN2024_055,2024-11-22 17:53:12,Assignment,Assignment: 2,Submission status viewed
SYN2024_055,2024-11-22 18:10:50,File,Learning material 7.pdf,Course module viewed
SYN2024_055,2024-11-23 15:33:44,File,Learning material 2.pdf,Course module viewed
SYN2024_055,2024-11-23 17:01:07,Assignment,Assignment: 3,Assignment submitted
SYN2024_055,2024-11-23 17:14:52,Forum,Course forum,Discussion viewed
SYN2024_055,2024-11-24 08:00:27,File,Learning material 2.pdf,Course module viewed
SYN2024_055,2024-11-24 10:30:12,File,Learning material 1.pdf,Course module viewed
SYN2024_055,2024-11-24 16:17:35,File,Learning material 3.pdf,Course module viewed
SYN2024_055,2024-11-24 20:36:46,File,Learning material 1.pdf,Course module viewed
SYN2024_055,2024-11-25 17:41:36,File,Learning material 6.pdf,Course module viewed
SYN2024_055,2024-11-26 13:24:15,File,Learning material 8.pdf,Course module viewed
SYN2024_055,2024-11-27 18:12:51,File,Learning material 8.pdf,Course module viewed
SYN2024_055,2024-11-29 12:39:08,Forum,Course forum,Discussion viewed
SYN2024_055,2024-11-29 14:35:32,Quiz,Quiz: 1,Quiz attempt viewed
SYN2024_055,2024-12-01 10:21:03,File,Learning material 4.pdf,Course module viewed
SYN2024_055,2024-12-01 16:28:32,File,Learning material 5.pdf,Course module viewed
SYN2024_055,2024-12-01 17:52:35,Quiz,Quiz: 1,Quiz attempt viewed
SYN2024_055,2024-12-02 10:20:11,Quiz,Quiz: 1,Quiz attempt viewed
SYN2024_055,2024-12-02 12:55:07,File,Learning material 7.pdf,Course module viewed
SYN2024_055,2024-12-02 15:04:19,File,Learning material 2.pdf,Course module viewed
SYN2024_055,2024-12-02 17:13:17,Quiz,Quiz: 1,Quiz attempt viewed
SYN2024_056,2024-10-09 12:35:21,File,Learning material 7.pdf,Course module viewed
SYN2024_056,2024-10-12 01:10:22,File,Learning material 6.pdf,Course module viewed
SYN2024_056,2024-10-17 11:00:57,File,Learning material 4.pdf,Course module viewed
SYN2024_056,2024-10-17 11:58:50,Quiz,Quiz: 2,Quiz attempt viewed
SYN2024_056,2024-10-17 17:48:55,Quiz,Quiz: 3,Quiz attempt viewed
SYN2024_056,2024-10-28 17:58:38,File,Learning material 5.pdf,Course module viewed
SYN2024_056,2024-10-31 19:53:19,File,Learning material 8.pdf,Course module viewed
SYN2024_056,2024-11-02 17:49:25,File,Learning material 4.pdf,Course module viewed
SYN2024_056,2024-11-04 17:10:10,Assignment,Assignment: 3,Submission status viewed
SYN2024_056,2024-11-05 18:29:37,File,Learning material 4.pdf,Course module viewed
SYN2024_056,2024-11-05 18:37:48,File,Learning material 4.pdf,Course module viewed
SYN2024_056,2024-11-09 14:05:13,File,Learning material 7.pdf,Course module viewed
SYN2024_056,2024-11-09 14:29:57,Assignment,Assignment: 1,Submission status viewed
SYN2024_056,2024-11-11 22:30:21,Assignment,Assignment: 3,Assignment submitted
SYN2024_056,2024-11-13 16:07:02,File,Learning material 7.pdf,Course module viewed
SYN2024_056,2024-11-14 20:04:49,Assignment,Assignment: 1,Assignment submitted
SYN2024_056,2024-11-18 10:26:09,Assignment,Assignment: 1,Submission status viewed
SYN2024_056,2024-11-18 12:37:13,File,Learning material 1.pdf,Course module viewed
SYN2024_056,2024-11-18 19:20:01,File,Learning material 1.pdf,Course module viewed
SYN2024_056,2024-11-18 19:45:18,File,Learning material 1.pdf,Course module viewed
SYN2024_056,2024-11-19 12:37:30,File,Learning material 6.pdf,Course module viewed
SYN2024_056,2024-11-20 07:49:41,Quiz,Quiz: 3,Quiz attempt viewed
SYN2024_056,2024-11-23 13:41:20,Quiz,Quiz: 2,Quiz attempt viewed
SYN2024_056,2024-11-23 18:41:09,Assignment,Assignment: 2,Submission status viewed
SYN2024_056,2024-11-24 14:42:32,File,Learning material 7.pdf,Course module viewed
SYN2024_056,2024-11-26 10:23:12,File,Learning material 3.pdf,Course module viewed
SYN2024_056,2024-11-26 13:25:08,File,Learning material 1.pdf,Course module viewed
SYN2024_056,2024-11-26 13:29:41,File,Learning material 1.pdf,Course module viewed
SYN2024_056,2024-11-26 14:13:19,File,Learning material 4.pdf,Course module viewed
SYN2024_056,2024-11-28 17:25:54,Assignment,Assignment: 2,Assignment submitted
SYN2024_056,2024-11-30 08:34:15,Quiz,Quiz: 3,Quiz attempt viewed
SYN2024_056,2024-11-30 10:48:20,File,Learning material 6.pdf,Course module viewed
SYN2024_056,2024-12-01 14:46:56,File,Learning material 3.pdf,Course module viewed
SYN2024_056,2024-12-02 15:39:20,File,Learning material 6.pdf,Course module viewed
SYN2024_057,2024-10-09 15:00:09,Forum,Course forum,Discussion viewed
SYN2024_057,2024-10-10 16:12:30,File,Learning material 2.pdf,Course module viewed
SYN2024_057,2024-10-16 15:39:55,File,Learning material 2.pdf,Course module viewed
SYN2024_057,2024-10-18 13:42:57,File,Learning material 5.pdf,Course module viewed
SYN2024_057,2024-10-20 13:55:40,File,Learning material 2.pdf,Course module viewed
SYN2024_057,2024-10-21 15:18:38,Assignment,Assignment: 3,Submission status viewed
SYN2024_057,2024-10-22 12:23:40,Quiz,Quiz: 2,Quiz attempt viewed
SYN2024_057,2024-10-22 18:16:36,File,Learning material 8.pdf,Course module viewed
SYN2024_057,2024-10-25 11:34:57,File,Learning material 3.pdf,Course module viewed
SYN2024_057,2024-10-27 13:37:12,Assignment,Assignment: 3,Submission status viewed
SYN2024_057,2024-10-28 18:01:56,File,Learning material 8.pdf,Course module viewed
SYN2024_057,2024-10-30 12:47:30,File,Learning material 1.pdf,Course module viewed
SYN2024_057,2024-10-30 16:12:34,Forum,Course forum,Discussion viewed
SYN2024_057,2024-10-31 13:22:38,File,Learning material 2.pdf,Course module viewed
SYN2024_057,2024-11-02 17:55:30,Quiz,Quiz: 2,Quiz attempt viewed
SYN2024_057,2024-11-03 09:15:28,Quiz,Quiz: 2,Quiz attempt viewed
SYN2024_057,2024-11-04 15:56:47,Assignment,Assignment: 1,Submission status viewed
SYN2024_057,2024-11-05 16:29:48,File,Learning material 6.pdf,Course module viewed
SYN2024_057,2024-11-06 13:59:35,File,Learning material 2.pdf,Course module viewed
SYN2024_057,2024-11-07 13:58:49,Assignment,Assignment: 2,Submission status viewed
SYN2024_057,2024-11-08 12:47:27,File,Learning material 1.pdf,Course module viewed
SYN2024_057,2024-11-10 15:01:16,Assignment,Assignment: 2,Assignment submitted
SYN2024_057,2024-11-11 18:42:35,Assignment,Assignment: 3,Submission status viewed
SYN2024_057,2024-11-11 20:54:45,File,Learning material 2.pdf,Course module viewed
SYN2024_057,2024-11-11 21:52:52,Assignment,Assignment: 1,Assignment submitted
SYN2024_057,2024-11-14 22:08:45,Assignment,Assignment: 3,Assignment submitted
SYN2024_057,2024-11-15 14:46:49,File,Learning material 2.pdf,Course module viewed
SYN2024_057,2024-11-16 11:40:09,Quiz,Quiz: 2,Quiz attempt viewed
SYN2024_057,2024-11-18 13:00:36,File,Learning material 1.pdf,Course module viewed
SYN2024_057,2024-11-19 15:02:10,File,Learning material 1.pdf,Course module viewed
SYN2024_057,2024-11-19 18:24:27,File,Learning material 3.pdf,Course module viewed
SYN2024_057,2024-11-20 19:02:42,Assignment,Assignment: 3,Submission status viewed
SYN2024_057,2024-11-21 07:28:32,File,Learning material 1.pdf,Course module viewed
SYN2024_057,2024-11-21 12:10:16,Quiz,Quiz: 1,Quiz attempt viewed
SYN2024_057,2024-11-21 16:23:39,File,Learning material 2.pdf,Course module viewed
SYN2024_057,2024-11-21 17:42:03,Quiz,Quiz: 2,Quiz attempt viewed
SYN2024_057,2024-11-22 12:07:57,Quiz,Quiz: 1,Quiz attempt viewed
SYN2024_057,2024-11-23 12:41:31,File,Learning material 7.pdf,Course module viewed
SYN2024_057,2024-11-23 16:44:13,Assignment,Assignment: 3,Submission status viewed
SYN2024_057,2024-11-24 13:39:34,File,Learning material 1.pdf,Course module viewed
SYN2024_057,2024-11-25 17:43:58,File,Learning material 8.pdf,Course module viewed
SYN2024_057,2024-11-26 13:01:18,Quiz,Quiz: 1,Quiz attempt viewed
SYN2024_057,2024-11-26 15:20:12,Quiz,Quiz: 2,Quiz attempt viewed
SYN2024_057,2024-11-26 20:19:54,File,Learning material 3.pdf,Course module viewed
SYN2024_057,2024-11-27 18:13:06,File,Learning material 2.pdf,Course module viewed
SYN2024_057,2024-11-27 21:23:42,Quiz,Quiz: 2,Quiz attempt viewed
SYN2024_057,2024-11-28 13:09:17,File,Learning material 2.pdf,Course module viewed
SYN2024_057,2024-11-28 16:33:35,Quiz,Quiz: 2,Quiz attempt viewed
SYN2024_057,2024-11-28 17:40:26,Forum,Course forum,Discussion viewed
SYN2024_057,2024-11-28 22:09:55,Assignment,Assignment: 1,Submission status viewed
SYN2024_057,2024-11-29 08:09:19,File,Learning material 4.pdf,Course module viewed
SYN2024_057,2024-11-29 14:47:12,File,Learning material 6.pdf,Course module viewed
SYN2024_057,2024-11-29 17:53:15,Quiz,Quiz: 2,Quiz attempt viewed
SYN2024_057,2024-11-30 14:51:04,Assignment,Assignment: 2,Submission status viewed
SYN2024_057,2024-11-30 16:32:58,File,Learning material 4.pdf,Course module viewed
SYN2024_057,2024-12-01 19:09:37,Quiz,Quiz: 2,Quiz attempt viewed
SYN2024_057,2024-12-02 18:28:47,File,Learning material 8.pdf,Course module viewed
SYN2024_058,2024-10-09 11:04:18,Assignment,Assignment: 3,Submission status viewed
SYN2024_058,2024-10-09 16:53:01,File,Learning material 7.pdf,Course module viewed
SYN2024_058,2024-10-10 17:56:04,Quiz,Quiz: 3,Quiz attempt viewed
SYN2024_058,2024-10-11 15:28:07,File,Learning material 4.pdf,Course module viewed
SYN2024_058,2024-10-11 17:39:23,Assignment,Assignment: 1,Submission status viewed
SYN2024_058,2024-10-12 07:21:27,File,Learning material 4.pdf,Course module viewed
SYN2024_058,2024-10-12 12:18:07,File,Learning material 8.pdf,Course module viewed
SYN2024_058,2024-10-23 21:56:58,File,Learning material 2.pdf,Course module viewed
SYN2024_058,2024-10-24 20:22:36,Quiz,Quiz: 3,Quiz attempt viewed
SYN2024_058,2024-10-27 12:39:51,File,Learning material 1.pdf,Course module viewed
SYN2024_058,2024-10-28 19:53:21,File,Learning material 2.pdf,Course module viewed
SYN2024_058,2024-10-29 18:35:22,Assignment,Assignment: 2,Submission status viewed
SYN2024_058,2024-11-03 14:01:03,Assignment,Assignment: 2,Assignment submitted
SYN2024_058,2024-11-03 17:12:17,File,Learning material 5.pdf,Course module viewed
SYN2024_058,2024-11-05 18:53:20,Assignment,Assignment: 1,Submission status viewed
SYN2024_058,2024-11-09 18:34:10,Forum,Course forum,Discussion viewed
SYN2024_058,2024-11-10 14:23:40,Assignment,Assignment: 1,Assignment submitted
SYN2024_058,2024-11-11 17:12:25,Assignment,Assignment: 3,Submission status viewed
SYN2024_058,2024-11-11 19:19:20,Assignment,Assignment: 3,Submission status viewed
SYN2024_058,2024-11-13 17:09:05,Quiz,Quiz: 3,Quiz attempt viewed
SYN2024_058,2024-11-14 19:39:19,File,Learning material 3.pdf,Course module viewed
SYN2024_058,2024-11-15 15:09:01,Assignment,Assignment: 3,Assignment submitted
SYN2024_058,2024-11-16 17:12:05,Assignment,Assignment: 2,Submission status viewed
SYN2024_058,2024-11-17 15:50:45,Assignment,Assignment: 3,Submission status viewed
SYN2024_058,2024-11-22 12:44:22,Quiz,Quiz: 2,Quiz attempt viewed
SYN2024_058,2024-11-22 15:27:10,File,Learning material 1.pdf,Course module viewed
SYN2024_058,2024-11-22 16:06:27,Assignment,Assignment: 2,Submission status viewed
SYN2024_058,2024-11-22 16:14:16,File,Learning material 8.pdf,Course module viewed
SYN2024_058,2024-11-22 21:56:20,Assignment,Assignment: 1,Submission status viewed
SYN2024_058,2024-11-23 11:06:38,Quiz,Quiz: 2,Quiz attempt viewed
SYN2024_058,2024-11-23 14:41:06,Assignment,Assignment: 3,Submission status viewed
SYN2024_058,2024-11-23 15:44:48,File,Learning material 8.pdf,Course module viewed
SYN2024_058,2024-11-23 17:09:07,Assignment,Assignment: 1,Submission status viewed
SYN2024_058,2024-11-23 20:58:17,File,Learning material 8.pdf,Course module viewed
SYN2024_058,2024-11-24 16:58:12,File,Learning material 4.pdf,Course module viewed
SYN2024_058,2024-11-24 18:05:11,File,Learning material 7.pdf,Course module viewed
SYN2024_058,2024-11-25 18:33:03,Quiz,Quiz: 1,Quiz attempt viewed
SYN2024_058,2024-11-25 18:40:22,Assignment,Assignment: 3,Submission status viewed
SYN2024_058,2024-11-26 12:57:51,Forum,Course forum,Discussion viewed
SYN2024_058,2024-11-26 15:14:53,Forum,Course forum,Discussion viewed
SYN2024_058,2024-11-27 19:07:24,File,Learning material 6.pdf,Course module viewed
SYN2024_058,2024-11-27 19:53:14,File,Learning material 5.pdf,Course module viewed
SYN2024_058,2024-11-28 18:13:06,Assignment,Assignment: 3,Submission status viewed
SYN2024_058,2024-11-29 13:06:27,Assignment,Assignment: 1,Submission status viewed
SYN2024_058,2024-11-29 13:08:51,File,Learning material 7.pdf,Course module viewed
SYN2024_058,2024-11-29 13:12:37,Quiz,Quiz: 2,Quiz attempt viewed
SYN2024_058,2024-11-30 12:14:15,File,Learning material 5.pdf,Course module viewed
SYN2024_058,2024-11-30 17:32:11,Assignment,Assignment: 3,Submission status viewed
SYN2024_058,2024-12-01 12:05:12,Assignment,Assignment: 1,Submission status viewed
SYN2024_058,2024-12-01 14:17:59,File,Learning material 8.pdf,Course module viewed
SYN2024_058,2024-12-01 20:05:34,File,Learning material 5.pdf,Course module viewed
SYN2024_058,2024-12-02 13:40:58,File,Learning material 3.pdf,Course module viewed
SYN2024_058,2024-12-02 15:48:38,Assignment,Assignment: 1,Submission status viewed
SYN2024_058,2024-12-02 16:24:04,File,Learning material 2.pdf,Course module viewed
SYN2024_059,2024-10-09 17:29:35,File,Learning material 3.pdf,Course module viewed
SYN2024_059,2024-10-12 16:21:09,Quiz,Quiz: 3,Quiz attempt viewed
SYN2024_059,2024-10-15 15:33:24,Assignment,Assignment: 2,Submission status viewed
SYN2024_059,2024-10-16 14:43:13,File,Learning material 3.pdf,Course module viewed
SYN2024_059,2024-10-16 17:41:01,Assignment,Assignment: 3,Submission status viewed
SYN2024_059,2024-10-18 17:54:04,Quiz,Quiz: 2,Quiz attempt viewed
SYN2024_059,2024-10-22 13:04:29,Assignment,Assignment: 1,Submission status viewed
SYN2024_059,2024-10-23 19:17:20,Assignment,Assignment: 2,Submission status viewed
SYN2024_059,2024-10-24 18:33:00,Assignment,Assignment: 3,Submission status viewed
SYN2024_059,2024-10-25 16:58:43,Forum,Course forum,Discussion viewed
SYN2024_059,2024-10-30 16:23:15,File,Learning material 3.pdf,Course module viewed
SYN2024_059,2024-10-31 11:06:12,File,Learning material 2.pdf,Course module viewed
SYN2024_059,2024-10-31 13:20:58,Assignment,Assignment: 2,Submission status viewed
SYN2024_059,2024-10-31 23:12:21,File,Learning material 4.pdf,Course module viewed
SYN2024_059,2024-11-01 18:52:42,Assignment,Assignment: 2,Submission status viewed
SYN2024_059,2024-11-02 17:48:29,Assignment,Assignment: 2,Assignment submitted
SYN2024_059,2024-11-04 20:57:45,File,Learning material 7.pdf,Course module viewed
SYN2024_059,2024-11-10 18:13:01,File,Learning material 3.pdf,Course module viewed
SYN2024_059,2024-11-12 13:13:43,Assignment,Assignment: 1,Submission status viewed
SYN2024_059,2024-11-13 21:31:28,Assignment,Assignment: 1,Assignment submitted
SYN2024_059,2024-11-13 21:44:18,File,Learning material 8.pdf,Course module viewed
SYN2024_059,2024-11-15 18:41:29,File,Learning material 6.pdf,Course module viewed
SYN2024_059,2024-11-16 18:19:52,Forum,Course forum,Discussion viewed
SYN2024_059,2024-11-17 14:51:02,Assignment,Assignment: 3,Submission status viewed
SYN2024_059,2024-11-20 14:29:18,Forum,Course forum,Discussion viewed
SYN2024_059,2024-11-21 14:59:20,Assignment,Assignment: 3,Assignment submitted
SYN2024_059,2024-11-23 11:19:52,Quiz,Quiz: 2,Quiz attempt viewed
SYN2024_059,2024-11-25 11:41:32,File,Learning material 1.pdf,Course module viewed
SYN2024_059,2024-11-25 14:48:42,File,Learning material 2.pdf,Course module viewed
SYN2024_059,2024-11-25 18:41:05,File,Learning material 3.pdf,Course module viewed
SYN2024_059,2024-11-25 19:51:35,Quiz,Quiz: 3,Quiz attempt viewed
SYN2024_059,2024-11-25 21:46:08,File,Learning material 2.pdf,Course module viewed
SYN2024_059,2024-11-26 13:02:40,File,Learning material 2.pdf,Course module viewed
SYN2024_059,2024-11-26 14:36:02,File,Learning material 1.pdf,Course module viewed
SYN2024_059,2024-11-26 16:05:30,File,Learning material 4.pdf,Course module viewed
SYN2024_059,2024-11-26 18:02:23,Assignment,Assignment: 3,Submission status viewed
SYN2024_059,2024-11-26 19:33:00,Quiz,Quiz: 2,Quiz attempt viewed
SYN2024_059,2024-11-27 13:06:04,Forum,Course forum,Discussion viewed
SYN2024_059,2024-11-27 13:52:41,File,Learning material 2.pdf,Course module viewed
SYN2024_059,2024-11-27 18:28:05,Quiz,Quiz: 3,Quiz attempt viewed
SYN2024_059,2024-11-27 19:20:35,Assignment,Assignment: 2,Submission status viewed
SYN2024_059,2024-11-28 18:24:04,Quiz,Quiz: 1,Quiz attempt viewed
SYN2024_059,2024-11-28 22:19:41,File,Learning material 7.pdf,Course module viewed
SYN2024_059,2024-11-29 14:47:07,File,Learning material 2.pdf,Course module viewed
SYN2024_059,2024-11-30 12:03:42,File,Learning material 7.pdf,Course module viewed
SYN2024_059,2024-11-30 12:43:34,Quiz,Quiz: 1,Quiz attempt viewed
SYN2024_059,2024-11-30 14:16:04,Forum,Course forum,Discussion viewed
SYN2024_059,2024-11-30 15:25:44,File,Learning material 8.pdf,Course module viewed
SYN2024_059,2024-11-30 17:31:10,File,Learning material 5.pdf,Course module viewed
SYN2024_059,2024-11-30 18:40:58,File,Learning material 3.pdf,Course module viewed
SYN2024_059,2024-11-30 20:01:14,Quiz,Quiz: 1,Quiz attempt viewed
SYN2024_059,2024-11-30 23:43:06,File,Learning material 8.pdf,Course module viewed
SYN2024_059,2024-12-01 14:55:28,File,Learning material 4.pdf,Course module viewed
SYN2024_059,2024-12-01 15:04:40,File,Learning material 2.pdf,Course module viewed
SYN2024_059,2024-12-01 15:40:53,File,Learning material 7.pdf,Course module viewed
SYN2024_059,2024-12-01 18:40:49,File,Learning material 2.pdf,Course module viewed
SYN2024_059,2024-12-01 23:21:38,Forum,Course forum,Discussion viewed
SYN2024_059,2024-12-02 17:16:17,File,Learning material 8.pdf,Course module viewed
SYN2024_059,2024-12-02 17:52:23,File,Learning material 8.pdf,Course module viewed
SYN2024_059,2024-12-02 19:11:52,Quiz,Quiz: 3,Quiz attempt viewed
SYN2024_059,2024-12-02 19:34:05,File,Learning material 3.pdf,Course module viewed
SYN2024_060,2024-10-09 20:18:45,Assignment,Assignment: 1,Submission status viewed
SYN2024_060,2024-10-10 11:16:02,File,Learning material 8.pdf,Course module viewed
SYN2024_060,2024-10-10 14:48:43,File,Learning material 7.pdf,Course module viewed
SYN2024_060,2024-10-13 13:29:48,File,Learning material 2.pdf,Course module viewed
SYN2024_060,2024-10-21 14:46:50,File,Learning material 4.pdf,Course module viewed
SYN2024_060,2024-10-25 09:22:12,File,Learning material 2.pdf,Course module viewed
SYN2024_060,2024-10-26 14:22:57,File,Learning material 6.pdf,Course module viewed
SYN2024_060,2024-10-27 18:35:34,Assignment,Assignment: 2,Submission status viewed
SYN2024_060,2024-10-28 11:48:12,File,Learning material 6.pdf,Course module viewed
SYN2024_060,2024-10-29 08:14:50,File,Learning material 6.pdf,Course module viewed
SYN2024_060,2024-10-29 13:37:43,Assignment,Assignment: 2,Submission status viewed
SYN2024_060,2024-11-04 20:23:18,Assignment,Assignment: 2,Assignment submitted
SYN2024_060,2024-11-07 15:27:16,Forum,Course forum,Discussion viewed
SYN2024_060,2024-11-07 16:52:49,File,Learning material 1.pdf,Course module viewed
SYN2024_060,2024-11-09 18:59:22,Forum,Course forum,Discussion viewed
SYN2024_060,2024-11-10 10:18:37,Quiz,Quiz: 1,Quiz attempt viewed
SYN2024_060,2024-11-11 18:59:48,File,Learning material 3.pdf,Course module viewed
SYN2024_060,2024-11-14 09:50:19,File,Learning material 8.pdf,Course module viewed
SYN2024_060,2024-11-14 18:27:01,File,Learning material 1.pdf,Course module viewed
SYN2024_060,2024-11-15 18:07:21,Quiz,Quiz: 3,Quiz attempt viewed
SYN2024_060,2024-11-16 20:56:52,Assignment,Assignment: 1,Submission status viewed
SYN2024_060,2024-11-17 17:40:53,File,Learning material 8.pdf,Course module viewed
SYN2024_060,2024-11-17 19:28:35,File,Learning material 7.pdf,Course module viewed
SYN2024_060,2024-11-20 13:51:08,File,Learning material 5.pdf,Course module viewed
SYN2024_060,2024-11-20 17:59:35,Assignment,Assignment: 3,Submission status viewed
SYN2024_060,2024-11-20 19:31:37,Assignment,Assignment: 1,Assignment submitted
SYN2024_060,2024-11-21 13:50:11,File,Learning material 1.pdf,Course module viewed
SYN2024_060,2024-11-21 16:48:34,Assignment,Assignment: 3,Submission status viewed
SYN2024_060,2024-11-22 17:22:05,File,Learning material 3.pdf,Course module viewed
SYN2024_060,2024-11-22 18:26:25,File,Learning material 4.pdf,Course module viewed
SYN2024_060,2024-11-22 18:38:34,Quiz,Quiz: 3,Quiz attempt viewed
SYN2024_060,2024-11-25 13:52:14,File,Learning material 8.pdf,Course module viewed
SYN2024_060,2024-11-25 14:15:24,Quiz,Quiz: 1,Quiz attempt viewed
SYN2024_060,2024-11-25 14:31:16,File,Learning material 3.pdf,Course module viewed
SYN2024_060,2024-11-25 16:20:20,File,Learning material 1.pdf,Course module viewed
SYN2024_060,2024-11-25 21:41:08,File,Learning material 7.pdf,Course module viewed
SYN2024_060,2024-11-26 16:01:34,Assignment,Assignment: 3,Assignment submitted
SYN2024_060,2024-11-27 15:08:24,Assignment,Assignment: 1,Submission status viewed
SYN2024_060,2024-11-28 12:06:07,File,Learning material 4.pdf,Course module viewed
SYN2024_060,2024-11-28 14:25:12,Forum,Course forum,Discussion viewed
SYN2024_060,2024-11-28 14:41:25,File,Learning material 7.pdf,Course module viewed
SYN2024_060,2024-11-28 15:26:00,Forum,Course forum,Discussion viewed
SYN2024_060,2024-11-28 21:16:11,File,Learning material 6.pdf,Course module viewed
SYN2024_060,2024-11-29 18:24:08,File,Learning material 8.pdf,Course module viewed
SYN2024_060,2024-11-29 20:06:47,File,Learning material 4.pdf,Course module viewed
SYN2024_060,2024-11-30 14:36:45,File,Learning material 4.pdf,Course module viewed
SYN2024_060,2024-11-30 16:42:59,File,Learning material 8.pdf,Course module viewed
SYN2024_060,2024-12-01 10:45:44,Assignment,Assignment: 2,Submission status viewed
SYN2024_060,2024-12-01 13:31:10,File,Learning material 2.pdf,Course module viewed
SYN2024_060,2024-12-01 17:40:31,Quiz,Quiz: 3,Quiz attempt viewed
SYN2024_060,2024-12-02 06:28:55,Assignment,Assignment: 2,Submission status viewed
SYN2024_060,2024-12-02 15:04:47,Quiz,Quiz: 2,Quiz attempt viewed
SYN2024_060,2024-12-02 16:34:55,File,Learning material 7.pdf,Course module viewed
