student_id,timestamp,component,context,event_name
SYN2023_001,2023-10-19 15:33:22,Assignment,Assignment: 3,Submission status viewed
SYN2023_001,2023-10-22 18:54:30,Forum,Course forum,Discussion viewed
SYN2023_001,2023-10-26 18:11:03,Assignment,Assignment: 2,Submission status viewed
SYN2023_001,2023-10-29 10:34:56,Forum,Course forum,Discussion viewed
SYN2023_001,2023-11-07 15:30:23,File,Learning material 3.pdf,Course module viewed
SYN2023_001,2023-11-09 12:25:16,Forum,Course forum,Discussion viewed
SYN2023_001,2023-11-11 11:01:06,Quiz,Quiz: 1,Quiz attempt viewed
SYN2023_001,2023-11-12 10:27:52,Assignment,Assignment: 1,Submission status viewed
SYN2023_001,2023-11-13 17:54:53,Quiz,Quiz: 1,Quiz attempt viewed
SYN2023_001,2023-11-17 11:14:51,Assignment,Assignment: 2,Submission status viewed
SYN2023_001,2023-11-17 19:19:00,Assignment,Assignment: 1,Assignment submitted
SYN2023_001,2023-11-18 12:18:01,Assignment,Assignment: 1,Submission status viewed
SYN2023_001,2023-11-22 09:30:17,File,Learning material 6.pdf,Course module viewed
SYN2023_001,2023-11-25 12:37:53,File,Learning material 7.pdf,Course module viewed
SYN2023_001,2023-11-26 14:52:15,Assignment,Assignment: 2,Submission status viewed
SYN2023_001,2023-12-01 05:56:28,Assignment,Assignment: 2,Submission status viewed
SYN2023_001,2023-12-01 20:04:21,Assignment,Assignment: 2,Assignment submitted
SYN2023_001,2023-12-03 14:38:23,Forum,Course forum,Discussion viewed
SYN2023_001,2023-12-03 16:36:19,File,Learning material 1.pdf,Course module viewed
SYN2023_001,2023-12-03 17:22:30,Assignment,Assignment: 3,Submission status viewed
SYN2023_001,2023-12-04 12:35:15,Forum,Course forum,Discussion viewed
SYN2023_001,2023-12-04 12:52:17,Assignment,Assignment: 2,Submission status viewed
SYN2023_001,2023-12-06 11:55:15,Assignment,Assignment: 1,Submission status viewed
SYN2023_001,2023-12-06 12:11:51,Forum,Course forum,Discussion viewed
SYN2023_001,2023-12-06 15:57:00,Assignment,Assignment: 3,Submission status viewed
SYN2023_001,2023-12-07 13:22:47,File,Learning material 5.pdf,Course module viewed
SYN2023_001,2023-12-07 16:22:13,Assignment,Assignment: 3,Submission status viewed
SYN2023_001,2023-12-08 18:06:06,File,Learning material 4.pdf,Course module viewed
SYN2023_001,2023-12-08 23:42:01,Assignment,Assignment: 3,Assignment submitted
SYN2023_001,2023-12-09 14:38:21,Quiz,Quiz: 3,Quiz attempt viewed
SYN2023_001,2023-12-10 14:09:11,File,Learning material 7.pdf,Course module viewed
SYN2023_001,2023-12-10 19:22:42,Quiz,Quiz: 3,Quiz attempt viewed
SYN2023_002,2023-10-20 17:48:37,Assignment,Assignment: 3,Submission status viewed
SYN2023_002,2023-10-21 16:00:52,Quiz,Quiz: 2,Quiz attempt viewed
SYN2023_002,2023-10-24 16:02:44,File,Learning material 8.pdf,Course module viewed
SYN2023_002,2023-10-27 18:40:08,File,Learning material 6.pdf,Course module viewed
SYN2023_002,2023-10-29 13:03:17,File,Learning material 6.pdf,Course module viewed
SYN2023_002,2023-11-04 19:48:39,Assignment,Assignment: 3,Submission status viewed
SYN2023_002,2023-11-05 12:09:55,Forum,Course forum,Discussion viewed
SYN2023_002,2023-11-12 16:02:20,Assignment,Assignment: 1,Submission status viewed
SYN2023_002,2023-11-12 17:14:01,Assignment,Assignment: 3,Submission status viewed
SYN2023_002,2023-11-15 15:45:17,Assignment,Assignment: 3,Assignment submitted
SYN2023_002,2023-11-16 17:00:58,Assignment,Assignment: 2,Submission status viewed
SYN2023_002,2023-11-18 14:14:41,Assignment,Assignment: 1,Assignment submitted
SYN2023_002,2023-11-19 12:06:45,File,Learning material 8.pdf,Course module viewed
SYN2023_002,2023-11-19 13:34:27,File,Learning material 4.pdf,Course module viewed
SYN2023_002,2023-11-20 13:12:38,Assignment,Assignment: 2,Assignment submitted
SYN2023_002,2023-11-20 16:20:31,Quiz,Quiz: 3,Quiz attempt viewed
SYN2023_002,2023-11-26 19:27:19,Forum,Course forum,Discussion viewed
SYN2023_002,2023-11-27 13:20:29,File,Learning material 4.pdf,Course module viewed
SYN2023_002,2023-11-28 14:26:49,Assignment,Assignment: 1,Submission status viewed
SYN2023_002,2023-11-30 15:37:02,File,Learning material 1.pdf,Course module viewed
SYN2023_002,2023-12-01 17:30:51,Forum,Course forum,Discussion viewed
SYN2023_002,2023-12-07 10:26:54,File,Learning material 1.pdf,Course module viewed
SYN2023_002,2023-12-07 18:17:52,File,Learning material 1.pdf,Course module viewed
SYN2023_002,2023-12-07 18:55:27,File,Learning material 4.pdf,Course module viewed
SYN2023_002,2023-12-07 22:03:09,File,Learning material 1.pdf,Course module viewed
SYN2023_002,2023-12-08 12:30:16,File,Learning material 2.pdf,Course module viewed
SYN2023_002,2023-12-08 13:36:57,File,Learning material 8.pdf,Course module viewed
SYN2023_002,2023-12-09 14:01:22,File,Learning material 8.pdf,Course module viewed
SYN2023_002,2023-12-09 17:13:21,File,Learning material 4.pdf,Course module viewed
SYN2023_002,2023-12-10 11:29:50,Quiz,Quiz: 3,Quiz attempt viewed
SYN2023_002,2023-12-10 11:59:25,File,Learning material 8.pdf,Course module viewed
SYN2023_002,2023-12-10 15:27:24,Quiz,Quiz: 3,Quiz attempt viewed
SYN2023_002,2023-12-10 15:46:13,File,Learning material 1.pdf,Course module viewed
SYN2023_002,2023-12-10 17:17:51,File,Learning material 2.pdf,Course module viewed
SYN2023_002,2023-12-10 19:33:43,File,Learning material 4.pdf,Course module viewed
SYN2023_002,2023-12-10 22:19:30,File,Learning material 1.pdf,Course module viewed
SYN2023_002,2023-12-11 10:53:33,Assignment,Assignment: 3,Submission status viewed
SYN2023_002,2023-12-11 15:48:05,File,Learning material 1.pdf,Course module viewed
SYN2023_002,2023-12-11 15:54:50,File,Learning material 4.pdf,Course module viewed
SYN2023_002,2023-12-11 18:10:14,File,Learning material 1.pdf,Course module viewed
SYN2023_002,2023-12-11 18:38:23,File,Learning material 5.pdf,Course module viewed
SYN2023_002,2023-12-11 18:53:55,Assignment,Assignment: 1,Submission status viewed
SYN2023_002,2023-12-11 22:35:29,File,Learning material 2.pdf,Course module viewed
SYN2023_002,2023-12-11 23:38:19,File,Learning material 3.pdf,Course module viewed
SYN2023_002,2023-12-12 14:28:00,File,Learning material 3.pdf,Course module viewed
SYN2023_002,2023-12-12 16:56:13,Forum,Course forum,Discussion viewed
SYN2023_003,2023-10-19 13:28:17,Forum,Course forum,Discussion viewed
SYN2023_003,2023-10-25 18:32:14,File,Learning material 6.pdf,Course module viewed
SYN2023_003,2023-10-29 16:54:58,Assignment,Assignment: 2,Submission status viewed
SYN2023_003,2023-11-01 12:47:07,File,Learning material 3.pdf,Course module viewed
SYN2023_003,2023-11-05 16:33:53,Assignment,Assignment: 1,Submission status viewed
SYN2023_003,2023-11-06 18:41:56,Quiz,Quiz: 3,Quiz attempt viewed
SYN2023_003,2023-11-07 17:08:41,Assignment,Assignment: 3,Submission status viewed
SYN2023_003,2023-11-10 15:46:36,File,Learning material 5.pdf,Course module viewed
SYN2023_003,2023-11-10 20:53:15,Assignment,Assignment: 2,Submission status viewed
SYN2023_003,2023-11-12 14:08:02,Assignment,Assignment: 3,Submission status viewed
SYN2023_003,2023-11-12 14:38:25,File,Learning material 6.pdf,Course module viewed
SYN2023_003,2023-11-14 22:39:43,Assignment,Assignment: 2,Assignment submitted
SYN2023_003,2023-11-15 14:32:02,File,Learning material 2.pdf,Course module viewed
SYN2023_003,2023-11-15 19:41:16,Quiz,Quiz: 3,Quiz attempt viewed
SYN2023_003,2023-11-17 14:22:50,Assignment,Assignment: 3,Assignment submitted
SYN2023_003,2023-11-19 17:36:47,Assignment,Assignment: 1,Submission status viewed
SYN2023_003,2023-11-20 13:52:37,Assignment,Assignment: 1,Submission status viewed
SYN2023_003,2023-11-22 16:30:20,Quiz,Quiz: 1,Quiz attempt viewed
SYN2023_003,2023-11-25 21:51:22,Assignment,Assignment: 1,Assignment submitted
SYN2023_003,2023-11-26 19:24:52,Forum,Course forum,Discussion viewed
SYN2023_003,2023-11-27 12:39:56,Quiz,Quiz: 1,Quiz attempt viewed
SYN2023_003,2023-11-29 20:31:25,File,Learning material 8.pdf,Course module viewed
SYN2023_003,2023-12-01 10:31:05,Forum,Course forum,Discussion viewed
SYN2023_003,2023-12-01 13:34:51,File,Learning material 7.pdf,Course module viewed
SYN2023_003,2023-12-01 15:05:20,File,Learning material 1.pdf,Course module viewed
SYN2023_003,2023-12-01 17:02:37,File,Learning material 2.pdf,Course module viewed
SYN2023_003,2023-12-01 18:51:20,File,Learning material 4.pdf,Course module viewed
SYN2023_003,2023-12-02 10:59:16,File,Learning material 5.pdf,Course module viewed
SYN2023_003,2023-12-02 15:29:46,File,Learning material 5.pdf,Course module viewed
SYN2023_003,2023-12-03 12:59:27,Forum,Course forum,Discussion viewed
SYN2023_003,2023-12-03 13:17:18,File,Learning material 8.pdf,Course module viewed
SYN2023_003,2023-12-03 21:39:14,Forum,Course forum,Discussion viewed
SYN2023_003,2023-12-04 13:19:05,File,Learning material 8.pdf,Course module viewed
SYN2023_003,2023-12-04 19:28:24,Quiz,Quiz: 1,Quiz attempt viewed
SYN2023_003,2023-12-05 13:44:40,Forum,Course forum,Discussion viewed
SYN2023_003,2023-12-06 14:26:46,File,Learning material 3.pdf,Course module viewed
SYN2023_003,2023-12-06 16:13:24,Assignment,Assignment: 2,Submission status viewed
SYN2023_003,2023-12-06 16:38:34,File,Learning material 7.pdf,Course module viewed
SYN2023_003,2023-12-07 11:31:51,File,Learning material 8.pdf,Course module viewed
SYN2023_003,2023-12-08 14:12:58,File,Learning material 1.pdf,Course module viewed
SYN2023_003,2023-12-09 14:57:06,File,Learning material 5.pdf,Course module viewed
SYN2023_003,2023-12-09 19:25:05,File,Learning material 8.pdf,Course module viewed
SYN2023_003,2023-12-09 23:15:49,Assignment,Assignment: 1,Submission status viewed
SYN2023_003,2023-12-10 07:16:15,File,Learning material 1.pdf,Course module viewed
SYN2023_003,2023-12-10 10:33:26,File,Learning material 8.pdf,Course module viewed
SYN2023_003,2023-12-10 14:19:55,File,Learning material 2.pdf,Course module viewed
SYN2023_003,2023-12-11 19:49:39,File,Learning material 2.pdf,Course module viewed
SYN2023_003,2023-12-12 19:11:52,File,Learning material 3.pdf,Course module viewed
SYN2023_004,2023-10-19 13:40:14,File,Learning material 4.pdf,Course module viewed
SYN2023_004,2023-10-20 12:43:59,Assignment,Assignment: 1,Submission status viewed
SYN2023_004,2023-10-21 12:56:10,File,Learning material 4.pdf,Course module viewed
SYN2023_004,2023-10-22 12:29:23,Quiz,Quiz: 1,Quiz attempt viewed
SYN2023_004,2023-10-23 17:34:13,File,Learning material 8.pdf,Course module viewed
SYN2023_004,2023-10-29 07:26:51,File,Learning material 6.pdf,Course module viewed
SYN2023_004,2023-11-03 09:10:06,Quiz,Quiz: 1,Quiz attempt viewed
SYN2023_004,2023-11-03 14:23:03,Quiz,Quiz: 1,Quiz attempt viewed
SYN2023_004,2023-11-04 11:23:42,File,Learning material 7.pdf,Course module viewed
SYN2023_004,2023-11-08 14:33:09,File,Learning material 5.pdf,Course module viewed
SYN2023_004,2023-11-11 17:14:56,Assignment,Assignment: 3,Submission status viewed
SYN2023_004,2023-11-14 15:38:19,File,Learning material 5.pdf,Course module viewed
SYN2023_004,2023-11-15 20:26:46,Assignment,Assignment: 3,Assignment submitted
SYN2023_004,2023-11-16 13:18:15,File,Learning material 2.pdf,Course module viewed
SYN2023_004,2023-11-18 13:25:23,File,Learning material 3.pdf,Course module viewed
SYN2023_004,2023-11-18 18:29:27,Assignment,Assignment: 1,Submission status viewed
SYN2023_004,2023-11-19 09:52:45,File,Learning material 4.pdf,Course module viewed
SYN2023_004,2023-11-20 16:13:58,File,Learning material 4.pdf,Course module viewed
SYN2023_004,2023-11-20 19:17:23,Assignment,Assignment: 1,Submission status viewed
SYN2023_004,2023-11-21 17:24:21,Quiz,Quiz: 3,Quiz attempt viewed
SYN2023_004,2023-11-23 13:00:54,Assignment,Assignment: 1,Submission status viewed
SYN2023_004,2023-11-24 12:40:01,File,Learning material 3.pdf,Course module viewed
SYN2023_004,2023-11-25 19:10:10,Assignment,Assignment: 1,Assignment submitted
SYN2023_004,2023-11-28 14:16:41,File,Learning material 5.pdf,Course module viewed
SYN2023_004,2023-11-28 14:30:16,Assignment,Assignment: 1,Submission status viewed
SYN2023_004,2023-11-29 12:22:16,Assignment,Assignment: 3,Submission status viewed
SYN2023_004,2023-11-30 13:46:50,Forum,Course forum,Discussion viewed
SYN2023_004,2023-12-01 19:08:55,Assignment,Assignment: 2,Submission status viewed
SYN2023_004,2023-12-05 15:05:08,Assignment,Assignment: 2,Submission status viewed
SYN2023_004,2023-12-05 18:45:44,Assignment,Assignment: 3,Submission status viewed
SYN2023_004,2023-12-06 14:43:53,Quiz,Quiz: 2,Quiz attempt viewed
SYN2023_004,2023-12-06 15:24:12,File,Learning material 1.pdf,Course module viewed
SYN2023_004,2023-12-06 18:34:52,Assignment,Assignment: 2,Assignment submitted
SYN2023_004,2023-12-06 20:43:36,File,Learning material 8.pdf,Course module viewed
SYN2023_004,2023-12-07 13:20:41,Quiz,Quiz: 3,Quiz attempt viewed
SYN2023_004,2023-12-07 13:38:50,File,Learning material 2.pdf,Course module viewed
SYN2023_004,2023-12-07 13:57:35,Forum,Course forum,Discussion viewed
SYN2023_004,2023-12-07 14:47:56,Forum,Course forum,Discussion viewed
SYN2023_004,2023-12-07 15:28:08,Quiz,Quiz: 2,Quiz attempt viewed
SYN2023_004,2023-12-07 16:11:41,File,Learning material 7.pdf,Course module viewed
SYN2023_004,2023-12-07 17:02:30,File,Learning material 4.pdf,Course module viewed
SYN2023_004,2023-12-08 13:44:44,File,Learning material 1.pdf,Course module viewed
SYN2023_004,2023-12-08 16:41:26,Quiz,Quiz: 2,Quiz attempt viewed
SYN2023_004,2023-12-08 17:14:48,File,Learning material 1.pdf,Course module viewed
SYN2023_004,2023-12-09 10:57:50,Forum,Course forum,Discussion viewed
SYN2023_004,2023-12-09 12:26:28,File,Learning material 8.pdf,Course module viewed
SYN2023_004,2023-12-09 12:45:34,File,Learning material 8.pdf,Course module viewed
SYN2023_004,2023-12-09 13:02:58,Quiz,Quiz: 1,Quiz attempt viewed
SYN2023_004,2023-12-09 13:58:54,Assignment,Assignment: 2,Submission status viewed
SYN2023_004,2023-12-10 11:41:02,Assignment,Assignment: 2,Submission status viewed
SYN2023_004,2023-12-10 12:42:21,Assignment,Assignment: 1,Submission status viewed
SYN2023_004,2023-12-10 14:14:30,File,Learning material 8.pdf,Course module viewed
SYN2023_004,2023-12-10 15:48:05,File,Learning material 3.pdf,Course module viewed
SYN2023_004,2023-12-10 16:12:55,Quiz,Quiz: 3,Quiz attempt viewed
SYN2023_004,2023-12-10 20:42:29,File,Learning material 5.pdf,Course module viewed
SYN2023_004,2023-12-11 13:53:35,File,Learning material 5.pdf,Course module viewed
SYN2023_004,2023-12-11 15:38:29,File,Learning material 5.pdf,Course module viewed
SYN2023_004,2023-12-11 17:34:08,File,Learning material 2.pdf,Course module viewed
SYN2023_004,2023-12-11 19:21:43,File,Learning material 6.pdf,Course module viewed
SYN2023_004,2023-12-12 12:06:18,File,Learning material 4.pdf,Course module viewed
SYN2023_005,2023-10-20 22:03:27,File,Learning material 1.pdf,Course module viewed
SYN2023_005,2023-10-22 20:36:27,Forum,Course forum,Discussion viewed
SYN2023_005,2023-10-23 19:39:11,Assignment,Assignment: 2,Submission status viewed
SYN2023_005,2023-10-25 23:19:15,File,Learning material 3.pdf,Course module viewed
SYN2023_005,2023-10-27 17:27:10,Quiz,Quiz: 2,Quiz attempt viewed
SYN2023_005,2023-10-27 20:58:24,File,Learning material 2.pdf,Course module viewed
SYN2023_005,2023-11-03 19:52:58,File,Learning material 8.pdf,Course module viewed
SYN2023_005,2023-11-05 19:38:45,Assignment,Assignment: 3,Submission status viewed
SYN2023_005,2023-11-06 22:48:59,Quiz,Quiz: 1,Quiz attempt viewed
SYN2023_005,2023-11-08 19:27:59,File,Learning material 1.pdf,Course module viewed
SYN2023_005,2023-11-09 12:31:16,Assignment,Assignment: 1,Submission status viewed
SYN2023_005,2023-11-11 16:32:22,Assignment,Assignment: 3,Assignment submitted
SYN2023_005,2023-11-14 21:55:09,Assignment,Assignment: 1,Assignment submitted
SYN2023_005,2023-11-15 22:42:45,Quiz,Quiz: 1,Quiz attempt viewed
SYN2023_005,2023-11-17 13:56:06,File,Learning material 6.pdf,Course module viewed
SYN2023_005,2023-11-18 19:39:27,Assignment,Assignment: 1,Submission status viewed
SYN2023_005,2023-11-19 18:03:49,File,Learning material 8.pdf,Course module viewed
SYN2023_005,2023-11-20 17:10:27,Assignment,Assignment: 2,Submission status viewed
SYN2023_005,2023-11-20 23:27:32,File,Learning material 2.pdf,Course module viewed
SYN2023_005,2023-11-21 18:55:01,Quiz,Quiz: 2,Quiz attempt viewed
SYN2023_005,2023-11-22 16:52:35,Forum,Course forum,Discussion viewed
SYN2023_005,2023-11-23 15:28:18,Assignment,Assignment: 2,Assignment submitted
SYN2023_005,2023-11-25 19:10:30,Quiz,Quiz: 3,Quiz attempt viewed
SYN2023_005,2023-11-25 21:28:57,Assignment,Assignment: 3,Submission status viewed
SYN2023_005,2023-11-30 23:17:52,File,Learning material 7.pdf,Course module viewed
SYN2023_005,2023-12-07 21:18:21,File,Learning material 2.pdf,Course module viewed
SYN2023_005,2023-12-10 10:13:03,Assignment,Assignment: 1,Submission status viewed
SYN2023_005,2023-12-10 13:47:22,File,Learning material 4.pdf,Course module viewed
SYN2023_005,2023-12-10 15:13:26,Forum,Course forum,Discussion viewed
SYN2023_005,2023-12-10 15:25:42,Quiz,Quiz: 3,Quiz attempt viewed
SYN2023_005,2023-12-10 16:14:47,File,Learning material 2.pdf,Course module viewed
SYN2023_005,2023-12-10 16:24:05,Quiz,Quiz: 1,Quiz attempt viewed
SYN2023_005,2023-12-10 17:12:14,File,Learning material 3.pdf,Course module viewed
SYN2023_005,2023-12-10 17:15:45,File,Learning material 1.pdf,Course module viewed
SYN2023_005,2023-12-10 17:28:55,Assignment,Assignment: 2,Submission status viewed
SYN2023_005,2023-12-10 18:32:11,File,Learning material 6.pdf,Course module viewed
SYN2023_005,2023-12-10 19:57:12,File,Learning material 7.pdf,Course module viewed
SYN2023_005,2023-12-10 20:24:34,File,Learning material 1.pdf,Course module viewed
SYN2023_005,2023-12-10 21:11:54,File,Learning material 8.pdf,Course module viewed
SYN2023_005,2023-12-10 22:33:40,File,Learning material 8.pdf,Course module viewed
SYN2023_005,2023-12-11 13:06:35,Forum,Course forum,Discussion viewed
SYN2023_005,2023-12-11 13:18:14,Assignment,Assignment: 3,Submission status viewed
SYN2023_005,2023-12-11 13:26:48,File,Learning material 7.pdf,Course module viewed
SYN2023_005,2023-12-11 14:29:53,Quiz,Quiz: 3,Quiz attempt viewed
SYN2023_005,2023-12-11 15:55:05,Forum,Course forum,Discussion viewed
SYN2023_005,2023-12-11 16:00:08,File,Learning material 1.pdf,Course module viewed
SYN2023_005,2023-12-11 18:21:44,Quiz,Quiz: 3,Quiz attempt viewed
SYN2023_005,2023-12-11 19:34:38,Assignment,Assignment: 3,Submission status viewed
SYN2023_005,2023-12-11 20:34:43,File,Learning material 1.pdf,Course module viewed
SYN2023_005,2023-12-11 22:03:54,File,Learning material 2.pdf,Course module viewed
SYN2023_005,2023-12-11 22:10:04,Quiz,Quiz: 1,Quiz attempt viewed
SYN2023_005,2023-12-12 08:28:54,File,Learning material 1.pdf,Course module viewed
SYN2023_005,2023-12-12 10:02:55,Assignment,Assignment: 2,Submission status viewed
SYN2023_005,2023-12-12 12:10:19,File,Learning material 8.pdf,Course module viewed
SYN2023_005,2023-12-12 12:29:25,Assignment,Assignment: 1,Submission status viewed
SYN2023_005,2023-12-12 14:37:56,Assignment,Assignment: 3,Submission status viewed
SYN2023_005,2023-12-12 15:07:29,File,Learning material 5.pdf,Course module viewed
SYN2023_005,2023-12-12 17:15:12,Forum,Course forum,Discussion viewed
SYN2023_005,2023-12-12 17:21:19,File,Learning material 2.pdf,Course module viewed
SYN2023_005,2023-12-12 17:22:09,File,Learning material 8.pdf,Course module viewed
SYN2023_005,2023-12-12 17:57:40,Forum,Course forum,Discussion viewed
SYN2023_005,2023-12-12 19:12:09,File,Learning material 7.pdf,Course module viewed
SYN2023_005,2023-12-12 20:22:12,Assignment,Assignment: 1,Submission status viewed
SYN2023_005,2023-12-12 21:00:13,File,Learning material 3.pdf,Course module viewed
SYN2023_005,2023-12-12 21:50:26,Quiz,Quiz: 2,Quiz attempt viewed
SYN2023_005,2023-12-12 21:52:52,File,Learning material 1.pdf,Course module viewed
SYN2023_006,2023-10-25 16:11:49,File,Learning material 8.pdf,Course module viewed
SYN2023_006,2023-10-26 15:01:37,Assignment,Assignment: 1,Submission status viewed
SYN2023_006,2023-10-31 15:21:31,File,Learning material 3.pdf,Course module viewed
SYN2023_006,2023-11-03 13:08:44,Assignment,Assignment: 3,Submission status viewed
SYN2023_006,2023-11-04 15:56:09,File,Learning material 3.pdf,Course module viewed
SYN2023_006,2023-11-08 17:47:55,Assignment,Assignment: 3,Submission status viewed
SYN2023_006,2023-11-09 18:42:10,Assignment,Assignment: 1,Submission status viewed
SYN2023_006,2023-11-09 23:10:23,File,Learning material 4.pdf,Course module viewed
SYN2023_006,2023-11-12 15:16:18,File,Learning material 3.pdf,Course module viewed
SYN2023_006,2023-11-12 16:31:27,Assignment,Assignment: 3,Submission status viewed
SYN2023_006,2023-11-15 14:04:21,File,Learning material 6.pdf,Course module viewed
SYN2023_006,2023-11-15 16:07:01,Quiz,Quiz: 1,Quiz attempt viewed
SYN2023_006,2023-11-15 19:21:12,Assignment,Assignment: 3,Submission status viewed
SYN2023_006,2023-11-16 17:44:55,Assignment,Assignment: 3,Assignment submitted
SYN2023_006,2023-11-17 16:44:56,File,Learning material 6.pdf,Course module viewed
SYN2023_006,2023-11-19 14:42:02,Assignment,Assignment: 1,Submission status viewed
SYN2023_006,2023-11-21 16:18:26,Assignment,Assignment: 1,Assignment submitted
SYN2023_006,2023-11-25 13:36:15,File,Learning material 4.pdf,Course module viewed
SYN2023_006,2023-11-27 14:57:17,Assignment,Assignment: 2,Submission status viewed
SYN2023_006,2023-11-28 17:37:17,Assignment,Assignment: 2,Assignment submitted
SYN2023_006,2023-12-01 15:56:31,Assignment,Assignment: 2,Submission status viewed
SYN2023_006,2023-12-04 14:54:21,Assignment,Assignment: 1,Submission status viewed
SYN2023_006,2023-12-04 18:15:15,Forum,Course forum,Discussion viewed
SYN2023_006,2023-12-05 23:26:13,Assignment,Assignment: 1,Submission status viewed
SYN2023_006,2023-12-06 15:30:05,Quiz,Quiz: 2,Quiz attempt viewed
SYN2023_006,2023-12-07 11:55:31,File,Learning material 1.pdf,Course module viewed
SYN2023_006,2023-12-07 14:17:10,File,Learning material 6.pdf,Course module viewed
SYN2023_006,2023-12-07 16:30:18,File,Learning material 5.pdf,Course module viewed
SYN2023_006,2023-12-07 17:30:35,File,Learning material 3.pdf,Course module viewed
SYN2023_006,2023-12-07 18:09:36,Forum,Course forum,Discussion viewed
SYN2023_006,2023-12-07 22:48:03,File,Learning material 7.pdf,Course module viewed
SYN2023_006,2023-12-08 12:47:50,Assignment,Assignment: 2,Submission status viewed
SYN2023_006,2023-12-08 13:18:31,Assignment,Assignment: 2,Submission status viewed
SYN2023_006,2023-12-08 14:37:19,File,Learning material 8.pdf,Course module viewed
SYN2023_006,2023-12-08 16:33:11,File,Learning material 1.pdf,Course module viewed
SYN2023_006,2023-12-08 16:45:19,Forum,Course forum,Discussion viewed
SYN2023_006,2023-12-08 18:10:25,File,Learning material 4.pdf,Course module viewed
SYN2023_006,2023-12-08 19:24:14,Quiz,Quiz: 2,Quiz attempt viewed
SYN2023_006,2023-12-08 20:43:31,Assignment,Assignment: 2,Submission status viewed
SYN2023_006,2023-12-09 12:46:13,File,Learning material 3.pdf,Course module viewed
SYN2023_006,2023-12-09 13:28:21,File,Learning material 4.pdf,Course module viewed
SYN2023_006,2023-12-09 14:38:02,File,Learning material 1.pdf,Course module viewed
SYN2023_006,2023-12-09 15:10:05,Assignment,Assignment: 2,Submission status viewed
SYN2023_006,2023-12-09 15:31:02,Forum,Course forum,Discussion viewed
SYN2023_006,2023-12-09 15:49:09,File,Learning material 1.pdf,Course module viewed
SYN2023_006,2023-12-09 16:37:37,Assignment,Assignment: 1,Submission status viewed
SYN2023_006,2023-12-09 17:20:37,Quiz,Quiz: 1,Quiz attempt viewed
SYN2023_006,2023-12-09 18:07:12,File,Learning material 1.pdf,Course module viewed
SYN2023_006,2023-12-09 19:14:35,File,Learning material 1.pdf,Course module viewed
SYN2023_006,2023-12-09 19:22:03,File,Learning material 5.pdf,Course module viewed
SYN2023_006,2023-12-09 20:53:31,Assignment,Assignment: 2,Submission status viewed
SYN2023_006,2023-12-09 22:15:29,Forum,Course forum,Discussion viewed
SYN2023_006,2023-12-09 23:48:10,Forum,Course forum,Discussion viewed
SYN2023_006,2023-12-10 12:17:11,File,Learning material 7.pdf,Course module viewed
SYN2023_006,2023-12-10 13:38:23,File,Learning material 1.pdf,Course module viewed
SYN2023_006,2023-12-10 15:14:19,Quiz,Quiz: 2,Quiz attempt viewed
SYN2023_006,2023-12-10 15:31:32,File,Learning material 8.pdf,Course module viewed
SYN2023_006,2023-12-10 15:48:14,File,Learning material 7.pdf,Course module viewed
SYN2023_006,2023-12-10 16:47:08,Assignment,Assignment: 1,Submission status viewed
SYN2023_006,2023-12-10 17:54:21,Quiz,Quiz: 2,Quiz attempt viewed
SYN2023_006,2023-12-10 17:58:34,Forum,Course forum,Discussion viewed
SYN2023_006,2023-12-10 20:44:02,File,Learning material 5.pdf,Course module viewed
SYN2023_006,2023-12-10 20:46:12,File,Learning material 5.pdf,Course module viewed
SYN2023_006,2023-12-10 21:53:10,File,Learning material 7.pdf,Course module viewed
SYN2023_006,2023-12-11 13:06:05,File,Learning material 5.pdf,Course module viewed
SYN2023_006,2023-12-11 15:54:26,File,Learning material 6.pdf,Course module viewed
SYN2023_006,2023-12-11 17:16:23,Assignment,Assignment: 2,Submission status viewed
SYN2023_006,2023-12-11 18:07:26,File,Learning material 7.pdf,Course module viewed
SYN2023_006,2023-12-11 19:17:24,File,Learning material 3.pdf,Course module viewed
SYN2023_006,2023-12-11 19:21:01,File,Learning material 4.pdf,Course module viewed
SYN2023_006,2023-12-12 12:09:19,File,Learning material 2.pdf,Course module viewed
SYN2023_006,2023-12-12 14:57:05,File,Learning material 5.pdf,Course module viewed
SYN2023_006,2023-12-12 17:44:19,File,Learning material 4.pdf,Course module viewed
SYN2023_006,2023-12-12 18:15:09,File,Learning material 2.pdf,Course module viewed
SYN2023_006,2023-12-12 20:36:25,File,Learning material 5.pdf,Course module viewed
SYN2023_006,2023-12-12 20:38:47,File,Learning material 3.pdf,Course module viewed
SYN2023_006,2023-12-12 21:07:16,File,Learning material 4.pdf,Course module viewed
SYN2023_007,2023-10-19 16:07:03,Quiz,Quiz: 2,Quiz attempt viewed
SYN2023_007,2023-10-21 19:15:45,File,Learning material 4.pdf,Course module viewed
SYN2023_007,2023-10-24 16:24:03,File,Learning material 3.pdf,Course module viewed
SYN2023_007,2023-10-26 11:10:57,File,Learning material 5.pdf,Course module viewed
SYN2023_007,2023-10-26 20:59:26,Assignment,Assignment: 1,Submission status viewed
SYN2023_007,2023-10-29 17:32:58,Quiz,Quiz: 2,Quiz attempt viewed
SYN2023_007,2023-10-30 14:27:21,Forum,Course forum,Discussion viewed
SYN2023_007,2023-10-30 16:49:46,File,Learning material 1.pdf,Course module viewed
SYN2023_007,2023-10-31 09:42:54,File,Learning material 8.pdf,Course module viewed
SYN2023_007,2023-11-05 18:44:47,File,Learning material 7.pdf,Course module viewed
SYN2023_007,2023-11-05 20:25:05,File,Learning material 2.pdf,Course module viewed
SYN2023_007,2023-11-06 11:23:15,File,Learning material 3.pdf,Course module viewed
SYN2023_007,2023-11-07 16:32:07,Assignment,Assignment: 2,Submission status viewed
SYN2023_007,2023-11-08 09:43:49,File,Learning material 4.pdf,Course module viewed
SYN2023_007,2023-11-08 17:35:37,File,Learning material 5.pdf,Course module viewed
SYN2023_007,2023-11-09 21:00:39,Assignment,Assignment: 2,Submission status viewed
SYN2023_007,2023-11-11 15:10:42,Quiz,Quiz: 1,Quiz attempt viewed
SYN2023_007,2023-11-12 18:10:06,File,Learning material 5.pdf,Course module viewed
SYN2023_007,2023-11-12 21:21:24,File,Learning material 3.pdf,Course module viewed
SYN2023_007,2023-11-13 16:00:17,File,Learning material 1.pdf,Course module viewed
SYN2023_007,2023-11-14 15:08:19,File,Learning material 5.pdf,Course module viewed
SYN2023_007,2023-11-15 21:40:31,Assignment,Assignment: 2,Assignment submitted
SYN2023_007,2023-11-16 17:21:25,Quiz,Quiz: 3,Quiz attempt viewed
SYN2023_007,2023-11-17 11:19:21,Quiz,Quiz: 2,Quiz attempt viewed
SYN2023_007,2023-11-17 15:19:12,Forum,Course forum,Discussion viewed
SYN2023_007,2023-11-19 18:54:19,Quiz,Quiz: 3,Quiz attempt viewed
SYN2023_007,2023-11-25 06:08:26,File,Learning material 3.pdf,Course module viewed
SYN2023_007,2023-11-25 16:41:49,Assignment,Assignment: 1,Submission status viewed
SYN2023_007,2023-11-25 20:34:03,Assignment,Assignment: 3,Submission status viewed
SYN2023_007,2023-11-27 11:35:58,Assignment,Assignment: 2,Submission status viewed
SYN2023_007,2023-11-28 16:49:44,File,Learning material 6.pdf,Course module viewed
SYN2023_007,2023-11-29 18:17:56,Assignment,Assignment: 3,Assignment submitted
SYN2023_007,2023-11-30 11:57:52,Quiz,Quiz: 3,Quiz attempt viewed
SYN2023_007,2023-12-01 14:53:55,Quiz,Quiz: 3,Quiz attempt viewed
SYN2023_007,2023-12-02 14:24:57,File,Learning material 1.pdf,Course module viewed
SYN2023_007,2023-12-02 15:01:23,File,Learning material 8.pdf,Course module viewed
SYN2023_007,2023-12-02 19:17:37,File,Learning material 3.pdf,Course module viewed
SYN2023_007,2023-12-02 19:51:24,Forum,Course forum,Discussion viewed
SYN2023_007,2023-12-03 15:33:43,Quiz,Quiz: 2,Quiz attempt viewed
SYN2023_007,2023-12-03 19:12:16,Assignment,Assignment: 3,Submission status viewed
SYN2023_007,2023-12-03 22:25:29,Assignment,Assignment: 1,Submission status viewed
SYN2023_007,2023-12-05 07:27:01,File,Learning material 1.pdf,Course module viewed
SYN2023_007,2023-12-05 11:57:19,File,Learning material 2.pdf,Course module viewed
SYN2023_007,2023-12-05 12:27:02,File,Learning material 4.pdf,Course module viewed
SYN2023_007,2023-12-05 19:42:49,Assignment,Assignment: 3,Submission status viewed
SYN2023_007,2023-12-05 22:06:41,Assignment,Assignment: 2,Submission status viewed
SYN2023_007,2023-12-06 09:12:54,Assignment,Assignment: 3,Submission status viewed
SYN2023_007,2023-12-06 13:40:19,Quiz,Quiz: 2,Quiz attempt viewed
SYN2023_007,2023-12-06 15:00:48,Forum,Course forum,Discussion viewed
SYN2023_007,2023-12-06 15:20:52,File,Learning material 8.pdf,Course module viewed
SYN2023_007,2023-12-06 16:53:16,File,Learning material 5.pdf,Course module viewed
SYN2023_007,2023-12-06 17:23:11,File,Learning material 7.pdf,Course module viewed
SYN2023_007,2023-12-07 14:37:16,Quiz,Quiz: 2,Quiz attempt viewed
SYN2023_007,2023-12-07 15:22:48,Forum,Course forum,Discussion viewed
SYN2023_007,2023-12-07 18:11:07,File,Learning material 8.pdf,Course module viewed
SYN2023_007,2023-12-08 06:30:28,Forum,Course forum,Discussion viewed
SYN2023_007,2023-12-08 17:26:43,File,Learning material 3.pdf,Course module viewed
SYN2023_007,2023-12-08 17:40:13,File,Learning material 5.pdf,Course module viewed
SYN2023_007,2023-12-08 20:13:08,Quiz,Quiz: 1,Quiz attempt viewed
SYN2023_007,2023-12-09 13:51:52,Assignment,Assignment: 1,Submission status viewed
SYN2023_007,2023-12-09 17:04:13,File,Learning material 7.pdf,Course module viewed
SYN2023_007,2023-12-09 17:50:10,File,Learning material 7.pdf,Course module viewed
SYN2023_007,2023-12-09 18:50:11,File,Learning material 2.pdf,Course module viewed
SYN2023_007,2023-12-09 19:20:50,Assignment,Assignment: 1,Assignment submitted
SYN2023_007,2023-12-10 14:19:00,Quiz,Quiz: 1,Quiz attempt viewed
SYN2023_007,2023-12-11 11:21:21,File,Learning material 8.pdf,Course module viewed
SYN2023_007,2023-12-11 14:46:12,File,Learning material 8.pdf,Course module viewed
SYN2023_007,2023-12-11 23:18:51,File,Learning material 2.pdf,Course module viewed
SYN2023_007,2023-12-12 11:04:20,File,Learning material 1.pdf,Course module viewed
SYN2023_007,2023-12-12 17:06:43,File,Learning material 8.pdf,Course module viewed
SYN2023_007,2023-12-12 18:56:33,File,Learning material 5.pdf,Course module viewed
SYN2023_008,2023-10-19 14:13:15,File,Learning material 7.pdf,Course module viewed
SYN2023_008,2023-10-21 17:15:38,File,Learning material 7.pdf,Course module viewed
SYN2023_008,2023-10-22 19:19:10,File,Learning material 4.pdf,Course module viewed
SYN2023_008,2023-10-31 12:48:15,File,Learning material 6.pdf,Course module viewed
SYN2023_008,2023-11-01 14:12:53,File,Learning material 5.pdf,Course module viewed
SYN2023_008,2023-11-06 12:52:32,Quiz,Quiz: 1,Quiz attempt viewed
SYN2023_008,2023-11-07 21:05:05,Assignment,Assignment: 2,Submission status viewed
SYN2023_008,2023-11-08 20:15:01,Assignment,Assignment: 2,Assignment submitted
SYN2023_008,2023-11-09 22:14:56,File,Learning material 4.pdf,Course module viewed
SYN2023_008,2023-11-11 13:18:24,File,Learning material 4.pdf,Course module viewed
SYN2023_008,2023-11-15 14:44:39,Assignment,Assignment: 3,Submission status viewed
SYN2023_008,2023-11-17 11:07:24,File,Learning material 7.pdf,Course module viewed
SYN2023_008,2023-11-18 18:48:13,Forum,Course forum,Discussion viewed
SYN2023_008,2023-11-18 20:07:49,File,Learning material 8.pdf,Course module viewed
SYN2023_008,2023-11-20 11:27:38,Assignment,Assignment: 3,Assignment submitted
SYN2023_008,2023-11-22 16:28:37,File,Learning material 5.pdf,Course module viewed
SYN2023_008,2023-11-23 18:57:56,Assignment,Assignment: 1,Submission status viewed
SYN2023_008,2023-11-29 13:15:03,File,Learning material 8.pdf,Course module viewed
SYN2023_008,2023-11-29 13:46:23,File,Learning material 1.pdf,Course module viewed
SYN2023_008,2023-11-29 14:59:28,File,Learning material 2.pdf,Course module viewed
SYN2023_008,2023-11-29 23:41:16,Assignment,Assignment: 1,Assignment submitted
SYN2023_008,2023-11-30 10:31:23,Assignment,Assignment: 2,Submission status viewed
SYN2023_008,2023-11-30 14:54:34,File,Learning material 4.pdf,Course module viewed
SYN2023_008,2023-11-30 20:24:47,File,Learning material 3.pdf,Course module viewed
SYN2023_008,2023-12-01 15:45:31,File,Learning material 5.pdf,Course module viewed
SYN2023_008,2023-12-01 18:11:37,Quiz,Quiz: 2,Quiz attempt viewed
SYN2023_008,2023-12-01 18:24:45,File,Learning material 1.pdf,Course module viewed
SYN2023_008,2023-12-02 14:01:19,Quiz,Quiz: 3,Quiz attempt viewed
SYN2023_008,2023-12-03 13:03:06,File,Learning material 8.pdf,Course module viewed
SYN2023_008,2023-12-03 17:01:26,File,Learning material 4.pdf,Course module viewed
SYN2023_008,2023-12-03 18:00:41,File,Learning material 3.pdf,Course module viewed
SYN2023_008,2023-12-03 23:17:31,File,Learning material 7.pdf,Course module viewed
SYN2023_008,2023-12-04 15:47:56,File,Learning material 2.pdf,Course module viewed
SYN2023_008,2023-12-04 16:07:03,File,Learning material 2.pdf,Course module viewed
SYN2023_008,2023-12-04 22:25:39,File,Learning material 5.pdf,Course module viewed
SYN2023_008,2023-12-05 12:05:02,Assignment,Assignment: 2,Submission status viewed
SYN2023_008,2023-12-05 18:16:12,File,Learning material 6.pdf,Course module viewed
SYN2023_008,2023-12-05 19:03:04,Quiz,Quiz: 1,Quiz attempt viewed
SYN2023_008,2023-12-05 19:33:12,Quiz,Quiz: 3,Quiz attempt viewed
SYN2023_008,2023-12-05 21:50:03,Quiz,Quiz: 1,Quiz attempt viewed
SYN2023_008,2023-12-06 16:54:22,Forum,Course forum,Discussion viewed
SYN2023_008,2023-12-06 18:59:18,Quiz,Quiz: 1,Quiz attempt viewed
SYN2023_008,2023-12-06 20:19:04,Quiz,Quiz: 2,Quiz attempt viewed
SYN2023_008,2023-12-07 13:39:54,File,Learning material 4.pdf,Course module viewed
SYN2023_008,2023-12-07 14:06:14,Quiz,Quiz: 1,Quiz attempt viewed
SYN2023_008,2023-12-07 14:13:44,Assignment,Assignment: 1,Submission status viewed
SYN2023_008,2023-12-07 15:08:07,Assignment,Assignment: 1,Submission status viewed
SYN2023_008,2023-12-07 15:50:00,File,Learning material 5.pdf,Course module viewed
SYN2023_008,2023-12-07 19:42:31,Assignment,Assignment: 3,Submission status viewed
SYN2023_008,2023-12-07 20:34:26,Quiz,Quiz: 2,Quiz attempt viewed
SYN2023_008,2023-12-08 12:11:40,Assignment,Assignment: 1,Submission status viewed
SYN2023_008,2023-12-08 14:51:04,Forum,Course forum,Discussion viewed
SYN2023_008,2023-12-08 16:35:10,File,Learning material 2.pdf,Course module viewed
SYN2023_008,2023-12-09 16:33:06,Quiz,Quiz: 3,Quiz attempt viewed
SYN2023_008,2023-12-10 16:59:20,File,Learning material 5.pdf,Course module viewed
SYN2023_008,2023-12-10 20:31:55,Assignment,Assignment: 1,Submission status viewed
SYN2023_008,2023-12-10 22:06:51,Assignment,Assignment: 3,Submission status viewed
SYN2023_008,2023-12-11 14:17:37,File,Learning material 3.pdf,Course module viewed
SYN2023_008,2023-12-11 15:17:32,Quiz,Quiz: 3,Quiz attempt viewed
SYN2023_008,2023-12-11 16:03:49,Forum,Course forum,Discussion viewed
SYN2023_008,2023-12-12 13:31:11,File,Learning material 5.pdf,Course module viewed
SYN2023_008,2023-12-12 17:02:47,File,Learning material 6.pdf,Course module viewed
SYN2023_008,2023-12-12 17:25:35,File,Learning material 5.pdf,Course module viewed
SYN2023_008,2023-12-12 18:21:52,Assignment,Assignment: 1,Submission status viewed
SYN2023_009,2023-10-28 19:15:05,Assignment,Assignment: 2,Submission status viewed
SYN2023_009,2023-10-29 17:45:19,Quiz,Quiz: 3,Quiz attempt viewed
SYN2023_009,2023-10-29 18:50:49,File,Learning material 5.pdf,Course module viewed
SYN2023_009,2023-11-04 18:08:25,Assignment,Assignment: 3,Submission status viewed
SYN2023_009,2023-11-07 14:37:23,Assignment,Assignment: 2,Submission status viewed
SYN2023_009,2023-11-08 13:42:23,Forum,Course forum,Discussion viewed
SYN2023_009,2023-11-14 19:55:03,Assignment,Assignment: 1,Submission status viewed
SYN2023_009,2023-11-15 16:06:21,File,Learning material 1.pdf,Course module viewed
SYN2023_009,2023-11-15 17:16:02,File,Learning material 6.pdf,Course module viewed
SYN2023_009,2023-11-16 18:24:04,File,Learning material 8.pdf,Course module viewed
SYN2023_009,2023-11-18 17:20:38,File,Learning material 6.pdf,Course module viewed
SYN2023_009,2023-11-19 19:43:11,Assignment,Assignment: 3,Submission status viewed
SYN2023_009,2023-11-20 12:15:48,Assignment,Assignment: 1,Submission status viewed
SYN2023_009,2023-11-21 16:11:10,File,Learning material 1.pdf,Course module viewed
SYN2023_009,2023-11-25 11:00:52,Assignment,Assignment: 1,Assignment submitted
SYN2023_009,2023-11-25 12:39:26,Assignment,Assignment: 3,Assignment submitted
SYN2023_009,2023-11-26 14:02:25,File,Learning material 5.pdf,Course module viewed
SYN2023_009,2023-11-27 12:19:22,File,Learning material 5.pdf,Course module viewed
SYN2023_009,2023-11-30 16:01:49,Assignment,Assignment: 2,Submission status viewed
SYN2023_009,2023-12-01 18:21:45,Quiz,Quiz: 2,Quiz attempt viewed
SYN2023_009,2023-12-02 19:10:44,Forum,Course forum,Discussion viewed
SYN2023_009,2023-12-03 20:12:54,Quiz,Quiz: 3,Quiz attempt viewed
SYN2023_009,2023-12-04 16:01:04,File,Learning material 6.pdf,Course module viewed
SYN2023_009,2023-12-04 17:34:04,File,Learning material 1.pdf,Course module viewed
SYN2023_009,2023-12-04 18:14:44,Assignment,Assignment: 2,Assignment submitted
SYN2023_009,2023-12-04 21:43:58,File,Learning material 4.pdf,Course module viewed
SYN2023_009,2023-12-05 14:22:44,Quiz,Quiz: 3,Quiz attempt viewed
SYN2023_009,2023-12-05 14:33:56,File,Learning material 1.pdf,Course module viewed
SYN2023_009,2023-12-05 17:19:44,File,Learning material 8.pdf,Course module viewed
SYN2023_009,2023-12-06 15:34:06,Assignment,Assignment: 1,Submission status viewed
SYN2023_009,2023-12-06 16:50:04,Assignment,Assignment: 1,Submission status viewed
SYN2023_009,2023-12-06 17:48:38,Assignment,Assignment: 1,Submission status viewed
SYN2023_009,2023-12-06 20:47:57,File,Learning material 3.pdf,Course module viewed
SYN2023_009,2023-12-07 13:12:49,File,Learning material 8.pdf,Course module viewed
SYN2023_009,2023-12-07 16:02:30,Assignment,Assignment: 3,Submission status viewed
SYN2023_009,2023-12-07 17:15:41,File,Learning material 6.pdf,Course module viewed
SYN2023_009,2023-12-07 20:14:32,Assignment,Assignment: 1,Submission status viewed
SYN2023_009,2023-12-07 23:54:25,Assignment,Assignment: 2,Submission status viewed
SYN2023_009,2023-12-08 13:52:39,File,Learning material 5.pdf,Course module viewed
SYN2023_009,2023-12-08 14:49:58,Quiz,Quiz: 1,Quiz attempt viewed
SYN2023_009,2023-12-09 10:16:35,File,Learning material 2.pdf,Course module viewed
SYN2023_009,2023-12-09 13:21:28,File,Learning material 2.pdf,Course module viewed
SYN2023_009,2023-12-09 16:14:27,Forum,Course forum,Discussion viewed
SYN2023_009,2023-12-09 19:58:06,Quiz,Quiz: 3,Quiz attempt viewed
SYN2023_009,2023-12-10 13:24:44,File,Learning material 2.pdf,Course module viewed
SYN2023_009,2023-12-10 17:13:01,File,Learning material 2.pdf,Course module viewed
SYN2023_009,2023-12-10 17:51:44,File,Learning material 8.pdf,Course module viewed
SYN2023_009,2023-12-10 18:02:53,File,Learning material 3.pdf,Course module viewed
SYN2023_009,2023-12-10 18:31:12,File,Learning material 1.pdf,Course module viewed
SYN2023_009,2023-12-11 13:27:26,Forum,Course forum,Discussion viewed
SYN2023_009,2023-12-11 19:23:38,File,Learning material 8.pdf,Course module viewed
SYN2023_009,2023-12-12 16:50:39,Quiz,Quiz: 1,Quiz attempt viewed
SYN2023_009,2023-12-12 17:01:14,File,Learning material 6.pdf,Course module viewed
SYN2023_009,2023-12-12 19:21:41,File,Learning material 5.pdf,Course module viewed
SYN2023_009,2023-12-12 19:37:47,Quiz,Quiz: 2,Quiz attempt viewed
SYN2023_010,2023-10-26 14:16:01,Quiz,Quiz: 3,Quiz attempt viewed
SYN2023_010,2023-10-29 14:21:50,File,Learning material 4.pdf,Course module viewed
SYN2023_010,2023-11-06 16:59:31,Assignment,Assignment: 3,Submission status viewed
SYN2023_010,2023-11-08 19:42:52,File,Learning material 2.pdf,Course module viewed
SYN2023_010,2023-11-08 21:09:32,File,Learning material 1.pdf,Course module viewed
SYN2023_010,2023-11-10 15:18:26,File,Learning material 8.pdf,Course module viewed
SYN2023_010,2023-11-10 16:30:03,Assignment,Assignment: 3,Assignment submitted
SYN2023_010,2023-11-14 17:51:54,File,Learning material 2.pdf,Course module viewed
SYN2023_010,2023-11-16 14:12:57,Assignment,Assignment: 1,Submission status viewed
SYN2023_010,2023-11-18 16:41:39,Assignment,Assignment: 2,Submission status viewed
SYN2023_010,2023-11-21 15:25:05,Assignment,Assignment: 3,Submission status viewed
SYN2023_010,2023-11-21 23:59:47,Assignment,Assignment: 2,Assignment submitted
SYN2023_010,2023-11-26 17:44:24,Assignment,Assignment: 1,Submission status viewed
SYN2023_010,2023-11-30 16:50:34,Assignment,Assignment: 1,Assignment submitted
SYN2023_010,2023-12-08 14:31:43,File,Learning material 1.pdf,Course module viewed
SYN2023_010,2023-12-08 15:36:28,Quiz,Quiz: 3,Quiz attempt viewed
SYN2023_010,2023-12-08 16:29:59,File,Learning material 2.pdf,Course module viewed
SYN2023_010,2023-12-08 17:47:51,File,Learning material 5.pdf,Course module viewed
SYN2023_010,2023-12-08 18:04:25,File,Learning material 1.pdf,Course module viewed
SYN2023_010,2023-12-08 18:16:40,File,Learning material 5.pdf,Course module viewed
SYN2023_010,2023-12-08 20:26:04,File,Learning material 7.pdf,Course module viewed
SYN2023_010,2023-12-08 23:37:22,File,Learning material 8.pdf,Course module viewed
SYN2023_010,2023-12-09 07:42:15,Assignment,Assignment: 1,Submission status viewed
SYN2023_010,2023-12-09 11:13:22,File,Learning material 3.pdf,Course module viewed
SYN2023_010,2023-12-09 16:35:31,Quiz,Quiz: 1,Quiz attempt viewed
SYN2023_010,2023-12-09 20:53:53,File,Learning material 5.pdf,Course module viewed
SYN2023_010,2023-12-09 22:10:44,Quiz,Quiz: 3,Quiz attempt viewed
SYN2023_010,2023-12-10 07:51:55,File,Learning material 8.pdf,Course module viewed
SYN2023_010,2023-12-10 14:20:27,Forum,Course forum,Discussion viewed
SYN2023_010,2023-12-10 15:06:56,Quiz,Quiz: 2,Quiz attempt viewed
SYN2023_010,2023-12-10 17:05:07,File,Learning material 3.pdf,Course module viewed
SYN2023_010,2023-12-10 18:28:45,File,Learning material 8.pdf,Course module viewed
SYN2023_010,2023-12-10 20:35:43,Assignment,Assignment: 1,Submission status viewed
SYN2023_010,2023-12-10 21:26:43,Assignment,Assignment: 3,Submission status viewed
SYN2023_010,2023-12-11 14:11:25,File,Learning material 2.pdf,Course module viewed
SYN2023_010,2023-12-11 15:47:05,Assignment,Assignment: 1,Submission status viewed
SYN2023_010,2023-12-11 17:57:10,Quiz,Quiz: 1,Quiz attempt viewed
SYN2023_010,2023-12-11 18:17:25,File,Learning material 1.pdf,Course module viewed
SYN2023_010,2023-12-11 19:43:37,File,Learning material 7.pdf,Course module viewed
SYN2023_010,2023-12-11 20:57:44,File,Learning material 1.pdf,Course module viewed
SYN2023_010,2023-12-11 21:39:13,Quiz,Quiz: 2,Quiz attempt viewed
SYN2023_010,2023-12-11 22:36:12,File,Learning material 6.pdf,Course module viewed
SYN2023_010,2023-12-12 13:12:55,File,Learning material 8.pdf,Course module viewed
SYN2023_010,2023-12-12 16:51:01,File,Learning material 7.pdf,Course module viewed
SYN2023_010,2023-12-12 17:30:23,File,Learning material 6.pdf,Course module viewed
SYN2023_011,2023-10-19 16:31:04,Quiz,Quiz: 2,Quiz attempt viewed
SYN2023_011,2023-10-19 18:05:00,Assignment,Assignment: 2,Submission status viewed
SYN2023_011,2023-10-19 19:04:22,Assignment,Assignment: 1,Submission status viewed
SYN2023_011,2023-10-24 20:55:50,File,Learning material 5.pdf,Course module viewed
SYN2023_011,2023-10-25 18:45:48,Assignment,Assignment: 2,Submission status viewed
SYN2023_011,2023-10-26 19:02:09,File,Learning material 7.pdf,Course module viewed
SYN2023_011,2023-11-02 16:08:47,Quiz,Quiz: 1,Quiz attempt viewed
SYN2023_011,2023-11-06 23:27:32,Assignment,Assignment: 1,Submission status viewed
SYN2023_011,2023-11-07 11:49:22,Quiz,Quiz: 1,Quiz attempt viewed
SYN2023_011,2023-11-10 13:36:28,File,Learning material 8.pdf,Course module viewed
SYN2023_011,2023-11-10 17:49:40,File,Learning material 6.pdf,Course module viewed
SYN2023_011,2023-11-14 15:57:54,File,Learning material 6.pdf,Course module viewed
SYN2023_011,2023-11-14 16:31:41,File,Learning material 1.pdf,Course module viewed
SYN2023_011,2023-11-14 18:54:25,Forum,Course forum,Discussion viewed
SYN2023_011,2023-11-16 21:19:02,Assignment,Assignment: 1,Submission status viewed
SYN2023_011,2023-11-19 18:03:49,Assignment,Assignment: 1,Assignment submitted
SYN2023_011,2023-11-22 17:16:14,Assignment,Assignment: 3,Submission status viewed
SYN2023_011,2023-11-24 18:18:28,Assignment,Assignment: 3,Assignment submitted
SYN2023_011,2023-11-25 22:32:33,Forum,Course forum,Discussion viewed
SYN2023_011,2023-11-28 21:38:02,Quiz,Quiz: 3,Quiz attempt viewed
SYN2023_011,2023-11-29 22:46:35,Assignment,Assignment: 2,Submission status viewed
SYN2023_011,2023-12-01 19:30:23,Assignment,Assignment: 2,Assignment submitted
SYN2023_011,2023-12-03 15:38:19,File,Learning material 5.pdf,Course module viewed
SYN2023_011,2023-12-04 15:50:42,Assignment,Assignment: 1,Submission status viewed
SYN2023_011,2023-12-05 06:51:00,File,Learning material 2.pdf,Course module viewed
SYN2023_011,2023-12-05 12:09:41,File,Learning material 5.pdf,Course module viewed
SYN2023_011,2023-12-05 14:03:38,File,Learning material 1.pdf,Course module viewed
SYN2023_011,2023-12-05 15:03:49,Quiz,Quiz: 1,Quiz attempt viewed
SYN2023_011,2023-12-05 15:04:22,File,Learning material 1.pdf,Course module viewed
SYN2023_011,2023-12-05 17:23:31,File,Learning material 4.pdf,Course module viewed
SYN2023_011,2023-12-05 17:36:07,File,Learning material 8.pdf,Course module viewed
SYN2023_011,2023-12-05 18:03:12,File,Learning material 6.pdf,Course module viewed
SYN2023_011,2023-12-05 19:56:03,File,Learning material 3.pdf,Course module viewed
SYN2023_011,2023-12-05 21:33:26,Forum,Course forum,Discussion viewed
SYN2023_011,2023-12-05 23:29:02,File,Learning material 4.pdf,Course module viewed
SYN2023_011,2023-12-06 12:12:57,Quiz,Quiz: 1,Quiz attempt viewed
SYN2023_011,2023-12-06 12:27:00,Quiz,Quiz: 2,Quiz attempt viewed
SYN2023_011,2023-12-06 14:05:30,File,Learning material 6.pdf,Course module viewed
SYN2023_011,2023-12-06 14:30:24,Quiz,Quiz: 1,Quiz attempt viewed
SYN2023_011,2023-12-06 20:43:46,Assignment,Assignment: 1,Submission status viewed
SYN2023_011,2023-12-07 15:11:21,File,Learning material 3.pdf,Course module viewed
SYN2023_011,2023-12-07 16:27:19,File,Learning material 5.pdf,Course module viewed
SYN2023_011,2023-12-07 16:49:32,Quiz,Quiz: 3,Quiz attempt viewed
SYN2023_011,2023-12-07 17:43:07,File,Learning material 6.pdf,Course module viewed
SYN2023_011,2023-12-07 18:13:34,File,Learning material 5.pdf,Course module viewed
SYN2023_011,2023-12-07 18:39:37,Forum,Course forum,Discussion viewed
SYN2023_011,2023-12-08 12:22:09,Assignment,Assignment: 3,Submission status viewed
SYN2023_011,2023-12-08 14:01:31,Quiz,Quiz: 2,Quiz attempt viewed
SYN2023_011,2023-12-08 14:41:23,File,Learning material 7.pdf,Course module viewed
SYN2023_011,2023-12-08 15:17:37,Forum,Course forum,Discussion viewed
SYN2023_011,2023-12-08 16:15:06,File,Learning material 1.pdf,Course module viewed
SYN2023_011,2023-12-08 17:19:59,Assignment,Assignment: 2,Submission status viewed
SYN2023_011,2023-12-08 18:52:25,Forum,Course forum,Discussion viewed
SYN2023_011,2023-12-09 11:15:02,File,Learning material 4.pdf,Course module viewed
SYN2023_011,2023-12-09 18:22:12,Assignment,Assignment: 3,Submission status viewed
SYN2023_011,2023-12-09 19:32:17,File,Learning material 7.pdf,Course module viewed
SYN2023_011,2023-12-09 20:45:24,Quiz,Quiz: 1,Quiz attempt viewed
SYN2023_011,2023-12-10 15:34:25,Assignment,Assignment: 3,Submission status viewed
SYN2023_011,2023-12-10 16:28:14,Assignment,Assignment: 3,Submission status viewed
SYN2023_011,2023-12-10 16:38:48,Forum,Course forum,Discussion viewed
SYN2023_011,2023-12-10 20:10:40,File,Learning material 5.pdf,Course module viewed
SYN2023_011,2023-12-10 22:18:47,File,Learning material 2.pdf,Course module viewed
SYN2023_011,2023-12-10 22:23:57,Assignment,Assignment: 1,Submission status viewed
SYN2023_011,2023-12-10 23:38:02,Assignment,Assignment: 1,Submission status viewed
SYN2023_011,2023-12-11 15:10:35,Quiz,Quiz: 3,Quiz attempt viewed
SYN2023_011,2023-12-11 17:42:46,Forum,Course forum,Discussion viewed
SYN2023_011,2023-12-11 18:28:39,File,Learning material 4.pdf,Course module viewed
SYN2023_011,2023-12-12 13:52:14,File,Learning material 5.pdf,Course module viewed
SYN2023_011,2023-12-12 19:02:09,File,Learning material 3.pdf,Course module viewed
SYN2023_012,2023-10-23 17:05:17,Quiz,Quiz: 2,Quiz attempt viewed
SYN2023_012,2023-10-28 16:01:17,Forum,Course forum,Discussion viewed
SYN2023_012,2023-10-29 14:03:59,File,Learning material 3.pdf,Course module viewed
SYN2023_012,2023-10-29 16:53:30,Quiz,Quiz: 1,Quiz attempt viewed
SYN2023_012,2023-10-31 18:58:37,Quiz,Quiz: 1,Quiz attempt viewed
SYN2023_012,2023-10-31 21:39:29,Quiz,Quiz: 2,Quiz attempt viewed
SYN2023_012,2023-11-02 13:03:21,File,Learning material 3.pdf,Course module viewed
SYN2023_012,2023-11-02 16:07:11,Assignment,Assignment: 3,Submission status viewed
SYN2023_012,2023-11-03 18:10:18,File,Learning material 6.pdf,Course module viewed
SYN2023_012,2023-11-05 19:09:27,File,Learning material 4.pdf,Course module viewed
SYN2023_012,2023-11-06 17:01:49,File,Learning material 3.pdf,Course module viewed
SYN2023_012,2023-11-08 15:32:26,Assignment,Assignment: 1,Submission status viewed
SYN2023_012,2023-11-08 18:34:20,File,Learning material 6.pdf,Course module viewed
SYN2023_012,2023-11-11 17:08:49,File,Learning material 7.pdf,Course module viewed
SYN2023_012,2023-11-12 16:22:59,Assignment,Assignment: 1,Assignment submitted
SYN2023_012,2023-11-13 17:39:06,File,Learning material 5.pdf,Course module viewed
SYN2023_012,2023-11-15 14:41:53,Assignment,Assignment: 2,Submission status viewed
SYN2023_012,2023-11-17 11:47:56,File,Learning material 4.pdf,Course module viewed
SYN2023_012,2023-11-19 21:13:36,Quiz,Quiz: 1,Quiz attempt viewed
SYN2023_012,2023-11-20 20:08:48,Quiz,Quiz: 3,Quiz attempt viewed
SYN2023_012,2023-11-21 13:44:08,Assignment,Assignment: 3,Submission status viewed
SYN2023_012,2023-11-21 17:27:24,Assignment,Assignment: 2,Assignment submitted
SYN2023_012,2023-11-22 13:23:21,Assignment,Assignment: 3,Submission status viewed
SYN2023_012,2023-11-22 13:55:09,Quiz,Quiz: 3,Quiz attempt viewed
SYN2023_012,2023-11-26 10:31:05,Assignment,Assignment: 3,Assignment submitted
SYN2023_012,2023-11-26 17:12:40,Quiz,Quiz: 3,Quiz attempt viewed
SYN2023_012,2023-11-26 17:54:36,Assignment,Assignment: 2,Submission status viewed
SYN2023_012,2023-11-29 16:33:34,File,Learning material 2.pdf,Course module viewed
SYN2023_012,2023-12-02 15:23:04,Forum,Course forum,Discussion viewed
SYN2023_012,2023-12-02 16:40:21,File,Learning material 1.pdf,Course module viewed
SYN2023_012,2023-12-02 18:01:58,Assignment,Assignment: 2,Submission status viewed
SYN2023_012,2023-12-02 18:58:21,File,Learning material 6.pdf,Course module viewed
SYN2023_012,2023-12-02 20:16:43,Assignment,Assignment: 2,Submission status viewed
SYN2023_012,2023-12-03 15:20:31,Assignment,Assignment: 1,Submission status viewed
SYN2023_012,2023-12-03 15:42:44,Assignment,Assignment: 2,Submission status viewed
SYN2023_012,2023-12-04 11:58:17,File,Learning material 7.pdf,Course module viewed
SYN2023_012,2023-12-04 17:43:54,File,Learning material 7.pdf,Course module viewed
SYN2023_012,2023-12-04 21:06:00,Quiz,Quiz: 1,Quiz attempt viewed
SYN2023_012,2023-12-04 21:46:51,File,Learning material 8.pdf,Course module viewed
SYN2023_012,2023-12-05 11:00:31,File,Learning material 2.pdf,Course module viewed
SYN2023_012,2023-12-05 12:40:58,Assignment,Assignment: 3,Submission status viewed
SYN2023_012,2023-12-05 13:49:50,Assignment,Assignment: 1,Submission status viewed
SYN2023_012,2023-12-05 16:25:44,File,Learning material 8.pdf,Course module viewed
SYN2023_012,2023-12-05 18:58:29,File,Learning material 7.pdf,Course module viewed
SYN2023_012,2023-12-06 15:50:31,Assignment,Assignment: 3,Submission status viewed
SYN2023_012,2023-12-06 16:41:32,Quiz,Quiz: 3,Quiz attempt viewed
SYN2023_012,2023-12-06 17:05:54,Quiz,Quiz: 3,Quiz attempt viewed
SYN2023_012,2023-12-06 19:43:19,File,Learning material 7.pdf,Course module viewed
SYN2023_012,2023-12-07 14:48:32,File,Learning material 3.pdf,Course module viewed
SYN2023_012,2023-12-07 20:35:36,Assignment,Assignment: 1,Submission status viewed
SYN2023_012,2023-12-08 11:34:52,File,Learning material 6.pdf,Course module viewed
SYN2023_012,2023-12-08 16:42:42,File,Learning material 5.pdf,Course module viewed
SYN2023_012,2023-12-08 19:12:36,File,Learning material 2.pdf,Course module viewed
SYN2023_012,2023-12-08 20:05:13,File,Learning material 2.pdf,Course module viewed
SYN2023_012,2023-12-09 11:58:24,Forum,Course forum,Discussion viewed
SYN2023_012,2023-12-09 15:55:57,Forum,Course forum,Discussion viewed
SYN2023_012,2023-12-09 17:35:14,File,Learning material 7.pdf,Course module viewed
SYN2023_012,2023-12-09 18:04:25,Assignment,Assignment: 3,Submission status viewed
SYN2023_012,2023-12-09 20:53:52,Assignment,Assignment: 3,Submission status viewed
SYN2023_012,2023-12-10 13:52:26,File,Learning material 4.pdf,Course module viewed
SYN2023_012,2023-12-10 15:30:28,Forum,Course forum,Discussion viewed
SYN2023_012,2023-12-10 17:25:28,File,Learning material 6.pdf,Course module viewed
SYN2023_012,2023-12-11 15:58:21,File,Learning material 1.pdf,Course module viewed
SYN2023_012,2023-12-12 17:01:51,File,Learning material 8.pdf,Course module viewed
SYN2023_013,2023-10-22 18:56:40,File,Learning material 4.pdf,Course module viewed
SYN2023_013,2023-10-24 15:23:46,Assignment,Assignment: 1,Submission status viewed
SYN2023_013,2023-10-26 15:28:50,File,Learning material 2.pdf,Course module viewed
SYN2023_013,2023-10-27 17:16:46,File,Learning material 5.pdf,Course module viewed
SYN2023_013,2023-10-27 19:09:38,File,Learning material 3.pdf,Course module viewed
SYN2023_013,2023-11-02 16:31:48,Quiz,Quiz: 3,Quiz attempt viewed
SYN2023_013,2023-11-03 12:03:52,Quiz,Quiz: 3,Quiz attempt viewed
SYN2023_013,2023-11-03 23:48:20,Assignment,Assignment: 1,Submission status viewed
SYN2023_013,2023-11-06 18:20:10,Assignment,Assignment: 2,Submission status viewed
SYN2023_013,2023-11-06 18:52:05,Quiz,Quiz: 3,Quiz attempt viewed
SYN2023_013,2023-11-07 14:30:54,Quiz,Quiz: 2,Quiz attempt viewed
SYN2023_013,2023-11-08 12:35:06,Assignment,Assignment: 1,Submission status viewed
SYN2023_013,2023-11-09 20:44:15,File,Learning material 2.pdf,Course module viewed
SYN2023_013,2023-11-10 18:05:28,Quiz,Quiz: 2,Quiz attempt viewed
SYN2023_013,2023-11-12 17:59:12,File,Learning material 5.pdf,Course module viewed
SYN2023_013,2023-11-12 18:28:54,Assignment,Assignment: 1,Assignment submitted
SYN2023_013,2023-11-12 20:55:11,File,Learning material 7.pdf,Course module viewed
SYN2023_013,2023-11-13 16:23:59,File,Learning material 6.pdf,Course module viewed
SYN2023_013,2023-11-13 19:33:26,Assignment,Assignment: 3,Submission status viewed
SYN2023_013,2023-11-13 22:38:59,File,Learning material 2.pdf,Course module viewed
SYN2023_013,2023-11-14 09:53:42,Assignment,Assignment: 3,Assignment submitted
SYN2023_013,2023-11-14 19:17:17,Quiz,Quiz: 1,Quiz attempt viewed
SYN2023_013,2023-11-16 14:49:42,Assignment,Assignment: 2,Submission status viewed
SYN2023_013,2023-11-17 10:33:20,Assignment,Assignment: 3,Submission status viewed
SYN2023_013,2023-11-19 22:04:15,Assignment,Assignment: 2,Assignment submitted
SYN2023_013,2023-11-24 16:20:10,Quiz,Quiz: 2,Quiz attempt viewed
SYN2023_013,2023-11-28 19:43:35,Assignment,Assignment: 1,Submission status viewed
SYN2023_013,2023-11-30 14:57:31,File,Learning material 5.pdf,Course module viewed
SYN2023_013,2023-12-01 21:14:57,File,Learning material 2.pdf,Course module viewed
SYN2023_013,2023-12-08 16:26:26,File,Learning material 6.pdf,Course module viewed
SYN2023_013,2023-12-09 12:23:55,File,Learning material 1.pdf,Course module viewed
SYN2023_013,2023-12-09 15:28:06,File,Learning material 4.pdf,Course module viewed
SYN2023_013,2023-12-09 16:42:24,File,Learning material 4.pdf,Course module viewed
SYN2023_013,2023-12-09 17:08:17,File,Learning material 6.pdf,Course module viewed
SYN2023_013,2023-12-09 17:15:43,Assignment,Assignment: 1,Submission status viewed
SYN2023_013,2023-12-09 17:31:52,Quiz,Quiz: 1,Quiz attempt viewed
SYN2023_013,2023-12-09 17:36:38,Assignment,Assignment: 2,Submission status viewed
SYN2023_013,2023-12-09 17:56:10,File,Learning material 4.pdf,Course module viewed
SYN2023_013,2023-12-09 17:59:53,Quiz,Quiz: 2,Quiz attempt viewed
SYN2023_013,2023-12-09 18:29:26,Assignment,Assignment: 1,Submission status viewed
SYN2023_013,2023-12-09 19:29:18,Quiz,Quiz: 2,Quiz attempt viewed
SYN2023_013,2023-12-09 19:34:06,Quiz,Quiz: 1,Quiz attempt viewed
SYN2023_013,2023-12-09 22:16:51,File,Learning material 7.pdf,Course module viewed
SYN2023_013,2023-12-10 14:14:41,Assignment,Assignment: 3,Submission status viewed
SYN2023_013,2023-12-10 16:18:08,File,Learning material 1.pdf,Course module viewed
SYN2023_013,2023-12-10 17:28:48,File,Learning material 1.pdf,Course module viewed
SYN2023_013,2023-12-10 17:33:09,File,Learning material 1.pdf,Course module viewed
SYN2023_013,2023-12-10 17:40:13,File,Learning material 5.pdf,Course module viewed
SYN2023_013,2023-12-10 18:02:01,File,Learning material 2.pdf,Course module viewed
SYN2023_013,2023-12-10 19:41:22,File,Learning material 5.pdf,Course module viewed
SYN2023_013,2023-12-10 21:22:42,File,Learning material 1.pdf,Course module viewed
SYN2023_013,2023-12-10 21:33:01,Quiz,Quiz: 2,Quiz attempt viewed
SYN2023_013,2023-12-11 12:50:23,File,Learning material 6.pdf,Course module viewed
SYN2023_013,2023-12-11 14:31:27,Quiz,Quiz: 3,Quiz attempt viewed
SYN2023_013,2023-12-11 15:48:18,File,Learning material 8.pdf,Course module viewed
SYN2023_013,2023-12-11 15:59:35,File,Learning material 4.pdf,Course module viewed
SYN2023_013,2023-12-11 18:46:42,File,Learning material 7.pdf,Course module viewed
SYN2023_013,2023-12-11 20:18:51,Forum,Course forum,Discussion viewed
SYN2023_013,2023-12-11 20:32:47,File,Learning material 2.pdf,Course module viewed
SYN2023_013,2023-12-11 21:27:34,File,Learning material 7.pdf,Course module viewed
SYN2023_013,2023-12-12 12:07:50,Assignment,Assignment: 1,Submission status viewed
SYN2023_013,2023-12-12 15:52:54,Quiz,Quiz: 3,Quiz attempt viewed
SYN2023_013,2023-12-12 16:08:06,Assignment,Assignment: 3,Submission status viewed
SYN2023_013,2023-12-12 18:08:26,File,Learning material 7.pdf,Course module viewed
SYN2023_013,2023-12-12 18:15:46,Quiz,Quiz: 1,Quiz attempt viewed
SYN2023_013,2023-12-12 19:57:56,File,Learning material 5.pdf,Course module viewed
SYN2023_013,2023-12-12 22:42:29,File,Learning material 5.pdf,Course module viewed
SYN2023_013,2023-12-12 23:12:10,File,Learning material 7.pdf,Course module viewed
SYN2023_014,2023-10-20 17:38:54,File,Learning material 8.pdf,Course module viewed
SYN2023_014,2023-10-22 14:13:08,Quiz,Quiz: 3,Quiz attempt viewed
SYN2023_014,2023-10-22 17:25:24,Quiz,Quiz: 3,Quiz attempt viewed
SYN2023_014,2023-10-24 21:22:19,File,Learning material 5.pdf,Course module viewed
SYN2023_014,2023-10-28 19:37:26,Forum,Course forum,Discussion viewed
SYN2023_014,2023-11-10 13:57:21,File,Learning material 6.pdf,Course module viewed
SYN2023_014,2023-11-12 15:38:09,File,Learning material 3.pdf,Course module viewed
SYN2023_014,2023-11-13 16:53:51,Assignment,Assignment: 1,Submission status viewed
SYN2023_014,2023-11-14 15:31:55,Quiz,Quiz: 1,Quiz attempt viewed
SYN2023_014,2023-11-15 09:32:08,File,Learning material 8.pdf,Course module viewed
SYN2023_014,2023-11-17 16:32:48,File,Learning material 5.pdf,Course module viewed
SYN2023_014,2023-11-18 15:21:26,Assignment,Assignment: 3,Submission status viewed
SYN2023_014,2023-11-18 17:22:04,Assignment,Assignment: 1,Submission status viewed
SYN2023_014,2023-11-20 18:20:40,File,Learning material 3.pdf,Course module viewed
SYN2023_014,2023-11-21 18:52:39,Assignment,Assignment: 2,Submission status viewed
SYN2023_014,2023-11-22 08:11:29,File,Learning material 5.pdf,Course module viewed
SYN2023_014,2023-11-22 13:46:32,Assignment,Assignment: 2,Submission status viewed
SYN2023_014,2023-11-25 11:14:13,File,Learning material 1.pdf,Course module viewed
SYN2023_014,2023-11-25 16:58:25,Assignment,Assignment: 2,Assignment submitted
SYN2023_014,2023-11-25 20:56:13,Assignment,Assignment: 1,Assignment submitted
SYN2023_014,2023-11-26 13:06:41,File,Learning material 6.pdf,Course module viewed
SYN2023_014,2023-11-28 16:55:53,File,Learning material 8.pdf,Course module viewed
SYN2023_014,2023-11-30 11:30:11,Assignment,Assignment: 3,Submission status viewed
SYN2023_014,2023-12-02 12:25:34,File,Learning material 8.pdf,Course module viewed
SYN2023_014,2023-12-02 13:31:07,File,Learning material 4.pdf,Course module viewed
SYN2023_014,2023-12-02 13:31:49,File,Learning material 2.pdf,Course module viewed
SYN2023_014,2023-12-02 15:25:49,File,Learning material 1.pdf,Course module viewed
SYN2023_014,2023-12-03 11:11:01,Assignment,Assignment: 3,Submission status viewed
SYN2023_014,2023-12-04 15:39:53,File,Learning material 7.pdf,Course module viewed
SYN2023_014,2023-12-04 16:45:45,File,Learning material 6.pdf,Course module viewed
SYN2023_014,2023-12-04 16:57:22,File,Learning material 6.pdf,Course module viewed
SYN2023_014,2023-12-04 17:44:34,Forum,Course forum,Discussion viewed
SYN2023_014,2023-12-05 12:57:46,Quiz,Quiz: 2,Quiz attempt viewed
SYN2023_014,2023-12-05 15:58:38,File,Learning material 3.pdf,Course module viewed
SYN2023_014,2023-12-05 16:43:11,Assignment,Assignment: 3,Submission status viewed
SYN2023_014,2023-12-05 22:48:56,Forum,Course forum,Discussion viewed
SYN2023_014,2023-12-06 16:23:42,File,Learning material 2.pdf,Course module viewed
SYN2023_014,2023-12-06 18:31:41,Assignment,Assignment: 3,Assignment submitted
SYN2023_014,2023-12-07 11:09:12,File,Learning material 5.pdf,Course module viewed
SYN2023_014,2023-12-07 13:40:44,File,Learning material 8.pdf,Course module viewed
SYN2023_014,2023-12-07 15:00:46,File,Learning material 5.pdf,Course module viewed
SYN2023_014,2023-12-07 22:33:17,Assignment,Assignment: 2,Submission status viewed
SYN2023_014,2023-12-08 08:38:12,File,Learning material 8.pdf,Course module viewed
SYN2023_014,2023-12-08 13:23:00,File,Learning material 7.pdf,Course module viewed
SYN2023_014,2023-12-09 14:10:20,File,Learning material 8.pdf,Course module viewed
SYN2023_014,2023-12-09 16:35:00,File,Learning material 8.pdf,Course module viewed
SYN2023_014,2023-12-09 19:52:52,File,Learning material 6.pdf,Course module viewed
SYN2023_014,2023-12-09 20:08:47,Quiz,Quiz: 2,Quiz attempt viewed
SYN2023_014,2023-12-10 11:10:02,File,Learning material 7.pdf,Course module viewed
SYN2023_014,2023-12-10 11:21:56,File,Learning material 5.pdf,Course module viewed
SYN2023_014,2023-12-10 11:49:46,Assignment,Assignment: 2,Submission status viewed
SYN2023_014,2023-12-10 12:03:09,File,Learning material 2.pdf,Course module viewed
SYN2023_014,2023-12-11 19:53:44,Assignment,Assignment: 1,Submission status viewed
SYN2023_014,2023-12-12 18:15:00,Assignment,Assignment: 3,Submission status viewed
SYN2023_015,2023-10-19 12:06:02,Forum,Course forum,Discussion viewed
SYN2023_015,2023-10-21 12:56:40,Quiz,Quiz: 1,Quiz attempt viewed
SYN2023_015,2023-10-26 15:06:19,Quiz,Quiz: 3,Quiz attempt viewed
SYN2023_015,2023-10-27 13:56:39,Quiz,Quiz: 1,Quiz attempt viewed
SYN2023_015,2023-10-27 18:48:44,Assignment,Assignment: 1,Submission status viewed
SYN2023_015,2023-10-29 21:54:34,File,Learning material 7.pdf,Course module viewed
SYN2023_015,2023-10-30 17:21:40,Assignment,Assignment: 3,Submission status viewed
SYN2023_015,2023-10-30 19:33:24,Quiz,Quiz: 1,Quiz attempt viewed
SYN2023_015,2023-11-02 15:25:05,File,Learning material 4.pdf,Course module viewed
SYN2023_015,2023-11-08 16:07:53,Quiz,Quiz: 1,Quiz attempt viewed
SYN2023_015,2023-11-08 16:19:55,File,Learning material 2.pdf,Course module viewed
SYN2023_015,2023-11-13 14:28:47,Forum,Course forum,Discussion viewed
SYN2023_015,2023-11-13 18:02:57,Quiz,Quiz: 1,Quiz attempt viewed
SYN2023_015,2023-11-15 18:15:32,File,Learning material 3.pdf,Course module viewed
SYN2023_015,2023-11-15 21:51:00,Quiz,Quiz: 1,Quiz attempt viewed
SYN2023_015,2023-11-17 10:54:11,Quiz,Quiz: 2,Quiz attempt viewed
SYN2023_015,2023-11-17 15:55:43,File,Learning material 2.pdf,Course module viewed
SYN2023_015,2023-11-18 11:51:58,File,Learning material 3.pdf,Course module viewed
SYN2023_015,2023-11-18 14:39:40,Assignment,Assignment: 1,Submission status viewed
SYN2023_015,2023-11-19 17:39:11,File,Learning material 1.pdf,Course module viewed
SYN2023_015,2023-11-22 15:58:47,Assignment,Assignment: 1,Assignment submitted
SYN2023_015,2023-11-26 18:45:35,Assignment,Assignment: 2,Submission status viewed
SYN2023_015,2023-11-26 18:58:21,Quiz,Quiz: 3,Quiz attempt viewed
SYN2023_015,2023-11-30 20:32:47,Assignment,Assignment: 2,Assignment submitted
SYN2023_015,2023-12-01 17:58:02,Assignment,Assignment: 3,Submission status viewed
SYN2023_015,2023-12-02 18:37:23,File,Learning material 7.pdf,Course module viewed
SYN2023_015,2023-12-05 16:54:09,Assignment,Assignment: 3,Assignment submitted
SYN2023_015,2023-12-05 20:26:15,File,Learning material 1.pdf,Course module viewed
SYN2023_015,2023-12-06 11:25:10,Quiz,Quiz: 2,Quiz attempt viewed
SYN2023_015,2023-12-06 16:54:43,File,Learning material 6.pdf,Course module viewed
SYN2023_015,2023-12-07 14:32:05,Assignment,Assignment: 2,Submission status viewed
SYN2023_015,2023-12-07 14:43:32,Forum,Course forum,Discussion viewed
SYN2023_015,2023-12-07 17:55:16,File,Learning material 7.pdf,Course module viewed
SYN2023_015,2023-12-07 18:41:13,File,Learning material 8.pdf,Course module viewed
SYN2023_015,2023-12-07 19:15:43,File,Learning material 8.pdf,Course module viewed
SYN2023_015,2023-12-07 19:27:54,File,Learning material 8.pdf,Course module viewed
SYN2023_015,2023-12-08 15:15:57,File,Learning material 5.pdf,Course module viewed
SYN2023_015,2023-12-08 16:41:33,File,Learning material 2.pdf,Course module viewed
SYN2023_015,2023-12-08 20:50:38,File,Learning material 6.pdf,Course module viewed
SYN2023_015,2023-12-09 11:27:52,Quiz,Quiz: 3,Quiz attempt viewed
SYN2023_015,2023-12-09 13:34:45,Forum,Course forum,Discussion viewed
SYN2023_015,2023-12-09 14:34:58,File,Learning material 3.pdf,Course module viewed
SYN2023_015,2023-12-09 15:37:24,File,Learning material 1.pdf,Course module viewed
SYN2023_015,2023-12-10 12:27:24,File,Learning material 3.pdf,Course module viewed
SYN2023_015,2023-12-10 15:48:50,Quiz,Quiz: 3,Quiz attempt viewed
SYN2023_015,2023-12-10 17:05:48,File,Learning material 3.pdf,Course module viewed
SYN2023_015,2023-12-10 19:44:08,File,Learning material 6.pdf,Course module viewed
SYN2023_015,2023-12-11 12:45:43,Quiz,Quiz: 2,Quiz attempt viewed
SYN2023_015,2023-12-12 14:17:27,File,Learning material 6.pdf,Course module viewed
SYN2023_015,2023-12-12 15:16:17,Assignment,Assignment: 3,Submission status viewed
SYN2023_015,2023-12-12 16:06:05,Assignment,Assignment: 2,Submission status viewed
SYN2023_016,2023-10-22 11:22:09,Forum,Course forum,Discussion viewed
SYN2023_016,2023-10-23 17:26:13,Quiz,Quiz: 2,Quiz attempt viewed
SYN2023_016,2023-10-25 15:42:47,File,Learning material 2.pdf,Course module viewed
SYN2023_016,2023-10-25 17:00:53,File,Learning material 8.pdf,Course module viewed
SYN2023_016,2023-10-27 19:38:49,Quiz,Quiz: 1,Quiz attempt viewed
SYN2023_016,2023-10-30 15:42:30,File,Learning material 8.pdf,Course module viewed
SYN2023_016,2023-10-30 16:59:14,File,Learning material 6.pdf,Course module viewed
SYN2023_016,2023-10-31 17:10:59,Assignment,Assignment: 1,Submission status viewed
SYN2023_016,2023-11-01 11:20:23,Assignment,Assignment: 3,Submission status viewed
SYN2023_016,2023-11-01 15:54:01,File,Learning material 3.pdf,Course module viewed
SYN2023_016,2023-11-02 14:14:04,File,Learning material 7.pdf,Course module viewed
SYN2023_016,2023-11-02 16:16:52,File,Learning material 8.pdf,Course module viewed
SYN2023_016,2023-11-03 17:59:52,File,Learning material 5.pdf,Course module viewed
SYN2023_016,2023-11-07 12:13:57,File,Learning material 7.pdf,Course module viewed
SYN2023_016,2023-11-08 14:55:12,File,Learning material 8.pdf,Course module viewed
SYN2023_016,2023-11-09 20:48:14,File,Learning material 3.pdf,Course module viewed
SYN2023_016,2023-11-15 14:59:30,File,Learning material 5.pdf,Course module viewed
SYN2023_016,2023-11-16 14:11:33,Quiz,Quiz: 2,Quiz attempt viewed
SYN2023_016,2023-11-16 15:17:01,Assignment,Assignment: 1,Submission status viewed
SYN2023_016,2023-11-18 17:59:49,File,Learning material 1.pdf,Course module viewed
SYN2023_016,2023-11-18 18:05:24,Assignment,Assignment: 3,Submission status viewed
SYN2023_016,2023-11-23 18:53:40,Quiz,Quiz: 3,Quiz attempt viewed
SYN2023_016,2023-11-25 16:40:39,Assignment,Assignment: 3,Assignment submitted
SYN2023_016,2023-11-26 16:30:49,Assignment,Assignment: 2,Submission status viewed
SYN2023_016,2023-11-27 11:39:41,Assignment,Assignment: 2,Submission status viewed
SYN2023_016,2023-11-28 10:18:58,Assignment,Assignment: 1,Submission status viewed
SYN2023_016,2023-11-29 16:56:27,Assignment,Assignment: 2,Assignment submitted
SYN2023_016,2023-11-30 20:49:20,Assignment,Assignment: 1,Submission status viewed
SYN2023_016,2023-12-02 12:55:38,File,Learning material 1.pdf,Course module viewed
SYN2023_016,2023-12-02 13:42:18,Assignment,Assignment: 2,Submission status viewed
SYN2023_016,2023-12-02 15:03:46,File,Learning material 3.pdf,Course module viewed
SYN2023_016,2023-12-02 17:28:42,Assignment,Assignment: 1,Assignment submitted
SYN2023_016,2023-12-03 19:25:48,File,Learning material 2.pdf,Course module viewed
SYN2023_016,2023-12-04 19:55:43,Assignment,Assignment: 2,Submission status viewed
SYN2023_016,2023-12-05 10:56:33,File,Learning material 5.pdf,Course module viewed
SYN2023_016,2023-12-05 19:39:47,File,Learning material 7.pdf,Course module viewed
SYN2023_016,2023-12-05 20:48:57,File,Learning material 1.pdf,Course module viewed
SYN2023_016,2023-12-05 22:33:00,File,Learning material 7.pdf,Course module viewed
SYN2023_016,2023-12-06 11:57:46,Assignment,Assignment: 3,Submission status viewed
SYN2023_016,2023-12-06 16:05:15,File,Learning material 7.pdf,Course module viewed
SYN2023_016,2023-12-07 14:36:29,File,Learning material 8.pdf,Course module viewed
SYN2023_016,2023-12-08 18:35:42,File,Learning material 8.pdf,Course module viewed
SYN2023_016,2023-12-09 10:35:22,Quiz,Quiz: 3,Quiz attempt viewed
SYN2023_016,2023-12-09 18:41:15,Assignment,Assignment: 3,Submission status viewed
SYN2023_016,2023-12-10 12:22:09,Quiz,Quiz: 2,Quiz attempt viewed
SYN2023_016,2023-12-10 17:42:47,Assignment,Assignment: 2,Submission status viewed
SYN2023_016,2023-12-11 13:56:02,File,Learning material 8.pdf,Course module viewed
SYN2023_016,2023-12-12 20:40:05,File,Learning material 2.pdf,Course module viewed
SYN2023_016,2023-12-12 23:52:18,File,Learning material 6.pdf,Course module viewed
SYN2023_017,2023-10-19 18:18:23,File,Learning material 2.pdf,Course module viewed
SYN2023_017,2023-10-24 06:47:25,File,Learning material 7.pdf,Course module viewed
SYN2023_017,2023-10-24 21:08:39,File,Learning material 2.pdf,Course module viewed
SYN2023_017,2023-10-26 12:59:30,File,Learning material 2.pdf,Course module viewed
SYN2023_017,2023-10-28 16:40:25,File,Learning material 8.pdf,Course module viewed
SYN2023_017,2023-10-29 21:43:15,File,Learning material 6.pdf,Course module viewed
SYN2023_017,2023-11-05 11:45:37,Forum,Course forum,Discussion viewed
SYN2023_017,2023-11-05 15:53:34,File,Learning material 7.pdf,Course module viewed
SYN2023_017,2023-11-06 18:09:09,File,Learning material 6.pdf,Course module viewed
SYN2023_017,2023-11-06 19:52:04,File,Learning material 1.pdf,Course module viewed
SYN2023_017,2023-11-10 12:58:17,Assignment,Assignment: 1,Submission status viewed
SYN2023_017,2023-11-10 18:46:37,Assignment,Assignment: 3,Submission status viewed
SYN2023_017,2023-11-12 11:13:46,File,Learning material 2.pdf,Course module viewed
SYN2023_017,2023-11-14 16:10:09,Assignment,Assignment: 2,Submission status viewed
SYN2023_017,2023-11-14 18:25:30,Quiz,Quiz: 3,Quiz attempt viewed
SYN2023_017,2023-11-15 15:41:53,File,Learning material 2.pdf,Course module viewed
SYN2023_017,2023-11-15 20:26:11,Assignment,Assignment: 3,Assignment submitted
SYN2023_017,2023-11-15 21:15:35,File,Learning material 8.pdf,Course module viewed
SYN2023_017,2023-11-17 11:54:46,Assignment,Assignment: 1,Assignment submitted
SYN2023_017,2023-11-17 17:05:16,Assignment,Assignment: 1,Submission status viewed
SYN2023_017,2023-11-23 17:32:03,File,Learning material 7.pdf,Course module viewed
SYN2023_017,2023-11-25 15:26:34,File,Learning material 6.pdf,Course module viewed
SYN2023_017,2023-11-25 17:33:15,Forum,Course forum,Discussion viewed
SYN2023_017,2023-11-27 16:01:06,File,Learning material 3.pdf,Course module viewed
SYN2023_017,2023-11-28 17:49:37,Quiz,Quiz: 3,Quiz attempt viewed
SYN2023_017,2023-12-02 17:27:42,Assignment,Assignment: 2,Submission status viewed
SYN2023_017,2023-12-04 14:33:19,File,Learning material 2.pdf,Course module viewed
SYN2023_017,2023-12-04 17:22:39,File,Learning material 1.pdf,Course module viewed
SYN2023_017,2023-12-04 19:41:00,File,Learning material 1.pdf,Course module viewed
SYN2023_017,2023-12-05 15:59:09,Quiz,Quiz: 3,Quiz attempt viewed
SYN2023_017,2023-12-05 17:25:09,Forum,Course forum,Discussion viewed
SYN2023_017,2023-12-06 13:31:52,File,Learning material 3.pdf,Course module viewed
SYN2023_017,2023-12-06 15:16:00,File,Learning material 4.pdf,Course module viewed
SYN2023_017,2023-12-06 17:04:04,Forum,Course forum,Discussion viewed
SYN2023_017,2023-12-06 22:20:28,Assignment,Assignment: 1,Submission status viewed
SYN2023_017,2023-12-07 15:58:16,Quiz,Quiz: 2,Quiz attempt viewed
SYN2023_017,2023-12-07 19:50:10,Assignment,Assignment: 2,Assignment submitted
SYN2023_017,2023-12-09 12:38:49,File,Learning material 1.pdf,Course module viewed
SYN2023_017,2023-12-09 14:30:31,File,Learning material 6.pdf,Course module viewed
SYN2023_017,2023-12-09 16:19:08,Assignment,Assignment: 3,Submission status viewed
SYN2023_017,2023-12-10 08:57:00,Assignment,Assignment: 2,Submission status viewed
SYN2023_017,2023-12-10 12:27:11,File,Learning material 6.pdf,Course module viewed
SYN2023_017,2023-12-10 17:31:13,Quiz,Quiz: 3,Quiz attempt viewed
SYN2023_017,2023-12-10 18:52:30,File,Learning material 4.pdf,Course module viewed
SYN2023_017,2023-12-12 12:17:04,Quiz,Quiz: 1,Quiz attempt viewed
SYN2023_017,2023-12-12 12:56:44,Assignment,Assignment: 1,Submission status viewed
SYN2023_017,2023-12-12 13:03:51,File,Learning material 8.pdf,Course module viewed
SYN2023_017,2023-12-12 14:17:49,Forum,Course forum,Discussion viewed
SYN2023_017,2023-12-12 20:46:51,File,Learning material 3.pdf,Course module viewed
SYN2023_018,2023-10-19 12:51:42,Quiz,Quiz: 2,Quiz attempt viewed
SYN2023_018,2023-10-20 13:05:34,Quiz,Quiz: 1,Quiz attempt viewed
SYN2023_018,2023-10-21 17:15:26,File,Learning material 3.pdf,Course module viewed
SYN2023_018,2023-10-22 17:45:34,File,Learning material 6.pdf,Course module viewed
SYN2023_018,2023-10-25 18:05:52,File,Learning material 7.pdf,Course module viewed
SYN2023_018,2023-10-25 18:28:47,Quiz,Quiz: 3,Quiz attempt viewed
SYN2023_018,2023-10-29 23:07:20,File,Learning material 2.pdf,Course module viewed
SYN2023_018,2023-10-30 15:18:52,File,Learning material 4.pdf,Course module viewed
SYN2023_018,2023-10-30 21:59:43,Quiz,Quiz: 1,Quiz attempt viewed
SYN2023_018,2023-11-01 21:22:28,File,Learning material 5.pdf,Course module viewed
SYN2023_018,2023-11-02 13:09:47,File,Learning material 3.pdf,Course module viewed
SYN2023_018,2023-11-03 11:48:45,Quiz,Quiz: 1,Quiz attempt viewed
SYN2023_018,2023-11-03 16:25:17,File,Learning material 6.pdf,Course module viewed
SYN2023_018,2023-11-08 13:20:06,Forum,Course forum,Discussion viewed
SYN2023_018,2023-11-10 12:48:40,Assignment,Assignment: 2,Submission status viewed
SYN2023_018,2023-11-10 17:56:41,Quiz,Quiz: 2,Quiz attempt viewed
SYN2023_018,2023-11-12 16:54:05,Assignment,Assignment: 3,Submission status viewed
SYN2023_018,2023-11-13 19:35:31,File,Learning material 1.pdf,Course module viewed
SYN2023_018,2023-11-15 20:10:40,Assignment,Assignment: 2,Assignment submitted
SYN2023_018,2023-11-16 21:56:30,Assignment,Assignment: 3,Assignment submitted
SYN2023_018,2023-11-21 15:46:04,Quiz,Quiz: 2,Quiz attempt viewed
SYN2023_018,2023-11-23 15:16:36,File,Learning material 6.pdf,Course module viewed
SYN2023_018,2023-11-26 17:30:21,File,Learning material 6.pdf,Course module viewed
SYN2023_018,2023-11-27 15:03:08,Assignment,Assignment: 1,Submission status viewed
SYN2023_018,2023-12-01 16:06:04,Quiz,Quiz: 3,Quiz attempt viewed
SYN2023_018,2023-12-02 16:14:43,Assignment,Assignment: 2,Submission status viewed
SYN2023_018,2023-12-03 14:03:53,Assignment,Assignment: 1,Assignment submitted
SYN2023_018,2023-12-03 17:46:34,File,Learning material 5.pdf,Course module viewed
SYN2023_018,2023-12-09 10:52:43,Quiz,Quiz: 3,Quiz attempt viewed
SYN2023_018,2023-12-09 13:09:43,Assignment,Assignment: 2,Submission status viewed
SYN2023_018,2023-12-09 13:26:35,Forum,Course forum,Discussion viewed
SYN2023_018,2023-12-09 13:59:18,Quiz,Quiz: 1,Quiz attempt viewed
SYN2023_018,2023-12-09 15:13:29,File,Learning material 2.pdf,Course module viewed
SYN2023_018,2023-12-09 15:49:51,Assignment,Assignment: 1,Submission status viewed
SYN2023_018,2023-12-09 16:50:40,Assignment,Assignment: 1,Submission status viewed
SYN2023_018,2023-12-09 17:30:17,File,Learning material 6.pdf,Course module viewed
SYN2023_018,2023-12-09 18:01:47,Forum,Course forum,Discussion viewed
SYN2023_018,2023-12-09 19:13:05,File,Learning material 2.pdf,Course module viewed
SYN2023_018,2023-12-09 20:16:37,File,Learning material 1.pdf,Course module viewed
SYN2023_018,2023-12-09 20:22:49,File,Learning material 4.pdf,Course module viewed
SYN2023_018,2023-12-09 21:21:32,File,Learning material 3.pdf,Course module viewed
SYN2023_018,2023-12-09 21:30:13,Assignment,Assignment: 2,Submission status viewed
SYN2023_018,2023-12-10 12:25:55,File,Learning material 7.pdf,Course module viewed
SYN2023_018,2023-12-10 14:35:54,File,Learning material 2.pdf,Course module viewed
SYN2023_018,2023-12-10 14:42:54,File,Learning material 1.pdf,Course module viewed
SYN2023_018,2023-12-10 16:05:35,Assignment,Assignment: 2,Submission status viewed
SYN2023_018,2023-12-10 17:32:46,File,Learning material 2.pdf,Course module viewed
SYN2023_018,2023-12-10 19:14:34,Forum,Course forum,Discussion viewed
SYN2023_018,2023-12-10 20:11:44,Assignment,Assignment: 2,Submission status viewed
SYN2023_018,2023-12-10 23:48:13,File,Learning material 8.pdf,Course module viewed
SYN2023_018,2023-12-11 08:43:29,Quiz,Quiz: 1,Quiz attempt viewed
SYN2023_018,2023-12-11 11:46:51,Forum,Course forum,Discussion viewed
SYN2023_018,2023-12-11 12:02:59,File,Learning material 1.pdf,Course module viewed
SYN2023_018,2023-12-11 13:38:44,File,Learning material 4.pdf,Course module viewed
SYN2023_018,2023-12-11 15:16:38,File,Learning material 6.pdf,Course module viewed
SYN2023_018,2023-12-11 15:53:14,Quiz,Quiz: 3,Quiz attempt viewed
SYN2023_018,2023-12-11 16:32:21,File,Learning material 1.pdf,Course module viewed
SYN2023_018,2023-12-11 17:03:42,File,Learning material 1.pdf,Course module viewed
SYN2023_018,2023-12-11 20:24:25,File,Learning material 6.pdf,Course module viewed
SYN2023_018,2023-12-12 10:12:29,File,Learning material 4.pdf,Course module viewed
SYN2023_018,2023-12-12 11:14:23,Quiz,Quiz: 3,Quiz attempt viewed
SYN2023_018,2023-12-12 11:17:52,Assignment,Assignment: 2,Submission status viewed
SYN2023_018,2023-12-12 12:53:42,File,Learning material 3.pdf,Course module viewed
SYN2023_018,2023-12-12 13:31:53,File,Learning material 6.pdf,Course module viewed
SYN2023_018,2023-12-12 15:58:31,Assignment,Assignment: 2,Submission status viewed
SYN2023_018,2023-12-12 17:35:23,File,Learning material 2.pdf,Course module viewed
SYN2023_018,2023-12-12 17:58:04,Forum,Course forum,Discussion viewed
SYN2023_018,2023-12-12 18:05:57,File,Learning material 3.pdf,Course module viewed
SYN2023_018,2023-12-12 18:23:56,Assignment,Assignment: 1,Submission status viewed
SYN2023_018,2023-12-12 19:58:19,Assignment,Assignment: 1,Submission status viewed
SYN2023_019,2023-10-20 15:20:21,File,Learning material 7.pdf,Course module viewed
SYN2023_019,2023-10-22 19:55:15,File,Learning material 4.pdf,Course module viewed
SYN2023_019,2023-10-22 21:00:28,File,Learning material 7.pdf,Course module viewed
SYN2023_019,2023-10-23 15:32:41,Quiz,Quiz: 3,Quiz attempt viewed
SYN2023_019,2023-11-01 22:29:38,File,Learning material 8.pdf,Course module viewed
SYN2023_019,2023-11-05 13:55:53,File,Learning material 1.pdf,Course module viewed
SYN2023_019,2023-11-09 16:02:12,File,Learning material 8.pdf,Course module viewed
SYN2023_019,2023-11-09 20:38:09,Assignment,Assignment: 3,Submission status viewed
SYN2023_019,2023-11-09 21:45:04,Quiz,Quiz: 3,Quiz attempt viewed
SYN2023_019,2023-11-12 18:58:56,Assignment,Assignment: 3,Assignment submitted
SYN2023_019,2023-11-15 18:45:44,Assignment,Assignment: 1,Submission status viewed
SYN2023_019,2023-11-16 15:08:37,File,Learning material 7.pdf,Course module viewed
SYN2023_019,2023-11-18 20:27:02,Assignment,Assignment: 2,Submission status viewed
SYN2023_019,2023-11-20 15:09:03,Assignment,Assignment: 1,Assignment submitted
SYN2023_019,2023-11-21 17:45:05,File,Learning material 1.pdf,Course module viewed
SYN2023_019,2023-11-22 18:28:48,Assignment,Assignment: 2,Submission status viewed
SYN2023_019,2023-11-25 14:25:13,Assignment,Assignment: 2,Assignment submitted
SYN2023_019,2023-11-27 16:12:22,Assignment,Assignment: 1,Submission status viewed
SYN2023_019,2023-12-02 12:19:22,File,Learning material 3.pdf,Course module viewed
SYN2023_019,2023-12-03 13:00:56,File,Learning material 8.pdf,Course module viewed
SYN2023_019,2023-12-04 12:12:58,File,Learning material 3.pdf,Course module viewed
SYN2023_019,2023-12-04 14:59:43,File,Learning material 4.pdf,Course module viewed
SYN2023_019,2023-12-06 19:49:14,File,Learning material 8.pdf,Course module viewed
SYN2023_019,2023-12-07 15:11:09,File,Learning material 1.pdf,Course module viewed
SYN2023_019,2023-12-07 18:18:14,Quiz,Quiz: 1,Quiz attempt viewed
SYN2023_019,2023-12-07 19:32:27,File,Learning material 8.pdf,Course module viewed
SYN2023_019,2023-12-07 20:44:17,Assignment,Assignment: 3,Submission status viewed
SYN2023_019,2023-12-08 11:04:35,Assignment,Assignment: 3,Submission status viewed
SYN2023_019,2023-12-08 11:07:01,Forum,Course forum,Discussion viewed
SYN2023_019,2023-12-08 11:43:38,File,Learning material 7.pdf,Course module viewed
SYN2023_019,2023-12-08 12:49:43,File,Learning material 8.pdf,Course module viewed
SYN2023_019,2023-12-08 13:02:52,Quiz,Quiz: 1,Quiz attempt viewed
SYN2023_019,2023-12-08 15:32:21,File,Learning material 4.pdf,Course module viewed
SYN2023_019,2023-12-08 16:00:28,Assignment,Assignment: 1,Submission status viewed
SYN2023_019,2023-12-08 16:03:20,Forum,Course forum,Discussion viewed
SYN2023_019,2023-12-08 16:32:32,Assignment,Assignment: 1,Submission status viewed
SYN2023_019,2023-12-08 16:52:16,File,Learning material 2.pdf,Course module viewed
SYN2023_019,2023-12-08 17:59:03,File,Learning material 5.pdf,Course module viewed
SYN2023_019,2023-12-08 18:35:41,File,Learning material 3.pdf,Course module viewed
SYN2023_019,2023-12-08 19:15:47,File,Learning material 8.pdf,Course module viewed
SYN2023_019,2023-12-08 21:18:44,File,Learning material 5.pdf,Course module viewed
SYN2023_019,2023-12-08 22:29:13,Forum,Course forum,Discussion viewed
SYN2023_019,2023-12-09 12:01:36,Assignment,Assignment: 3,Submission status viewed
SYN2023_019,2023-12-09 13:08:30,File,Learning material 1.pdf,Course module viewed
SYN2023_019,2023-12-09 13:23:22,Quiz,Quiz: 3,Quiz attempt viewed
SYN2023_019,2023-12-09 15:56:26,Quiz,Quiz: 1,Quiz attempt viewed
SYN2023_019,2023-12-09 17:36:08,File,Learning material 3.pdf,Course module viewed
SYN2023_019,2023-12-09 17:57:05,Forum,Course forum,Discussion viewed
SYN2023_019,2023-12-09 17:58:03,File,Learning material 1.pdf,Course module viewed
SYN2023_019,2023-12-09 18:07:39,Assignment,Assignment: 2,Submission status viewed
SYN2023_019,2023-12-09 19:24:42,Quiz,Quiz: 2,Quiz attempt viewed
SYN2023_019,2023-12-09 20:17:27,File,Learning material 3.pdf,Course module viewed
SYN2023_019,2023-12-10 12:13:14,Assignment,Assignment: 3,Submission status viewed
SYN2023_019,2023-12-10 14:34:10,File,Learning material 4.pdf,Course module viewed
SYN2023_019,2023-12-10 15:16:49,Quiz,Quiz: 3,Quiz attempt viewed
SYN2023_019,2023-12-10 15:49:51,File,Learning material 5.pdf,Course module viewed
SYN2023_019,2023-12-10 16:23:46,Assignment,Assignment: 3,Submission status viewed
SYN2023_019,2023-12-10 17:02:20,Quiz,Quiz: 3,Quiz attempt viewed
SYN2023_019,2023-12-10 18:21:43,File,Learning material 7.pdf,Course module viewed
SYN2023_019,2023-12-11 10:16:05,File,Learning material 2.pdf,Course module viewed
SYN2023_019,2023-12-11 11:49:02,Assignment,Assignment: 3,Submission status viewed
SYN2023_019,2023-12-11 15:10:38,File,Learning material 5.pdf,Course module viewed
SYN2023_019,2023-12-11 15:50:22,File,Learning material 1.pdf,Course module viewed
SYN2023_019,2023-12-11 15:57:53,Assignment,Assignment: 3,Submission status viewed
SYN2023_019,2023-12-11 16:11:18,File,Learning material 8.pdf,Course module viewed
SYN2023_019,2023-12-11 16:13:04,File,Learning material 3.pdf,Course module viewed
SYN2023_019,2023-12-11 16:46:27,Assignment,Assignment: 1,Submission status viewed
SYN2023_019,2023-12-11 17:48:28,File,Learning material 4.pdf,Course module viewed
SYN2023_019,2023-12-11 19:35:32,File,Learning material 1.pdf,Course module viewed
SYN2023_019,2023-12-12 11:52:03,Quiz,Quiz: 1,Quiz attempt viewed
SYN2023_019,2023-12-12 13:37:25,File,Learning material 1.pdf,Course module viewed
SYN2023_019,2023-12-12 15:46:27,Forum,Course forum,Discussion viewed
SYN2023_019,2023-12-12 17:03:47,Quiz,Quiz: 3,Quiz attempt viewed
SYN2023_019,2023-12-12 19:23:13,File,Learning material 6.pdf,Course module viewed
SYN2023_019,2023-12-12 19:46:42,Quiz,Quiz: 2,Quiz attempt viewed
SYN2023_019,2023-12-12 22:51:07,File,Learning material 8.pdf,Course module viewed
SYN2023_020,2023-10-19 15:14:59,Assignment,Assignment: 2,Submission status viewed
SYN2023_020,2023-10-22 20:28:13,Assignment,Assignment: 3,Submission status viewed
SYN2023_020,2023-10-24 11:18:27,File,Learning material 1.pdf,Course module viewed
SYN2023_020,2023-10-24 15:56:31,Quiz,Quiz: 1,Quiz attempt viewed
SYN2023_020,2023-10-26 14:02:01,Quiz,Quiz: 1,Quiz attempt viewed
SYN2023_020,2023-10-26 18:57:35,File,Learning material 8.pdf,Course module viewed
SYN2023_020,2023-10-29 21:24:30,Assignment,Assignment: 3,Submission status viewed
SYN2023_020,2023-10-30 17:21:58,Assignment,Assignment: 3,Submission status viewed
SYN2023_020,2023-11-01 15:31:58,File,Learning material 7.pdf,Course module viewed
SYN2023_020,2023-11-08 14:06:32,Forum,Course forum,Discussion viewed
SYN2023_020,2023-11-16 17:49:12,Assignment,Assignment: 2,Submission status viewed
SYN2023_020,2023-11-17 14:32:29,Assignment,Assignment: 1,Submission status viewed
SYN2023_020,2023-11-21 11:16:14,Assignment,Assignment: 2,Assignment submitted
SYN2023_020,2023-11-21 19:32:53,Assignment,Assignment: 2,Submission status viewed
SYN2023_020,2023-11-22 10:52:08,Assignment,Assignment: 1,Assignment submitted
SYN2023_020,2023-11-24 14:05:29,Quiz,Quiz: 1,Quiz attempt viewed
SYN2023_020,2023-11-26 16:17:48,Assignment,Assignment: 3,Submission status viewed
SYN2023_020,2023-11-26 18:27:05,Assignment,Assignment: 3,Submission status viewed
SYN2023_020,2023-11-28 17:32:18,File,Learning material 6.pdf,Course module viewed
SYN2023_020,2023-11-30 22:39:40,Assignment,Assignment: 3,Assignment submitted
SYN2023_020,2023-12-02 13:26:16,File,Learning material 5.pdf,Course module viewed
SYN2023_020,2023-12-02 17:06:25,File,Learning material 1.pdf,Course module viewed
SYN2023_020,2023-12-02 17:11:46,File,Learning material 5.pdf,Course module viewed
SYN2023_020,2023-12-02 20:57:43,File,Learning material 4.pdf,Course module viewed
SYN2023_020,2023-12-03 19:51:05,File,Learning material 8.pdf,Course module viewed
SYN2023_020,2023-12-03 21:02:03,Quiz,Quiz: 2,Quiz attempt viewed
SYN2023_020,2023-12-04 13:00:59,File,Learning material 5.pdf,Course module viewed
SYN2023_020,2023-12-04 18:23:00,File,Learning material 7.pdf,Course module viewed
SYN2023_020,2023-12-04 18:45:59,Quiz,Quiz: 1,Quiz attempt viewed
SYN2023_020,2023-12-04 20:16:49,Assignment,Assignment: 3,Submission status viewed
SYN2023_020,2023-12-05 13:51:24,File,Learning material 5.pdf,Course module viewed
SYN2023_020,2023-12-05 16:17:21,File,Learning material 7.pdf,Course module viewed
SYN2023_020,2023-12-05 17:35:20,File,Learning material 1.pdf,Course module viewed
SYN2023_020,2023-12-05 17:55:15,Quiz,Quiz: 3,Quiz attempt viewed
SYN2023_020,2023-12-05 19:18:29,File,Learning material 6.pdf,Course module viewed
SYN2023_020,2023-12-06 16:15:53,Quiz,Quiz: 2,Quiz attempt viewed
SYN2023_020,2023-12-07 15:29:00,Quiz,Quiz: 2,Quiz attempt viewed
SYN2023_020,2023-12-08 14:09:34,Assignment,Assignment: 3,Submission status viewed
SYN2023_020,2023-12-08 17:21:45,File,Learning material 2.pdf,Course module viewed
SYN2023_020,2023-12-08 19:03:42,File,Learning material 6.pdf,Course module viewed
SYN2023_020,2023-12-09 14:50:51,File,Learning material 2.pdf,Course module viewed
SYN2023_020,2023-12-09 16:44:13,Forum,Course forum,Discussion viewed
SYN2023_020,2023-12-11 13:40:22,Assignment,Assignment: 2,Submission status viewed
SYN2023_020,2023-12-11 17:26:14,File,Learning material 7.pdf,Course module viewed
SYN2023_020,2023-12-11 19:02:29,File,Learning material 3.pdf,Course module viewed
SYN2023_020,2023-12-12 15:30:05,File,Learning material 2.pdf,Course module viewed
SYN2023_020,2023-12-12 17:37:47,File,Learning material 1.pdf,Course module viewed
SYN2023_020,2023-12-12 18:20:48,File,Learning material 2.pdf,Course module viewed
SYN2023_020,2023-12-12 21:15:49,Forum,Course forum,Discussion viewed
SYN2023_021,2023-10-21 19:29:55,File,Learning material 7.pdf,Course module viewed
SYN2023_021,2023-10-26 14:56:01,File,Learning material 8.pdf,Course module viewed
SYN2023_021,2023-10-27 09:25:15,Quiz,Quiz: 3,Quiz attempt viewed
SYN2023_021,2023-10-28 16:00:11,File,Learning material 1.pdf,Course module viewed
SYN2023_021,2023-10-28 16:14:51,Assignment,Assignment: 3,Submission status viewed
SYN2023_021,2023-10-29 15:04:06,Quiz,Quiz: 2,Quiz attempt viewed
SYN2023_021,2023-11-01 20:35:05,File,Learning material 6.pdf,Course module viewed
SYN2023_021,2023-11-06 15:21:06,Assignment,Assignment: 3,Submission status viewed
SYN2023_021,2023-11-10 23:05:59,Assignment,Assignment: 3,Assignment submitted
SYN2023_021,2023-11-17 22:53:06,Assignment,Assignment: 1,Submission status viewed
SYN2023_021,2023-11-21 09:11:29,File,Learning material 8.pdf,Course module viewed
SYN2023_021,2023-11-21 16:57:03,Quiz,Quiz: 1,Quiz attempt viewed
SYN2023_021,2023-11-26 14:02:32,Assignment,Assignment: 1,Assignment submitted
SYN2023_021,2023-11-30 16:45:03,Assignment,Assignment: 2,Submission status viewed
SYN2023_021,2023-12-06 15:49:43,Assignment,Assignment: 2,Assignment submitted
SYN2023_021,2023-12-07 03:38:27,File,Learning material 8.pdf,Course module viewed
SYN2023_021,2023-12-07 10:30:01,Quiz,Quiz: 3,Quiz attempt viewed
SYN2023_021,2023-12-07 12:20:09,Quiz,Quiz: 2,Quiz attempt viewed
SYN2023_021,2023-12-07 13:10:42,File,Learning material 1.pdf,Course module viewed
SYN2023_021,2023-12-07 14:08:02,Forum,Course forum,Discussion viewed
SYN2023_021,2023-12-07 17:08:19,File,Learning material 7.pdf,Course module viewed
SYN2023_021,2023-12-08 10:24:46,File,Learning material 3.pdf,Course module viewed
SYN2023_021,2023-12-08 17:55:10,Assignment,Assignment: 2,Submission status viewed
SYN2023_021,2023-12-08 19:58:32,Forum,Course forum,Discussion viewed
SYN2023_021,2023-12-09 11:36:34,Assignment,Assignment: 3,Submission status viewed
SYN2023_021,2023-12-09 13:28:18,File,Learning material 4.pdf,Course module viewed
SYN2023_021,2023-12-11 10:34:44,Forum,Course forum,Discussion viewed
SYN2023_021,2023-12-11 13:44:27,File,Learning material 6.pdf,Course module viewed
SYN2023_021,2023-12-11 19:49:17,File,Learning material 3.pdf,Course module viewed
SYN2023_022,2023-10-24 13:23:09,Forum,Course forum,Discussion viewed
SYN2023_022,2023-10-24 19:07:20,File,Learning material 1.pdf,Course module viewed
SYN2023_022,2023-10-28 13:49:24,Quiz,Quiz: 2,Quiz attempt viewed
SYN2023_022,2023-10-29 14:34:40,Assignment,Assignment: 2,Submission status viewed
SYN2023_022,2023-10-31 14:44:21,File,Learning material 1.pdf,Course module viewed
SYN2023_022,2023-11-04 16:47:19,Quiz,Quiz: 3,Quiz attempt viewed
SYN2023_022,2023-11-04 19:11:18,Assignment,Assignment: 3,Submission status viewed
SYN2023_022,2023-11-05 13:07:31,Forum,Course forum,Discussion viewed
SYN2023_022,2023-11-05 18:52:10,Assignment,Assignment: 2,Submission status viewed
SYN2023_022,2023-11-09 11:25:43,File,Learning material 5.pdf,Course module viewed
SYN2023_022,2023-11-09 13:07:01,Forum,Course forum,Discussion viewed
SYN2023_022,2023-11-09 15:31:01,Assignment,Assignment: 2,Assignment submitted
SYN2023_022,2023-11-09 17:50:57,Forum,Course forum,Discussion viewed
SYN2023_022,2023-11-10 20:47:38,Assignment,Assignment: 3,Assignment submitted
SYN2023_022,2023-11-11 12:46:03,Assignment,Assignment: 2,Submission status viewed
SYN2023_022,2023-11-13 16:55:29,File,Learning material 2.pdf,Course module viewed
SYN2023_022,2023-11-19 10:01:08,Assignment,Assignment: 1,Submission status viewed
SYN2023_022,2023-11-22 05:11:05,File,Learning material 8.pdf,Course module viewed
SYN2023_022,2023-11-29 13:58:00,Assignment,Assignment: 2,Submission status viewed
SYN2023_022,2023-11-29 15:15:28,File,Learning material 1.pdf,Course module viewed
SYN2023_022,2023-11-29 20:07:16,Assignment,Assignment: 1,Assignment submitted
SYN2023_022,2023-11-29 20:18:16,File,Learning material 3.pdf,Course module viewed
SYN2023_022,2023-11-30 16:12:35,File,Learning material 8.pdf,Course module viewed
SYN2023_022,2023-12-01 11:55:25,File,Learning material 7.pdf,Course module viewed
SYN2023_022,2023-12-01 16:37:23,Quiz,Quiz: 3,Quiz attempt viewed
SYN2023_022,2023-12-02 15:50:24,Assignment,Assignment: 2,Submission status viewed
SYN2023_022,2023-12-02 16:53:29,File,Learning material 5.pdf,Course module viewed
SYN2023_022,2023-12-03 16:19:46,File,Learning material 2.pdf,Course module viewed
SYN2023_022,2023-12-04 10:09:08,File,Learning material 8.pdf,Course module viewed
SYN2023_022,2023-12-04 12:07:01,File,Learning material 6.pdf,Course module viewed
SYN2023_022,2023-12-06 11:27:41,File,Learning material 3.pdf,Course module viewed
SYN2023_022,2023-12-08 15:55:07,File,Learning material 5.pdf,Course module viewed
SYN2023_022,2023-12-08 16:18:05,File,Learning material 3.pdf,Course module viewed
SYN2023_022,2023-12-09 13:42:45,File,Learning material 5.pdf,Course module viewed
SYN2023_022,2023-12-11 15:10:56,File,Learning material 8.pdf,Course module viewed
SYN2023_022,2023-12-11 17:11:48,Forum,Course forum,Discussion viewed
SYN2023_022,2023-12-12 07:10:39,File,Learning material 6.pdf,Course module viewed
SYN2023_022,2023-12-12 15:10:17,File,Learning material 1.pdf,Course module viewed
SYN2023_023,2023-10-23 14:01:16,File,Learning material 8.pdf,Course module viewed
SYN2023_023,2023-10-26 16:16:03,File,Learning material 8.pdf,Course module viewed
SYN2023_023,2023-10-30 23:04:49,Assignment,Assignment: 1,Submission status viewed
SYN2023_023,2023-11-03 16:43:50,File,Learning material 7.pdf,Course module viewed
SYN2023_023,2023-11-05 16:18:14,Quiz,Quiz: 3,Quiz attempt viewed
SYN2023_023,2023-11-06 16:06:31,Assignment,Assignment: 1,Submission status viewed
SYN2023_023,2023-11-10 13:55:51,Quiz,Quiz: 3,Quiz attempt viewed
SYN2023_023,2023-11-10 17:41:45,Assignment,Assignment: 3,Submission status viewed
SYN2023_023,2023-11-12 16:43:21,Assignment,Assignment: 3,Submission status viewed
SYN2023_023,2023-11-14 15:08:55,Quiz,Quiz: 2,Quiz attempt viewed
SYN2023_023,2023-11-17 12:14:39,File,Learning material 1.pdf,Course module viewed
SYN2023_023,2023-11-17 18:44:52,Assignment,Assignment: 1,Submission status viewed
SYN2023_023,2023-11-18 17:13:14,Assignment,Assignment: 3,Assignment submitted
SYN2023_023,2023-11-18 22:59:44,Assignment,Assignment: 1,Assignment submitted
SYN2023_023,2023-11-19 20:42:28,Quiz,Quiz: 2,Quiz attempt viewed
SYN2023_023,2023-11-20 15:41:25,File,Learning material 2.pdf,Course module viewed
SYN2023_023,2023-11-21 18:25:48,Assignment,Assignment: 2,Submission status viewed
SYN2023_023,2023-11-21 21:10:34,File,Learning material 8.pdf,Course module viewed
SYN2023_023,2023-11-22 14:29:16,Assignment,Assignment: 2,Assignment submitted
SYN2023_023,2023-11-22 15:38:39,File,Learning material 3.pdf,Course module viewed
SYN2023_023,2023-11-25 15:20:26,File,Learning material 4.pdf,Course module viewed
SYN2023_023,2023-11-25 19:44:30,Assignment,Assignment: 1,Submission status viewed
SYN2023_023,2023-11-26 21:12:20,Assignment,Assignment: 3,Submission status viewed
SYN2023_023,2023-11-28 11:13:40,File,Learning material 6.pdf,Course module viewed
SYN2023_023,2023-11-30 15:59:41,File,Learning material 2.pdf,Course module viewed
SYN2023_023,2023-11-30 18:06:20,Assignment,Assignment: 1,Submission status viewed
SYN2023_023,2023-12-02 16:14:42,File,Learning material 7.pdf,Course module viewed
SYN2023_023,2023-12-03 15:14:47,File,Learning material 5.pdf,Course module viewed
SYN2023_023,2023-12-04 19:23:36,Quiz,Quiz: 2,Quiz attempt viewed
SYN2023_023,2023-12-04 19:28:18,File,Learning material 6.pdf,Course module viewed
SYN2023_023,2023-12-06 15:36:19,File,Learning material 6.pdf,Course module viewed
SYN2023_023,2023-12-07 17:15:56,File,Learning material 6.pdf,Course module viewed
SYN2023_023,2023-12-08 16:03:31,File,Learning material 1.pdf,Course module viewed
SYN2023_023,2023-12-09 16:30:16,Forum,Course forum,Discussion viewed
SYN2023_023,2023-12-10 10:17:01,Assignment,Assignment: 2,Submission status viewed
SYN2023_023,2023-12-10 12:50:33,File,Learning material 3.pdf,Course module viewed
SYN2023_023,2023-12-10 13:20:31,Assignment,Assignment: 1,Submission status viewed
SYN2023_023,2023-12-10 15:04:34,Quiz,Quiz: 2,Quiz attempt viewed
SYN2023_023,2023-12-10 15:59:28,File,Learning material 4.pdf,Course module viewed
SYN2023_023,2023-12-10 16:12:43,File,Learning material 1.pdf,Course module viewed
SYN2023_023,2023-12-10 16:15:06,Forum,Course forum,Discussion viewed
SYN2023_023,2023-12-10 16:47:46,File,Learning material 3.pdf,Course module viewed
SYN2023_023,2023-12-10 16:48:06,File,Learning material 4.pdf,Course module viewed
SYN2023_023,2023-12-10 17:02:59,Quiz,Quiz: 1,Quiz attempt viewed
SYN2023_023,2023-12-10 17:10:50,File,Learning material 5.pdf,Course module viewed
SYN2023_023,2023-12-10 17:37:55,Quiz,Quiz: 2,Quiz attempt viewed
SYN2023_023,2023-12-10 17:41:19,File,Learning material 4.pdf,Course module viewed
SYN2023_023,2023-12-10 17:57:04,File,Learning material 5.pdf,Course module viewed
SYN2023_023,2023-12-10 18:43:41,File,Learning material 2.pdf,Course module viewed
SYN2023_023,2023-12-10 18:47:50,Quiz,Quiz: 3,Quiz attempt viewed
SYN2023_023,2023-12-10 18:52:21,Assignment,Assignment: 1,Submission status viewed
SYN2023_023,2023-12-11 12:07:43,Assignment,Assignment: 1,Submission status viewed
SYN2023_023,2023-12-11 14:41:52,File,Learning material 2.pdf,Course module viewed
SYN2023_023,2023-12-11 14:52:31,Assignment,Assignment: 1,Submission status viewed
SYN2023_023,2023-12-11 14:57:47,File,Learning material 5.pdf,Course module viewed
SYN2023_023,2023-12-11 15:28:35,Forum,Course forum,Discussion viewed
SYN2023_023,2023-12-11 15:32:50,Assignment,Assignment: 2,Submission status viewed
SYN2023_023,2023-12-11 15:52:05,File,Learning material 8.pdf,Course module viewed
SYN2023_023,2023-12-11 16:58:42,File,Learning material 6.pdf,Course module viewed
SYN2023_023,2023-12-11 18:24:42,File,Learning material 5.pdf,Course module viewed
SYN2023_023,2023-12-11 18:53:11,File,Learning material 2.pdf,Course module viewed
SYN2023_023,2023-12-11 19:28:02,Quiz,Quiz: 2,Quiz attempt viewed
SYN2023_023,2023-12-11 19:36:42,File,Learning material 5.pdf,Course module viewed
SYN2023_023,2023-12-11 19:37:58,Assignment,Assignment: 3,Submission status viewed
SYN2023_023,2023-12-11 20:35:00,File,Learning material 4.pdf,Course module viewed
SYN2023_023,2023-12-11 21:13:59,File,Learning material 1.pdf,Course module viewed
SYN2023_023,2023-12-11 23:25:08,File,Learning material 3.pdf,Course module viewed
SYN2023_023,2023-12-11 23:48:52,Assignment,Assignment: 2,Submission status viewed
SYN2023_023,2023-12-11 23:54:17,File,Learning material 7.pdf,Course module viewed
SYN2023_023,2023-12-12 09:50:42,File,Learning material 2.pdf,Course module viewed
SYN2023_023,2023-12-12 10:33:02,File,Learning material 5.pdf,Course module viewed
SYN2023_023,2023-12-12 14:07:10,File,Learning material 8.pdf,Course module viewed
SYN2023_023,2023-12-12 15:19:19,Forum,Course forum,Discussion viewed
SYN2023_023,2023-12-12 15:21:29,File,Learning material 6.pdf,Course module viewed
SYN2023_023,2023-12-12 16:17:58,File,Learning material 2.pdf,Course module viewed
SYN2023_023,2023-12-12 16:55:25,Quiz,Quiz: 3,Quiz attempt viewed
SYN2023_023,2023-12-12 18:18:32,File,Learning material 6.pdf,Course module viewed
SYN2023_023,2023-12-12 18:30:50,Quiz,Quiz: 1,Quiz attempt viewed
SYN2023_023,2023-12-12 20:03:01,Assignment,Assignment: 3,Submission status viewed
SYN2023_023,2023-12-12 20:54:44,File,Learning material 8.pdf,Course module viewed
SYN2023_023,2023-12-12 21:51:35,Assignment,Assignment: 2,Submission status viewed
SYN2023_023,2023-12-12 23:05:16,File,Learning material 1.pdf,Course module viewed
SYN2023_023,2023-12-12 23:57:54,Assignment,Assignment: 1,Submission status viewed
SYN2023_024,2023-10-21 14:04:15,Quiz,Quiz: 1,Quiz attempt viewed
SYN2023_024,2023-10-21 16:04:12,Quiz,Quiz: 1,Quiz attempt viewed
SYN2023_024,2023-10-23 20:57:28,File,Learning material 3.pdf,Course module viewed
SYN2023_024,2023-10-29 13:29:46,File,Learning material 7.pdf,Course module viewed
SYN2023_024,2023-10-29 18:33:23,Assignment,Assignment: 3,Submission status viewed
SYN2023_024,2023-11-01 14:07:17,Quiz,Quiz: 1,Quiz attempt viewed
SYN2023_024,2023-11-04 14:37:28,Quiz,Quiz: 3,Quiz attempt viewed
SYN2023_024,2023-11-08 16:21:24,File,Learning material 4.pdf,Course module viewed
SYN2023_024,2023-11-10 16:52:15,Assignment,Assignment: 2,Submission status viewed
SYN2023_024,2023-11-16 20:05:19,File,Learning material 7.pdf,Course module viewed
SYN2023_024,2023-11-16 20:06:58,Quiz,Quiz: 3,Quiz attempt viewed
SYN2023_024,2023-11-17 16:37:37,Assignment,Assignment: 2,Assignment submitted
SYN2023_024,2023-11-18 16:58:47,Quiz,Quiz: 1,Quiz attempt viewed
SYN2023_024,2023-11-19 17:09:18,Assignment,Assignment: 3,Submission status viewed
SYN2023_024,2023-11-19 18:56:33,File,Learning material 2.pdf,Course module viewed
SYN2023_024,2023-11-20 22:05:22,Assignment,Assignment: 1,Submission status viewed
SYN2023_024,2023-11-21 15:32:11,File,Learning material 4.pdf,Course module viewed
SYN2023_024,2023-11-21 15:39:05,File,Learning material 3.pdf,Course module viewed
SYN2023_024,2023-11-23 16:38:09,Assignment,Assignment: 3,Assignment submitted
SYN2023_024,2023-11-24 12:04:17,File,Learning material 1.pdf,Course module viewed
SYN2023_024,2023-11-24 18:32:20,Assignment,Assignment: 1,Assignment submitted
SYN2023_024,2023-11-24 21:39:27,File,Learning material 6.pdf,Course module viewed
SYN2023_024,2023-11-26 13:18:36,File,Learning material 7.pdf,Course module viewed
SYN2023_024,2023-12-02 18:46:53,Assignment,Assignment: 1,Submission status viewed
SYN2023_024,2023-12-04 19:35:00,File,Learning material 1.pdf,Course module viewed
SYN2023_024,2023-12-05 11:03:35,File,Learning material 3.pdf,Course module viewed
SYN2023_024,2023-12-05 13:04:01,File,Learning material 1.pdf,Course module viewed
SYN2023_024,2023-12-05 15:33:02,File,Learning material 1.pdf,Course module viewed
SYN2023_024,2023-12-05 16:42:47,File,Learning material 1.pdf,Course module viewed
SYN2023_024,2023-12-05 22:42:02,Quiz,Quiz: 2,Quiz attempt viewed
SYN2023_024,2023-12-06 11:24:46,File,Learning material 8.pdf,Course module viewed
SYN2023_024,2023-12-06 13:30:35,File,Learning material 4.pdf,Course module viewed
SYN2023_024,2023-12-06 15:18:47,File,Learning material 2.pdf,Course module viewed
SYN2023_024,2023-12-06 16:48:26,Assignment,Assignment: 1,Submission status viewed
SYN2023_024,2023-12-06 18:46:59,Assignment,Assignment: 3,Submission status viewed
SYN2023_024,2023-12-06 21:40:51,Forum,Course forum,Discussion viewed
SYN2023_024,2023-12-06 21:59:03,Quiz,Quiz: 3,Quiz attempt viewed
SYN2023_024,2023-12-06 23:05:01,Assignment,Assignment: 1,Submission status viewed
SYN2023_024,2023-12-07 15:00:45,Quiz,Quiz: 3,Quiz attempt viewed
SYN2023_024,2023-12-07 15:07:41,File,Learning material 4.pdf,Course module viewed
SYN2023_024,2023-12-07 17:59:00,File,Learning material 4.pdf,Course module viewed
SYN2023_024,2023-12-07 19:07:32,Quiz,Quiz: 1,Quiz attempt viewed
SYN2023_024,2023-12-07 22:37:12,File,Learning material 2.pdf,Course module viewed
SYN2023_024,2023-12-08 12:52:40,File,Learning material 1.pdf,Course module viewed
SYN2023_024,2023-12-08 14:38:58,Assignment,Assignment: 2,Submission status viewed
SYN2023_024,2023-12-08 14:47:20,File,Learning material 5.pdf,Course module viewed
SYN2023_024,2023-12-08 16:23:35,Quiz,Quiz: 2,Quiz attempt viewed
SYN2023_024,2023-12-08 17:03:18,Assignment,Assignment: 2,Submission status viewed
SYN2023_024,2023-12-08 17:42:02,Assignment,Assignment: 2,Submission status viewed
SYN2023_024,2023-12-08 18:05:29,Assignment,Assignment: 1,Submission status viewed
SYN2023_024,2023-12-08 19:06:24,File,Learning material 6.pdf,Course module viewed
SYN2023_024,2023-12-08 19:41:50,File,Learning material 3.pdf,Course module viewed
SYN2023_024,2023-12-08 21:53:29,File,Learning material 2.pdf,Course module viewed
SYN2023_024,2023-12-09 14:10:16,Assignment,Assignment: 3,Submission status viewed
SYN2023_024,2023-12-09 14:12:30,Quiz,Quiz: 3,Quiz attempt viewed
SYN2023_024,2023-12-09 18:21:35,File,Learning material 2.pdf,Course module viewed
SYN2023_024,2023-12-09 19:35:23,File,Learning material 6.pdf,Course module viewed
SYN2023_024,2023-12-09 19:38:21,Forum,Course forum,Discussion viewed
SYN2023_024,2023-12-09 22:57:23,File,Learning material 7.pdf,Course module viewed
SYN2023_024,2023-12-10 10:13:22,File,Learning material 8.pdf,Course module viewed
SYN2023_024,2023-12-10 12:00:33,File,Learning material 8.pdf,Course module viewed
SYN2023_024,2023-12-10 15:28:37,File,Learning material 3.pdf,Course module viewed
SYN2023_024,2023-12-10 16:23:24,Forum,Course forum,Discussion viewed
SYN2023_024,2023-12-10 17:50:18,Quiz,Quiz: 3,Quiz attempt viewed
SYN2023_024,2023-12-10 20:17:24,File,Learning material 2.pdf,Course module viewed
SYN2023_024,2023-12-11 16:22:46,File,Learning material 4.pdf,Course module viewed
SYN2023_024,2023-12-11 17:35:57,File,Learning material 4.pdf,Course module viewed
SYN2023_024,2023-12-11 18:50:57,File,Learning material 8.pdf,Course module viewed
SYN2023_024,2023-12-11 19:49:38,Quiz,Quiz: 3,Quiz attempt viewed
SYN2023_024,2023-12-11 22:31:24,Forum,Course forum,Discussion viewed
SYN2023_024,2023-12-12 15:27:08,File,Learning material 7.pdf,Course module viewed
SYN2023_024,2023-12-12 15:59:59,Quiz,Quiz: 2,Quiz attempt viewed
SYN2023_024,2023-12-12 16:40:48,File,Learning material 8.pdf,Course module viewed
SYN2023_024,2023-12-12 18:32:20,File,Learning material 4.pdf,Course module viewed
SYN2023_024,2023-12-12 19:53:15,File,Learning material 6.pdf,Course module viewed
SYN2023_025,2023-10-19 09:41:31,File,Learning material 7.pdf,Course module viewed
SYN2023_025,2023-10-19 09:59:37,Quiz,Quiz: 2,Quiz attempt viewed
SYN2023_025,2023-10-26 16:11:57,File,Learning material 1.pdf,Course module viewed
SYN2023_025,2023-11-08 19:23:25,File,Learning material 6.pdf,Course module viewed
SYN2023_025,2023-11-09 18:48:09,Assignment,Assignment: 2,Submission status viewed
SYN2023_025,2023-11-10 12:11:23,Assignment,Assignment: 1,Submission status viewed
SYN2023_025,2023-11-10 16:08:42,Quiz,Quiz: 1,Quiz attempt viewed
SYN2023_025,2023-11-11 17:27:20,Forum,Course forum,Discussion viewed
SYN2023_025,2023-11-13 18:54:45,File,Learning material 4.pdf,Course module viewed
SYN2023_025,2023-11-14 13:10:23,File,Learning material 4.pdf,Course module viewed
SYN2023_025,2023-11-15 21:27:50,Assignment,Assignment: 2,Assignment submitted
SYN2023_025,2023-11-16 21:52:20,Assignment,Assignment: 1,Assignment submitted
SYN2023_025,2023-11-17 12:28:03,File,Learning material 7.pdf,Course module viewed
SYN2023_025,2023-11-17 15:26:02,Assignment,Assignment: 3,Submission status viewed
SYN2023_025,2023-11-18 13:28:04,Forum,Course forum,Discussion viewed
SYN2023_025,2023-11-22 14:55:54,File,Learning material 7.pdf,Course module viewed
SYN2023_025,2023-11-22 19:53:50,Assignment,Assignment: 3,Assignment submitted
SYN2023_025,2023-11-28 17:30:08,File,Learning material 4.pdf,Course module viewed
SYN2023_025,2023-12-03 09:45:28,File,Learning material 3.pdf,Course module viewed
SYN2023_025,2023-12-09 08:23:56,File,Learning material 4.pdf,Course module viewed
SYN2023_025,2023-12-09 09:36:35,File,Learning material 7.pdf,Course module viewed
SYN2023_025,2023-12-09 09:58:35,Quiz,Quiz: 2,Quiz attempt viewed
SYN2023_025,2023-12-09 15:09:35,File,Learning material 7.pdf,Course module viewed
SYN2023_025,2023-12-09 15:11:23,File,Learning material 8.pdf,Course module viewed
SYN2023_025,2023-12-09 15:22:29,File,Learning material 1.pdf,Course module viewed
SYN2023_025,2023-12-09 16:40:57,File,Learning material 1.pdf,Course module viewed
SYN2023_025,2023-12-09 17:48:20,File,Learning material 1.pdf,Course module viewed
SYN2023_025,2023-12-09 18:54:24,Forum,Course forum,Discussion viewed
SYN2023_025,2023-12-10 10:48:16,Forum,Course forum,Discussion viewed
SYN2023_025,2023-12-10 11:59:04,File,Learning material 4.pdf,Course module viewed
SYN2023_025,2023-12-10 13:30:11,File,Learning material 6.pdf,Course module viewed
SYN2023_025,2023-12-10 14:27:37,File,Learning material 5.pdf,Course module viewed
SYN2023_025,2023-12-10 15:02:15,File,Learning material 2.pdf,Course module viewed
SYN2023_025,2023-12-10 17:37:57,File,Learning material 3.pdf,Course module viewed
SYN2023_025,2023-12-10 17:43:22,File,Learning material 7.pdf,Course module viewed
SYN2023_025,2023-12-10 18:19:11,File,Learning material 6.pdf,Course module viewed
SYN2023_025,2023-12-10 19:53:47,File,Learning material 6.pdf,Course module viewed
SYN2023_025,2023-12-11 09:30:24,Assignment,Assignment: 2,Submission status viewed
SYN2023_025,2023-12-11 14:13:57,File,Learning material 5.pdf,Course module viewed
SYN2023_025,2023-12-11 14:51:29,Quiz,Quiz: 3,Quiz attempt viewed
SYN2023_025,2023-12-11 17:51:36,Assignment,Assignment: 2,Submission status viewed
SYN2023_025,2023-12-12 08:18:37,File,Learning material 7.pdf,Course module viewed
SYN2023_025,2023-12-12 14:23:27,Assignment,Assignment: 3,Submission status viewed
SYN2023_026,2023-10-26 20:42:32,Assignment,Assignment: 3,Submission status viewed
SYN2023_026,2023-10-27 19:07:23,File,Learning material 8.pdf,Course module viewed
SYN2023_026,2023-10-29 19:05:11,Assignment,Assignment: 1,Submission status viewed
SYN2023_026,2023-11-02 20:03:17,File,Learning material 7.pdf,Course module viewed
SYN2023_026,2023-11-12 16:34:59,Assignment,Assignment: 1,Submission status viewed
SYN2023_026,2023-11-14 12:50:54,Quiz,Quiz: 1,Quiz attempt viewed
SYN2023_026,2023-11-14 15:43:59,File,Learning material 4.pdf,Course module viewed
SYN2023_026,2023-11-15 11:41:24,Assignment,Assignment: 2,Submission status viewed
SYN2023_026,2023-11-17 16:25:16,Assignment,Assignment: 3,Submission status viewed
SYN2023_026,2023-11-18 15:59:25,Quiz,Quiz: 2,Quiz attempt viewed
SYN2023_026,2023-11-18 20:49:57,Quiz,Quiz: 3,Quiz attempt viewed
SYN2023_026,2023-11-18 22:59:12,Assignment,Assignment: 2,Assignment submitted
SYN2023_026,2023-11-21 21:12:47,Quiz,Quiz: 1,Quiz attempt viewed
SYN2023_026,2023-11-21 21:37:12,File,Learning material 2.pdf,Course module viewed
SYN2023_026,2023-11-23 15:06:02,File,Learning material 8.pdf,Course module viewed
SYN2023_026,2023-11-23 15:16:07,Assignment,Assignment: 1,Submission status viewed
SYN2023_026,2023-11-23 18:30:11,File,Learning material 1.pdf,Course module viewed
SYN2023_026,2023-11-23 18:34:47,Assignment,Assignment: 3,Assignment submitted
SYN2023_026,2023-11-25 16:54:55,Forum,Course forum,Discussion viewed
SYN2023_026,2023-11-27 15:39:33,Quiz,Quiz: 2,Quiz attempt viewed
SYN2023_026,2023-11-30 21:52:57,File,Learning material 6.pdf,Course module viewed
SYN2023_026,2023-12-01 19:11:46,Assignment,Assignment: 1,Assignment submitted
SYN2023_026,2023-12-03 18:40:24,File,Learning material 3.pdf,Course module viewed
SYN2023_026,2023-12-04 20:07:28,Quiz,Quiz: 3,Quiz attempt viewed
SYN2023_026,2023-12-05 14:40:11,Quiz,Quiz: 1,Quiz attempt viewed
SYN2023_026,2023-12-08 11:02:23,File,Learning material 1.pdf,Course module viewed
SYN2023_026,2023-12-08 13:20:36,Assignment,Assignment: 1,Submission status viewed
SYN2023_026,2023-12-08 15:32:46,File,Learning material 3.pdf,Course module viewed
SYN2023_026,2023-12-08 16:47:49,File,Learning material 1.pdf,Course module viewed
SYN2023_026,2023-12-08 18:04:31,File,Learning material 1.pdf,Course module viewed
SYN2023_026,2023-12-08 18:22:15,Quiz,Quiz: 1,Quiz attempt viewed
SYN2023_026,2023-12-08 18:41:47,Assignment,Assignment: 3,Submission status viewed
SYN2023_026,2023-12-08 18:42:16,Quiz,Quiz: 2,Quiz attempt viewed
SYN2023_026,2023-12-08 18:46:17,Quiz,Quiz: 1,Quiz attempt viewed
SYN2023_026,2023-12-08 19:03:27,Assignment,Assignment: 3,Submission status viewed
SYN2023_026,2023-12-08 20:42:29,Quiz,Quiz: 1,Quiz attempt viewed
SYN2023_026,2023-12-08 22:07:36,File,Learning material 1.pdf,Course module viewed
SYN2023_026,2023-12-08 22:28:44,File,Learning material 7.pdf,Course module viewed
SYN2023_026,2023-12-09 12:54:12,Assignment,Assignment: 2,Submission status viewed
SYN2023_026,2023-12-09 13:28:42,Quiz,Quiz: 1,Quiz attempt viewed
SYN2023_026,2023-12-09 14:24:04,Quiz,Quiz: 3,Quiz attempt viewed
SYN2023_026,2023-12-09 15:26:40,File,Learning material 7.pdf,Course module viewed
SYN2023_026,2023-12-09 17:55:27,File,Learning material 8.pdf,Course module viewed
SYN2023_026,2023-12-09 17:57:40,Assignment,Assignment: 3,Submission status viewed
SYN2023_026,2023-12-09 19:46:16,Assignment,Assignment: 3,Submission status viewed
SYN2023_026,2023-12-09 20:28:34,File,Learning material 6.pdf,Course module viewed
SYN2023_026,2023-12-10 10:19:17,Assignment,Assignment: 3,Submission status viewed
SYN2023_026,2023-12-10 11:23:32,Quiz,Quiz: 1,Quiz attempt viewed
SYN2023_026,2023-12-10 12:45:44,File,Learning material 8.pdf,Course module viewed
SYN2023_026,2023-12-10 12:47:05,File,Learning material 2.pdf,Course module viewed
SYN2023_026,2023-12-10 14:50:58,Quiz,Quiz: 1,Quiz attempt viewed
SYN2023_026,2023-12-10 15:52:35,Forum,Course forum,Discussion viewed
SYN2023_026,2023-12-10 17:07:49,File,Learning material 2.pdf,Course module viewed
SYN2023_026,2023-12-10 18:47:57,File,Learning material 4.pdf,Course module viewed
SYN2023_026,2023-12-10 18:50:51,Quiz,Quiz: 3,Quiz attempt viewed
SYN2023_026,2023-12-10 19:01:00,Quiz,Quiz: 3,Quiz attempt viewed
SYN2023_026,2023-12-10 21:39:22,File,Learning material 1.pdf,Course module viewed
SYN2023_026,2023-12-11 15:05:41,File,Learning material 6.pdf,Course module viewed
SYN2023_026,2023-12-11 15:26:08,Assignment,Assignment: 1,Submission status viewed
SYN2023_026,2023-12-11 16:11:07,File,Learning material 6.pdf,Course module viewed
SYN2023_026,2023-12-11 16:48:15,File,Learning material 1.pdf,Course module viewed
SYN2023_026,2023-12-11 16:55:52,File,Learning material 1.pdf,Course module viewed
SYN2023_026,2023-12-11 17:16:05,File,Learning material 6.pdf,Course module viewed
SYN2023_026,2023-12-11 17:24:24,Quiz,Quiz: 3,Quiz attempt viewed
SYN2023_026,2023-12-11 18:18:21,File,Learning material 4.pdf,Course module viewed
SYN2023_026,2023-12-11 19:35:33,Forum,Course forum,Discussion viewed
SYN2023_026,2023-12-11 21:35:31,Assignment,Assignment: 1,Submission status viewed
SYN2023_026,2023-12-12 12:26:48,Quiz,Quiz: 1,Quiz attempt viewed
SYN2023_026,2023-12-12 12:38:54,File,Learning material 7.pdf,Course module viewed
SYN2023_026,2023-12-12 13:42:57,Forum,Course forum,Discussion viewed
SYN2023_026,2023-12-12 14:57:18,File,Learning material 1.pdf,Course module viewed
SYN2023_026,2023-12-12 15:53:04,File,Learning material 7.pdf,Course module viewed
SYN2023_026,2023-12-12 15:56:44,Assignment,Assignment: 3,Submission status viewed
SYN2023_026,2023-12-12 17:31:34,Quiz,Quiz: 1,Quiz attempt viewed
SYN2023_026,2023-12-12 18:07:40,File,Learning material 5.pdf,Course module viewed
SYN2023_026,2023-12-12 18:42:34,Quiz,Quiz: 1,Quiz attempt viewed
SYN2023_026,2023-12-12 22:47:53,Quiz,Quiz: 3,Quiz attempt viewed
SYN2023_027,2023-10-19 12:04:19,File,Learning material 4.pdf,Course module viewed
SYN2023_027,2023-10-19 13:15:34,File,Learning material 2.pdf,Course module viewed
SYN2023_027,2023-10-20 17:24:42,File,Learning material 3.pdf,Course module viewed
SYN2023_027,2023-10-21 11:03:05,Assignment,Assignment: 1,Submission status viewed
SYN2023_027,2023-10-22 18:01:39,File,Learning material 2.pdf,Course module viewed
SYN2023_027,2023-10-23 17:13:03,File,Learning material 6.pdf,Course module viewed
SYN2023_027,2023-10-24 21:22:05,File,Learning material 4.pdf,Course module viewed
SYN2023_027,2023-10-25 21:08:34,Quiz,Quiz: 2,Quiz attempt viewed
SYN2023_027,2023-10-26 17:00:27,File,Learning material 6.pdf,Course module viewed
SYN2023_027,2023-10-30 15:30:43,Assignment,Assignment: 2,Submission status viewed
SYN2023_027,2023-10-31 16:56:58,Assignment,Assignment: 1,Submission status viewed
SYN2023_027,2023-10-31 19:16:13,File,Learning material 3.pdf,Course module viewed
SYN2023_027,2023-11-02 14:32:04,File,Learning material 5.pdf,Course module viewed
SYN2023_027,2023-11-03 13:39:33,Forum,Course forum,Discussion viewed
SYN2023_027,2023-11-05 15:22:46,Assignment,Assignment: 2,Submission status viewed
SYN2023_027,2023-11-05 19:18:03,File,Learning material 2.pdf,Course module viewed
SYN2023_027,2023-11-08 16:45:11,Assignment,Assignment: 3,Submission status viewed
SYN2023_027,2023-11-09 10:49:41,File,Learning material 5.pdf,Course module viewed
SYN2023_027,2023-11-13 11:27:18,File,Learning material 5.pdf,Course module viewed
SYN2023_027,2023-11-13 12:32:32,File,Learning material 6.pdf,Course module viewed
SYN2023_027,2023-11-15 11:10:18,File,Learning material 3.pdf,Course module viewed
SYN2023_027,2023-11-15 15:12:38,File,Learning material 6.pdf,Course module viewed
SYN2023_027,2023-11-15 15:15:35,Assignment,Assignment: 3,Submission status viewed
SYN2023_027,2023-11-17 23:25:49,Assignment,Assignment: 3,Assignment submitted
SYN2023_027,2023-11-18 16:18:29,Quiz,Quiz: 2,Quiz attempt viewed
SYN2023_027,2023-11-20 13:55:24,File,Learning material 5.pdf,Course module viewed
SYN2023_027,2023-11-25 14:42:50,File,Learning material 7.pdf,Course module viewed
SYN2023_027,2023-11-25 15:36:56,File,Learning material 8.pdf,Course module viewed
SYN2023_027,2023-11-25 18:02:16,Assignment,Assignment: 1,Submission status viewed
SYN2023_027,2023-11-26 10:34:45,File,Learning material 6.pdf,Course module viewed
SYN2023_027,2023-11-28 10:02:53,Assignment,Assignment: 1,Submission status viewed
SYN2023_027,2023-11-30 14:05:02,Assignment,Assignment: 2,Submission status viewed
SYN2023_027,2023-12-01 16:45:22,File,Learning material 8.pdf,Course module viewed
SYN2023_027,2023-12-02 10:32:39,Assignment,Assignment: 2,Submission status viewed
SYN2023_027,2023-12-03 17:47:20,Assignment,Assignment: 1,Submission status viewed
SYN2023_027,2023-12-03 18:12:35,Assignment,Assignment: 1,Assignment submitted
SYN2023_027,2023-12-05 09:45:04,File,Learning material 1.pdf,Course module viewed
SYN2023_027,2023-12-05 14:03:20,Assignment,Assignment: 1,Submission status viewed
SYN2023_027,2023-12-05 14:27:28,File,Learning material 1.pdf,Course module viewed
SYN2023_027,2023-12-05 15:43:07,Forum,Course forum,Discussion viewed
SYN2023_027,2023-12-05 22:04:37,Assignment,Assignment: 2,Assignment submitted
SYN2023_027,2023-12-06 11:39:39,File,Learning material 1.pdf,Course module viewed
SYN2023_027,2023-12-06 18:07:21,File,Learning material 4.pdf,Course module viewed
SYN2023_027,2023-12-07 10:36:22,File,Learning material 8.pdf,Course module viewed
SYN2023_027,2023-12-07 13:06:13,Quiz,Quiz: 3,Quiz attempt viewed
SYN2023_027,2023-12-07 15:00:05,Assignment,Assignment: 1,Submission status viewed
SYN2023_027,2023-12-07 16:35:44,Quiz,Quiz: 3,Quiz attempt viewed
SYN2023_027,2023-12-08 17:09:46,File,Learning material 6.pdf,Course module viewed
SYN2023_027,2023-12-08 18:41:31,File,Learning material 3.pdf,Course module viewed
SYN2023_027,2023-12-09 10:53:08,File,Learning material 5.pdf,Course module viewed
SYN2023_027,2023-12-09 12:01:33,File,Learning material 4.pdf,Course module viewed
SYN2023_027,2023-12-09 17:54:33,File,Learning material 7.pdf,Course module viewed
SYN2023_027,2023-12-09 19:15:47,Quiz,Quiz: 2,Quiz attempt viewed
SYN2023_027,2023-12-09 20:02:00,File,Learning material 6.pdf,Course module viewed
SYN2023_027,2023-12-10 11:06:37,File,Learning material 2.pdf,Course module viewed
SYN2023_027,2023-12-10 14:29:55,File,Learning material 1.pdf,Course module viewed
SYN2023_027,2023-12-10 14:54:23,Forum,Course forum,Discussion viewed
SYN2023_027,2023-12-10 16:30:29,File,Learning material 8.pdf,Course module viewed
SYN2023_027,2023-12-12 11:42:04,File,Learning material 1.pdf,Course module viewed
SYN2023_027,2023-12-12 15:37:26,File,Learning material 1.pdf,Course module viewed
SYN2023_027,2023-12-12 16:19:01,Forum,Course forum,Discussion viewed
SYN2023_028,2023-10-19 17:20:18,Assignment,Assignment: 3,Submission status viewed
SYN2023_028,2023-10-22 11:50:31,File,Learning material 8.pdf,Course module viewed
SYN2023_028,2023-10-22 15:45:35,File,Learning material 7.pdf,Course module viewed
SYN2023_028,2023-10-23 15:06:56,Forum,Course forum,Discussion viewed
SYN2023_028,2023-10-24 14:06:22,File,Learning material 6.pdf,Course module viewed
SYN2023_028,2023-10-24 18:52:09,File,Learning material 6.pdf,Course module viewed
SYN2023_028,2023-10-25 18:09:33,File,Learning material 1.pdf,Course module viewed
SYN2023_028,2023-11-02 16:58:13,File,Learning material 7.pdf,Course module viewed
SYN2023_028,2023-11-03 16:15:13,Assignment,Assignment: 1,Submission status viewed
SYN2023_028,2023-11-04 12:02:34,Assignment,Assignment: 3,Submission status viewed
SYN2023_028,2023-11-05 19:13:24,Assignment,Assignment: 3,Submission status viewed
SYN2023_028,2023-11-06 19:31:05,Assignment,Assignment: 3,Assignment submitted
SYN2023_028,2023-11-09 22:32:49,Forum,Course forum,Discussion viewed
SYN2023_028,2023-11-10 11:13:46,Assignment,Assignment: 1,Submission status viewed
SYN2023_028,2023-11-15 17:02:47,File,Learning material 6.pdf,Course module viewed
SYN2023_028,2023-11-15 18:12:17,File,Learning material 7.pdf,Course module viewed
SYN2023_028,2023-11-16 14:56:13,File,Learning material 2.pdf,Course module viewed
SYN2023_028,2023-11-16 16:29:30,Assignment,Assignment: 1,Assignment submitted
SYN2023_028,2023-11-17 12:50:42,Assignment,Assignment: 1,Submission status viewed
SYN2023_028,2023-11-17 13:42:47,Assignment,Assignment: 1,Submission status viewed
SYN2023_028,2023-11-20 17:11:02,Quiz,Quiz: 1,Quiz attempt viewed
SYN2023_028,2023-11-22 16:41:40,File,Learning material 8.pdf,Course module viewed
SYN2023_028,2023-11-26 18:03:22,Assignment,Assignment: 2,Submission status viewed
SYN2023_028,2023-11-29 19:52:14,Assignment,Assignment: 2,Assignment submitted
SYN2023_028,2023-12-01 21:28:57,File,Learning material 7.pdf,Course module viewed
SYN2023_028,2023-12-04 12:35:35,Quiz,Quiz: 1,Quiz attempt viewed
SYN2023_028,2023-12-04 16:05:43,File,Learning material 1.pdf,Course module viewed
SYN2023_028,2023-12-04 16:33:12,File,Learning material 6.pdf,Course module viewed
SYN2023_028,2023-12-04 16:45:08,Assignment,Assignment: 3,Submission status viewed
SYN2023_028,2023-12-04 17:33:37,File,Learning material 5.pdf,Course module viewed
SYN2023_028,2023-12-04 17:55:43,File,Learning material 1.pdf,Course module viewed
SYN2023_028,2023-12-04 19:34:52,File,Learning material 1.pdf,Course module viewed
SYN2023_028,2023-12-04 20:31:07,Forum,Course forum,Discussion viewed
SYN2023_028,2023-12-05 12:47:50,Quiz,Quiz: 2,Quiz attempt viewed
SYN2023_028,2023-12-05 13:16:23,File,Learning material 6.pdf,Course module viewed
SYN2023_028,2023-12-05 15:21:44,Forum,Course forum,Discussion viewed
SYN2023_028,2023-12-05 15:35:41,Assignment,Assignment: 3,Submission status viewed
SYN2023_028,2023-12-05 16:42:52,File,Learning material 8.pdf,Course module viewed
SYN2023_028,2023-12-05 18:54:59,Assignment,Assignment: 3,Submission status viewed
SYN2023_028,2023-12-05 19:20:12,File,Learning material 7.pdf,Course module viewed
SYN2023_028,2023-12-05 20:13:36,File,Learning material 7.pdf,Course module viewed
SYN2023_028,2023-12-05 21:16:33,File,Learning material 1.pdf,Course module viewed
SYN2023_028,2023-12-06 14:54:27,Assignment,Assignment: 1,Submission status viewed
SYN2023_028,2023-12-06 15:46:58,Assignment,Assignment: 2,Submission status viewed
SYN2023_028,2023-12-06 15:55:55,Quiz,Quiz: 1,Quiz attempt viewed
SYN2023_028,2023-12-06 19:05:45,Assignment,Assignment: 3,Submission status viewed
SYN2023_028,2023-12-07 15:47:57,File,Learning material 4.pdf,Course module viewed
SYN2023_028,2023-12-07 19:48:53,Quiz,Quiz: 1,Quiz attempt viewed
SYN2023_028,2023-12-08 17:10:41,Assignment,Assignment: 2,Submission status viewed
SYN2023_028,2023-12-08 21:58:36,Quiz,Quiz: 1,Quiz attempt viewed
SYN2023_028,2023-12-09 11:31:23,Quiz,Quiz: 1,Quiz attempt viewed
SYN2023_028,2023-12-09 11:34:10,File,Learning material 2.pdf,Course module viewed
SYN2023_028,2023-12-09 11:35:23,Assignment,Assignment: 2,Submission status viewed
SYN2023_028,2023-12-09 16:44:54,File,Learning material 8.pdf,Course module viewed
SYN2023_028,2023-12-09 17:59:48,Quiz,Quiz: 1,Quiz attempt viewed
SYN2023_028,2023-12-09 19:00:55,File,Learning material 3.pdf,Course module viewed
SYN2023_028,2023-12-09 19:27:18,File,Learning material 8.pdf,Course module viewed
SYN2023_028,2023-12-10 18:40:53,Forum,Course forum,Discussion viewed
SYN2023_028,2023-12-10 20:34:50,File,Learning material 6.pdf,Course module viewed
SYN2023_028,2023-12-10 21:50:22,Assignment,Assignment: 3,Submission status viewed
SYN2023_028,2023-12-11 16:27:12,Assignment,Assignment: 1,Submission status viewed
SYN2023_028,2023-12-11 17:45:01,Assignment,Assignment: 1,Submission status viewed
SYN2023_028,2023-12-11 17:48:22,Quiz,Quiz: 2,Quiz attempt viewed
SYN2023_028,2023-12-11 18:17:23,Assignment,Assignment: 1,Submission status viewed
SYN2023_028,2023-12-12 09:57:19,Assignment,Assignment: 1,Submission status viewed
SYN2023_028,2023-12-12 14:42:52,Quiz,Quiz: 1,Quiz attempt viewed
SYN2023_028,2023-12-12 15:13:47,File,Learning material 1.pdf,Course module viewed
SYN2023_028,2023-12-12 18:38:38,File,Learning material 3.pdf,Course module viewed
SYN2023_028,2023-12-12 20:22:31,Quiz,Quiz: 3,Quiz attempt viewed
SYN2023_029,2023-10-21 13:16:10,File,Learning material 5.pdf,Course module viewed
SYN2023_029,2023-10-21 13:27:39,Assignment,Assignment: 3,Submission status viewed
SYN2023_029,2023-10-23 15:13:30,Assignment,Assignment: 3,Submission status viewed
SYN2023_029,2023-10-25 18:11:05,Quiz,Quiz: 1,Quiz attempt viewed
SYN2023_029,2023-10-26 10:35:34,Assignment,Assignment: 1,Submission status viewed
SYN2023_029,2023-10-29 15:16:04,File,Learning material 2.pdf,Course module viewed
SYN2023_029,2023-11-04 13:26:55,Assignment,Assignment: 1,Submission status viewed
SYN2023_029,2023-11-10 15:09:23,File,Learning material 5.pdf,Course module viewed
SYN2023_029,2023-11-11 07:33:41,File,Learning material 5.pdf,Course module viewed
SYN2023_029,2023-11-11 14:20:47,Forum,Course forum,Discussion viewed
SYN2023_029,2023-11-11 15:49:35,File,Learning material 6.pdf,Course module viewed
SYN2023_029,2023-11-13 15:46:13,File,Learning material 8.pdf,Course module viewed
SYN2023_029,2023-11-18 15:48:40,Assignment,Assignment: 1,Submission status viewed
SYN2023_029,2023-11-19 16:44:57,Assignment,Assignment: 3,Submission status viewed
SYN2023_029,2023-11-24 16:55:54,Assignment,Assignment: 1,Assignment submitted
SYN2023_029,2023-11-24 17:18:51,Quiz,Quiz: 1,Quiz attempt viewed
SYN2023_029,2023-11-25 15:12:22,Assignment,Assignment: 3,Assignment submitted
SYN2023_029,2023-11-25 15:25:12,File,Learning material 4.pdf,Course module viewed
SYN2023_029,2023-11-25 15:26:39,File,Learning material 3.pdf,Course module viewed
SYN2023_029,2023-11-28 15:12:34,Assignment,Assignment: 2,Submission status viewed
SYN2023_029,2023-12-01 15:46:18,File,Learning material 1.pdf,Course module viewed
SYN2023_029,2023-12-02 13:39:19,Assignment,Assignment: 3,Submission status viewed
SYN2023_029,2023-12-02 16:59:23,File,Learning material 3.pdf,Course module viewed
SYN2023_029,2023-12-02 20:56:40,Assignment,Assignment: 1,Submission status viewed
SYN2023_029,2023-12-03 20:13:17,Assignment,Assignment: 2,Assignment submitted
SYN2023_029,2023-12-04 14:19:20,Quiz,Quiz: 2,Quiz attempt viewed
SYN2023_029,2023-12-08 20:18:29,File,Learning material 3.pdf,Course module viewed
SYN2023_029,2023-12-09 11:32:40,File,Learning material 8.pdf,Course module viewed
SYN2023_029,2023-12-09 19:31:49,Assignment,Assignment: 2,Submission status viewed
SYN2023_029,2023-12-10 15:31:29,File,Learning material 2.pdf,Course module viewed
SYN2023_029,2023-12-11 15:35:35,File,Learning material 5.pdf,Course module viewed
SYN2023_029,2023-12-12 20:26:34,File,Learning material 7.pdf,Course module viewed
SYN2023_030,2023-10-19 13:38:57,File,Learning material 8.pdf,Course module viewed
SYN2023_030,2023-10-19 21:01:11,Forum,Course forum,Discussion viewed
SYN2023_030,2023-10-25 11:56:31,Forum,Course forum,Discussion viewed
SYN2023_030,2023-10-28 12:51:42,File,Learning material 3.pdf,Course module viewed
SYN2023_030,2023-10-29 09:54:14,Assignment,Assignment: 3,Submission status viewed
SYN2023_030,2023-10-29 21:39:14,File,Learning material 7.pdf,Course module viewed
SYN2023_030,2023-10-30 11:35:08,File,Learning material 2.pdf,Course module viewed
SYN2023_030,2023-10-30 18:27:55,File,Learning material 5.pdf,Course module viewed
SYN2023_030,2023-10-30 19:28:10,File,Learning material 2.pdf,Course module viewed
SYN2023_030,2023-10-31 17:13:47,File,Learning material 5.pdf,Course module viewed
SYN2023_030,2023-11-01 13:37:13,Quiz,Quiz: 3,Quiz attempt viewed
SYN2023_030,2023-11-09 14:33:57,Assignment,Assignment: 2,Submission status viewed
SYN2023_030,2023-11-09 18:08:10,Assignment,Assignment: 3,Submission status viewed
SYN2023_030,2023-11-11 14:00:55,Assignment,Assignment: 3,Assignment submitted
SYN2023_030,2023-11-12 16:16:39,Assignment,Assignment: 1,Submission status viewed
SYN2023_030,2023-11-13 14:08:46,Quiz,Quiz: 3,Quiz attempt viewed
SYN2023_030,2023-11-15 22:23:56,Assignment,Assignment: 1,Assignment submitted
SYN2023_030,2023-11-18 14:17:44,Quiz,Quiz: 3,Quiz attempt viewed
SYN2023_030,2023-11-19 16:27:06,File,Learning material 1.pdf,Course module viewed
SYN2023_030,2023-11-25 15:30:40,Assignment,Assignment: 2,Submission status viewed
SYN2023_030,2023-11-25 17:10:29,File,Learning material 3.pdf,Course module viewed
SYN2023_030,2023-11-30 23:25:26,Assignment,Assignment: 2,Assignment submitted
SYN2023_030,2023-12-03 15:50:42,File,Learning material 8.pdf,Course module viewed
SYN2023_030,2023-12-03 19:57:10,Assignment,Assignment: 1,Submission status viewed
SYN2023_030,2023-12-05 16:39:24,File,Learning material 1.pdf,Course module viewed
SYN2023_030,2023-12-05 17:43:00,File,Learning material 4.pdf,Course module viewed
SYN2023_030,2023-12-05 18:10:49,File,Learning material 2.pdf,Course module viewed
SYN2023_030,2023-12-06 14:49:23,File,Learning material 6.pdf,Course module viewed
SYN2023_030,2023-12-06 18:01:15,Assignment,Assignment: 3,Submission status viewed
SYN2023_030,2023-12-06 18:59:05,File,Learning material 8.pdf,Course module viewed
SYN2023_030,2023-12-06 20:36:18,File,Learning material 5.pdf,Course module viewed
SYN2023_030,2023-12-07 13:13:44,Assignment,Assignment: 1,Submission status viewed
SYN2023_030,2023-12-07 13:32:12,File,Learning material 6.pdf,Course module viewed
SYN2023_030,2023-12-07 14:14:43,File,Learning material 8.pdf,Course module viewed
SYN2023_030,2023-12-07 15:16:45,Quiz,Quiz: 3,Quiz attempt viewed
SYN2023_030,2023-12-07 18:35:54,Assignment,Assignment: 2,Submission status viewed
SYN2023_030,2023-12-07 19:56:14,Quiz,Quiz: 2,Quiz attempt viewed
SYN2023_030,2023-12-08 09:39:51,Assignment,Assignment: 3,Submission status viewed
SYN2023_030,2023-12-08 14:08:16,Assignment,Assignment: 1,Submission status viewed
SYN2023_030,2023-12-08 16:36:17,Quiz,Quiz: 1,Quiz attempt viewed
SYN2023_030,2023-12-08 16:38:35,Quiz,Quiz: 2,Quiz attempt viewed
SYN2023_030,2023-12-08 18:22:42,Assignment,Assignment: 2,Submission status viewed
SYN2023_030,2023-12-08 19:38:12,File,Learning material 8.pdf,Course module viewed
SYN2023_030,2023-12-08 19:55:15,File,Learning material 1.pdf,Course module viewed
SYN2023_030,2023-12-08 23:03:57,File,Learning material 5.pdf,Course module viewed
SYN2023_030,2023-12-09 12:29:54,Quiz,Quiz: 1,Quiz attempt viewed
SYN2023_030,2023-12-09 13:54:31,Forum,Course forum,Discussion viewed
SYN2023_030,2023-12-09 16:05:18,File,Learning material 5.pdf,Course module viewed
SYN2023_030,2023-12-09 16:14:44,File,Learning material 8.pdf,Course module viewed
SYN2023_030,2023-12-09 16:39:44,Quiz,Quiz: 2,Quiz attempt viewed
SYN2023_030,2023-12-09 16:44:33,File,Learning material 8.pdf,Course module viewed
SYN2023_030,2023-12-10 11:08:49,Assignment,Assignment: 1,Submission status viewed
SYN2023_030,2023-12-10 13:59:44,Forum,Course forum,Discussion viewed
SYN2023_030,2023-12-10 14:16:22,Forum,Course forum,Discussion viewed
SYN2023_030,2023-12-10 15:18:12,Assignment,Assignment: 2,Submission status viewed
SYN2023_030,2023-12-10 15:37:06,File,Learning material 7.pdf,Course module viewed
SYN2023_030,2023-12-10 15:55:28,Assignment,Assignment: 2,Submission status viewed
SYN2023_030,2023-12-10 18:35:54,Quiz,Quiz: 2,Quiz attempt viewed
SYN2023_030,2023-12-10 21:50:17,Assignment,Assignment: 2,Submission status viewed
SYN2023_030,2023-12-10 22:01:13,File,Learning material 3.pdf,Course module viewed
SYN2023_030,2023-12-11 16:14:38,File,Learning material 6.pdf,Course module viewed
SYN2023_030,2023-12-11 16:28:22,File,Learning material 2.pdf,Course module viewed
SYN2023_030,2023-12-11 20:08:16,Assignment,Assignment: 2,Submission status viewed
SYN2023_030,2023-12-11 20:27:12,Quiz,Quiz: 3,Quiz attempt viewed
SYN2023_030,2023-12-11 20:49:27,Quiz,Quiz: 2,Quiz attempt viewed
SYN2023_030,2023-12-12 12:51:10,File,Learning material 6.pdf,Course module viewed
SYN2023_030,2023-12-12 16:28:38,File,Learning material 5.pdf,Course module viewed
SYN2023_030,2023-12-12 16:45:04,Assignment,Assignment: 1,Submission status viewed
SYN2023_030,2023-12-12 17:15:28,File,Learning material 4.pdf,Course module viewed
SYN2023_030,2023-12-12 17:39:09,Forum,Course forum,Discussion viewed
SYN2023_030,2023-12-12 18:00:18,File,Learning material 4.pdf,Course module viewed
SYN2023_030,2023-12-12 21:43:27,Assignment,Assignment: 1,Submission status viewed
SYN2023_031,2023-10-20 18:22:54,Quiz,Quiz: 1,Quiz attempt viewed
SYN2023_031,2023-10-23 15:04:04,Quiz,Quiz: 1,Quiz attempt viewed
SYN2023_031,2023-10-25 11:01:51,File,Learning material 8.pdf,Course module viewed
SYN2023_031,2023-10-26 21:42:25,File,Learning material 7.pdf,Course module viewed
SYN2023_031,2023-10-31 12:19:24,Assignment,Assignment: 2,Submission status viewed
SYN2023_031,2023-11-01 15:44:43,File,Learning material 8.pdf,Course module viewed
SYN2023_031,2023-11-03 12:55:20,Assignment,Assignment: 2,Submission status viewed
SYN2023_031,2023-11-07 20:23:52,File,Learning material 7.pdf,Course module viewed
SYN2023_031,2023-11-08 13:17:14,Assignment,Assignment: 2,Submission status viewed
SYN2023_031,2023-11-08 15:35:21,Assignment,Assignment: 3,Submission status viewed
SYN2023_031,2023-11-09 15:06:04,File,Learning material 7.pdf,Course module viewed
SYN2023_031,2023-11-11 20:24:42,Forum,Course forum,Discussion viewed
SYN2023_031,2023-11-12 11:54:17,Assignment,Assignment: 2,Submission status viewed
SYN2023_031,2023-11-13 10:04:25,File,Learning material 4.pdf,Course module viewed
SYN2023_031,2023-11-13 14:58:22,Assignment,Assignment: 3,Assignment submitted
SYN2023_031,2023-11-13 17:50:35,File,Learning material 6.pdf,Course module viewed
SYN2023_031,2023-11-13 17:54:56,File,Learning material 5.pdf,Course module viewed
SYN2023_031,2023-11-14 14:00:55,File,Learning material 1.pdf,Course module viewed
SYN2023_031,2023-11-14 14:47:11,Quiz,Quiz: 2,Quiz attempt viewed
SYN2023_031,2023-11-15 19:59:49,Assignment,Assignment: 2,Assignment submitted
SYN2023_031,2023-11-16 16:16:04,File,Learning material 1.pdf,Course module viewed
SYN2023_031,2023-11-17 12:36:52,Forum,Course forum,Discussion viewed
SYN2023_031,2023-11-17 17:25:42,File,Learning material 6.pdf,Course module viewed
SYN2023_031,2023-11-20 11:59:02,File,Learning material 8.pdf,Course module viewed
SYN2023_031,2023-11-22 14:07:14,Forum,Course forum,Discussion viewed
SYN2023_031,2023-11-25 19:41:14,File,Learning material 5.pdf,Course module viewed
SYN2023_031,2023-11-28 14:56:06,File,Learning material 8.pdf,Course module viewed
SYN2023_031,2023-11-30 13:32:55,File,Learning material 1.pdf,Course module viewed
SYN2023_031,2023-11-30 17:35:26,File,Learning material 6.pdf,Course module viewed
SYN2023_031,2023-11-30 17:54:20,File,Learning material 5.pdf,Course module viewed
SYN2023_031,2023-12-01 11:20:38,Assignment,Assignment: 1,Submission status viewed
SYN2023_031,2023-12-01 12:34:13,File,Learning material 5.pdf,Course module viewed
SYN2023_031,2023-12-01 14:12:41,Assignment,Assignment: 1,Submission status viewed
SYN2023_031,2023-12-01 16:58:49,File,Learning material 2.pdf,Course module viewed
SYN2023_031,2023-12-02 10:02:10,Quiz,Quiz: 1,Quiz attempt viewed
SYN2023_031,2023-12-02 14:18:49,File,Learning material 1.pdf,Course module viewed
SYN2023_031,2023-12-03 19:17:14,File,Learning material 6.pdf,Course module viewed
SYN2023_031,2023-12-05 23:44:05,Assignment,Assignment: 1,Assignment submitted
SYN2023_031,2023-12-06 15:45:25,Assignment,Assignment: 3,Submission status viewed
SYN2023_031,2023-12-08 15:30:43,Assignment,Assignment: 3,Submission status viewed
SYN2023_031,2023-12-11 10:17:42,Assignment,Assignment: 2,Submission status viewed
SYN2023_031,2023-12-11 11:59:26,Assignment,Assignment: 2,Submission status viewed
SYN2023_032,2023-10-25 16:15:10,File,Learning material 5.pdf,Course module viewed
SYN2023_032,2023-10-27 16:03:45,File,Learning material 7.pdf,Course module viewed
SYN2023_032,2023-10-28 10:11:01,File,Learning material 2.pdf,Course module viewed
SYN2023_032,2023-10-28 17:59:25,File,Learning material 2.pdf,Course module viewed
SYN2023_032,2023-10-28 20:28:15,File,Learning material 8.pdf,Course module viewed
SYN2023_032,2023-10-29 14:51:18,File,Learning material 5.pdf,Course module viewed
SYN2023_032,2023-10-29 15:50:08,Forum,Course forum,Discussion viewed
SYN2023_032,2023-10-29 18:29:28,Assignment,Assignment: 3,Submission status viewed
SYN2023_032,2023-10-30 15:44:56,File,Learning material 7.pdf,Course module viewed
SYN2023_032,2023-10-30 17:12:23,File,Learning material 1.pdf,Course module viewed
SYN2023_032,2023-11-02 13:53:54,Quiz,Quiz: 3,Quiz attempt viewed
SYN2023_032,2023-11-02 14:28:36,Forum,Course forum,Discussion viewed
SYN2023_032,2023-11-05 11:36:56,Forum,Course forum,Discussion viewed
SYN2023_032,2023-11-05 14:58:22,File,Learning material 2.pdf,Course module viewed
SYN2023_032,2023-11-07 14:22:59,Quiz,Quiz: 1,Quiz attempt viewed
SYN2023_032,2023-11-07 15:36:16,Assignment,Assignment: 3,Submission status viewed
SYN2023_032,2023-11-07 21:40:49,Assignment,Assignment: 2,Submission status viewed
SYN2023_032,2023-11-12 17:59:49,Forum,Course forum,Discussion viewed
SYN2023_032,2023-11-13 15:18:39,Assignment,Assignment: 2,Submission status viewed
SYN2023_032,2023-11-14 19:26:55,Assignment,Assignment: 2,Assignment submitted
SYN2023_032,2023-11-17 14:58:39,Assignment,Assignment: 3,Submission status viewed
SYN2023_032,2023-11-19 12:58:17,Quiz,Quiz: 1,Quiz attempt viewed
SYN2023_032,2023-11-19 18:33:09,File,Learning material 1.pdf,Course module viewed
SYN2023_032,2023-11-24 14:56:38,File,Learning material 5.pdf,Course module viewed
SYN2023_032,2023-11-25 18:27:29,File,Learning material 3.pdf,Course module viewed
SYN2023_032,2023-11-27 14:01:21,Assignment,Assignment: 1,Submission status viewed
SYN2023_032,2023-11-27 16:10:45,File,Learning material 4.pdf,Course module viewed
SYN2023_032,2023-11-28 17:00:02,File,Learning material 1.pdf,Course module viewed
SYN2023_032,2023-11-30 16:24:18,Assignment,Assignment: 3,Submission status viewed
SYN2023_032,2023-11-30 16:40:19,File,Learning material 5.pdf,Course module viewed
SYN2023_032,2023-12-02 19:20:30,Assignment,Assignment: 1,Assignment submitted
SYN2023_032,2023-12-04 09:44:50,File,Learning material 3.pdf,Course module viewed
SYN2023_032,2023-12-04 14:18:24,Assignment,Assignment: 2,Submission status viewed
SYN2023_032,2023-12-04 17:03:24,File,Learning material 1.pdf,Course module viewed
SYN2023_032,2023-12-04 18:28:12,Assignment,Assignment: 3,Submission status viewed
SYN2023_032,2023-12-04 19:22:47,Quiz,Quiz: 3,Quiz attempt viewed
SYN2023_032,2023-12-05 18:01:31,Assignment,Assignment: 3,Assignment submitted
SYN2023_032,2023-12-06 16:42:59,File,Learning material 6.pdf,Course module viewed
SYN2023_032,2023-12-07 18:07:03,File,Learning material 4.pdf,Course module viewed
SYN2023_032,2023-12-08 18:43:11,Assignment,Assignment: 3,Submission status viewed
SYN2023_032,2023-12-09 09:03:49,File,Learning material 1.pdf,Course module viewed
SYN2023_032,2023-12-09 15:25:30,Quiz,Quiz: 2,Quiz attempt viewed
SYN2023_032,2023-12-10 09:47:52,Quiz,Quiz: 3,Quiz attempt viewed
SYN2023_032,2023-12-10 18:06:47,File,Learning material 7.pdf,Course module viewed
SYN2023_032,2023-12-10 19:29:12,Quiz,Quiz: 2,Quiz attempt viewed
SYN2023_032,2023-12-11 14:30:37,Assignment,Assignment: 2,Submission status viewed
SYN2023_032,2023-12-11 17:02:13,Quiz,Quiz: 2,Quiz attempt viewed
SYN2023_033,2023-10-19 19:29:02,File,Learning material 3.pdf,Course module viewed
SYN2023_033,2023-10-21 18:57:14,Quiz,Quiz: 1,Quiz attempt viewed
SYN2023_033,2023-10-23 10:49:49,Quiz,Quiz: 3,Quiz attempt viewed
SYN2023_033,2023-10-26 16:52:08,File,Learning material 7.pdf,Course module viewed
SYN2023_033,2023-10-28 13:13:59,Quiz,Quiz: 3,Quiz attempt viewed
SYN2023_033,2023-11-05 19:30:55,Assignment,Assignment: 1,Submission status viewed
SYN2023_033,2023-11-09 12:17:37,File,Learning material 3.pdf,Course module viewed
SYN2023_033,2023-11-10 19:55:01,Assignment,Assignment: 1,Assignment submitted
SYN2023_033,2023-11-15 10:33:47,Assignment,Assignment: 2,Submission status viewed
SYN2023_033,2023-11-15 17:33:13,File,Learning material 7.pdf,Course module viewed
SYN2023_033,2023-11-17 16:20:19,Quiz,Quiz: 2,Quiz attempt viewed
SYN2023_033,2023-11-18 16:25:10,Assignment,Assignment: 2,Submission status viewed
SYN2023_033,2023-11-19 18:28:31,File,Learning material 6.pdf,Course module viewed
SYN2023_033,2023-11-21 23:25:13,File,Learning material 7.pdf,Course module viewed
SYN2023_033,2023-11-22 13:02:18,File,Learning material 2.pdf,Course module viewed
SYN2023_033,2023-11-23 09:37:25,File,Learning material 1.pdf,Course module viewed
SYN2023_033,2023-11-23 16:33:21,File,Learning material 6.pdf,Course module viewed
SYN2023_033,2023-11-24 19:05:50,Assignment,Assignment: 2,Assignment submitted
SYN2023_033,2023-11-26 16:02:27,Assignment,Assignment: 3,Submission status viewed
SYN2023_033,2023-11-27 14:42:00,Assignment,Assignment: 2,Submission status viewed
SYN2023_033,2023-11-27 15:50:13,Assignment,Assignment: 2,Submission status viewed
SYN2023_033,2023-11-28 14:40:41,File,Learning material 8.pdf,Course module viewed
SYN2023_033,2023-11-30 17:48:24,File,Learning material 4.pdf,Course module viewed
SYN2023_033,2023-12-01 11:53:33,File,Learning material 1.pdf,Course module viewed
SYN2023_033,2023-12-01 14:55:33,Forum,Course forum,Discussion viewed
SYN2023_033,2023-12-01 15:10:51,Forum,Course forum,Discussion viewed
SYN2023_033,2023-12-02 14:49:38,Quiz,Quiz: 2,Quiz attempt viewed
SYN2023_033,2023-12-02 17:22:27,File,Learning material 2.pdf,Course module viewed
SYN2023_033,2023-12-02 17:42:29,File,Learning material 5.pdf,Course module viewed
SYN2023_033,2023-12-02 18:44:22,File,Learning material 5.pdf,Course module viewed
SYN2023_033,2023-12-02 18:44:36,File,Learning material 6.pdf,Course module viewed
SYN2023_033,2023-12-03 12:46:17,File,Learning material 2.pdf,Course module viewed
SYN2023_033,2023-12-03 15:16:05,Assignment,Assignment: 3,Assignment submitted
SYN2023_033,2023-12-03 15:19:41,Quiz,Quiz: 1,Quiz attempt viewed
SYN2023_033,2023-12-03 16:47:52,File,Learning material 6.pdf,Course module viewed
SYN2023_033,2023-12-03 17:51:05,File,Learning material 5.pdf,Course module viewed
SYN2023_033,2023-12-04 08:21:31,Assignment,Assignment: 3,Submission status viewed
SYN2023_033,2023-12-04 12:15:04,Quiz,Quiz: 2,Quiz attempt viewed
SYN2023_033,2023-12-04 17:20:01,File,Learning material 1.pdf,Course module viewed
SYN2023_033,2023-12-04 22:09:11,Assignment,Assignment: 1,Submission status viewed
SYN2023_033,2023-12-05 12:39:15,Assignment,Assignment: 3,Submission status viewed
SYN2023_033,2023-12-05 17:18:18,File,Learning material 6.pdf,Course module viewed
SYN2023_033,2023-12-05 19:38:39,File,Learning material 7.pdf,Course module viewed
SYN2023_033,2023-12-05 20:50:12,File,Learning material 4.pdf,Course module viewed
SYN2023_033,2023-12-06 17:20:52,File,Learning material 5.pdf,Course module viewed
SYN2023_033,2023-12-06 17:54:34,File,Learning material 2.pdf,Course module viewed
SYN2023_033,2023-12-07 15:07:41,File,Learning material 3.pdf,Course module viewed
SYN2023_033,2023-12-07 17:56:24,Quiz,Quiz: 1,Quiz attempt viewed
SYN2023_033,2023-12-07 19:41:09,File,Learning material 5.pdf,Course module viewed
SYN2023_033,2023-12-09 11:05:01,Quiz,Quiz: 1,Quiz attempt viewed
SYN2023_033,2023-12-09 11:43:26,File,Learning material 8.pdf,Course module viewed
SYN2023_033,2023-12-09 13:09:26,File,Learning material 3.pdf,Course module viewed
SYN2023_033,2023-12-09 18:00:31,File,Learning material 1.pdf,Course module viewed
SYN2023_033,2023-12-09 18:51:53,File,Learning material 7.pdf,Course module viewed
SYN2023_033,2023-12-09 20:57:17,File,Learning material 2.pdf,Course module viewed
SYN2023_033,2023-12-10 15:14:17,Quiz,Quiz: 2,Quiz attempt viewed
SYN2023_033,2023-12-10 22:38:48,Assignment,Assignment: 2,Submission status viewed
SYN2023_033,2023-12-11 08:24:41,File,Learning material 5.pdf,Course module viewed
SYN2023_033,2023-12-12 11:19:30,Forum,Course forum,Discussion viewed
SYN2023_033,2023-12-12 11:50:55,File,Learning material 3.pdf,Course module viewed
SYN2023_033,2023-12-12 14:30:50,Assignment,Assignment: 1,Submission status viewed
SYN2023_033,2023-12-12 15:15:37,File,Learning material 4.pdf,Course module viewed
SYN2023_033,2023-12-12 16:32:34,Assignment,Assignment: 1,Submission status viewed
SYN2023_033,2023-12-12 17:49:10,Quiz,Quiz: 2,Quiz attempt viewed
SYN2023_033,2023-12-12 19:31:12,File,Learning material 8.pdf,Course module viewed
SYN2023_034,2023-10-22 15:47:31,File,Learning material 4.pdf,Course module viewed
SYN2023_034,2023-10-23 14:13:20,File,Learning material 7.pdf,Course module viewed
SYN2023_034,2023-10-25 16:54:59,Quiz,Quiz: 3,Quiz attempt viewed
SYN2023_034,2023-10-29 15:42:57,File,Learning material 2.pdf,Course module viewed
SYN2023_034,2023-10-29 21:38:10,Assignment,Assignment: 1,Submission status viewed
SYN2023_034,2023-10-30 14:18:26,Quiz,Quiz: 3,Quiz attempt viewed
SYN2023_034,2023-11-04 15:10:41,File,Learning material 6.pdf,Course module viewed
SYN2023_034,2023-11-06 13:34:12,Quiz,Quiz: 1,Quiz attempt viewed
SYN2023_034,2023-11-11 13:57:04,Assignment,Assignment: 2,Submission status viewed
SYN2023_034,2023-11-14 15:13:49,File,Learning material 6.pdf,Course module viewed
SYN2023_034,2023-11-19 14:55:41,File,Learning material 4.pdf,Course module viewed
SYN2023_034,2023-11-19 16:18:22,File,Learning material 1.pdf,Course module viewed
SYN2023_034,2023-11-19 19:57:38,Assignment,Assignment: 2,Submission status viewed
SYN2023_034,2023-11-22 17:43:43,Assignment,Assignment: 1,Submission status viewed
SYN2023_034,2023-11-22 19:15:16,Assignment,Assignment: 2,Assignment submitted
SYN2023_034,2023-11-28 18:54:40,File,Learning material 4.pdf,Course module viewed
SYN2023_034,2023-11-29 18:07:02,File,Learning material 1.pdf,Course module viewed
SYN2023_034,2023-12-01 14:29:44,File,Learning material 1.pdf,Course module viewed
SYN2023_034,2023-12-01 16:51:04,Forum,Course forum,Discussion viewed
SYN2023_034,2023-12-01 18:45:53,File,Learning material 1.pdf,Course module viewed
SYN2023_034,2023-12-02 14:20:22,Assignment,Assignment: 2,Submission status viewed
SYN2023_034,2023-12-02 15:57:20,File,Learning material 3.pdf,Course module viewed
SYN2023_034,2023-12-02 16:35:13,File,Learning material 7.pdf,Course module viewed
SYN2023_034,2023-12-03 15:45:15,Assignment,Assignment: 3,Submission status viewed
SYN2023_034,2023-12-03 16:43:37,Assignment,Assignment: 1,Submission status viewed
SYN2023_034,2023-12-04 15:47:17,Quiz,Quiz: 2,Quiz attempt viewed
SYN2023_034,2023-12-04 18:23:43,File,Learning material 1.pdf,Course module viewed
SYN2023_034,2023-12-04 21:31:43,File,Learning material 8.pdf,Course module viewed
SYN2023_034,2023-12-05 13:51:17,File,Learning material 8.pdf,Course module viewed
SYN2023_034,2023-12-05 14:16:21,Assignment,Assignment: 3,Submission status viewed
SYN2023_034,2023-12-05 14:21:44,Assignment,Assignment: 3,Submission status viewed
SYN2023_034,2023-12-05 16:32:00,File,Learning material 1.pdf,Course module viewed
SYN2023_034,2023-12-07 17:43:14,Assignment,Assignment: 1,Assignment submitted
SYN2023_034,2023-12-07 18:22:53,Quiz,Quiz: 1,Quiz attempt viewed
SYN2023_034,2023-12-07 19:30:22,File,Learning material 3.pdf,Course module viewed
SYN2023_034,2023-12-08 13:31:49,Quiz,Quiz: 2,Quiz attempt viewed
SYN2023_034,2023-12-08 19:44:59,Assignment,Assignment: 3,Assignment submitted
SYN2023_034,2023-12-09 17:31:41,File,Learning material 5.pdf,Course module viewed
SYN2023_034,2023-12-11 11:47:33,Quiz,Quiz: 3,Quiz attempt viewed
SYN2023_034,2023-12-11 12:36:36,Quiz,Quiz: 1,Quiz attempt viewed
SYN2023_034,2023-12-11 15:24:27,Quiz,Quiz: 3,Quiz attempt viewed
SYN2023_034,2023-12-11 15:53:20,Assignment,Assignment: 3,Submission status viewed
SYN2023_034,2023-12-11 17:42:30,File,Learning material 8.pdf,Course module viewed
SYN2023_034,2023-12-12 14:28:00,File,Learning material 6.pdf,Course module viewed
SYN2023_034,2023-12-12 16:05:01,Quiz,Quiz: 1,Quiz attempt viewed
SYN2023_034,2023-12-12 19:12:15,Assignment,Assignment: 2,Submission status viewed
SYN2023_034,2023-12-12 19:52:17,Forum,Course forum,Discussion viewed
SYN2023_035,2023-10-21 23:02:13,File,Learning material 5.pdf,Course module viewed
SYN2023_035,2023-10-25 09:28:12,Assignment,Assignment: 3,Submission status viewed
SYN2023_035,2023-10-25 17:12:41,Forum,Course forum,Discussion viewed
SYN2023_035,2023-10-28 16:26:38,File,Learning material 1.pdf,Course module viewed
SYN2023_035,2023-10-31 15:21:07,File,Learning material 1.pdf,Course module viewed
SYN2023_035,2023-10-31 17:25:59,Assignment,Assignment: 3,Submission status viewed
SYN2023_035,2023-11-01 09:13:39,Quiz,Quiz: 2,Quiz attempt viewed
SYN2023_035,2023-11-01 14:11:23,Quiz,Quiz: 3,Quiz attempt viewed
SYN2023_035,2023-11-04 07:01:00,Assignment,Assignment: 2,Submission status viewed
SYN2023_035,2023-11-05 11:18:21,File,Learning material 5.pdf,Course module viewed
SYN2023_035,2023-11-06 19:17:56,File,Learning material 1.pdf,Course module viewed
SYN2023_035,2023-11-08 12:07:08,File,Learning material 7.pdf,Course module viewed
SYN2023_035,2023-11-08 20:19:05,Assignment,Assignment: 2,Assignment submitted
SYN2023_035,2023-11-10 14:34:25,Assignment,Assignment: 1,Submission status viewed
SYN2023_035,2023-11-10 15:15:11,File,Learning material 2.pdf,Course module viewed
SYN2023_035,2023-11-14 17:53:22,Quiz,Quiz: 3,Quiz attempt viewed
SYN2023_035,2023-11-19 15:58:49,Assignment,Assignment: 3,Submission status viewed
SYN2023_035,2023-11-20 18:02:42,Assignment,Assignment: 1,Submission status viewed
SYN2023_035,2023-11-21 19:54:39,File,Learning material 2.pdf,Course module viewed
SYN2023_035,2023-11-25 13:10:22,Quiz,Quiz: 2,Quiz attempt viewed
SYN2023_035,2023-11-25 18:44:46,File,Learning material 1.pdf,Course module viewed
SYN2023_035,2023-11-25 20:21:54,Assignment,Assignment: 1,Assignment submitted
SYN2023_035,2023-11-26 11:15:19,Forum,Course forum,Discussion viewed
SYN2023_035,2023-11-27 12:28:48,Assignment,Assignment: 2,Submission status viewed
SYN2023_035,2023-11-28 18:29:11,File,Learning material 6.pdf,Course module viewed
SYN2023_035,2023-11-29 12:58:11,File,Learning material 6.pdf,Course module viewed
SYN2023_035,2023-11-30 20:30:10,File,Learning material 4.pdf,Course module viewed
SYN2023_035,2023-12-02 13:08:50,Quiz,Quiz: 1,Quiz attempt viewed
SYN2023_035,2023-12-02 16:51:09,File,Learning material 5.pdf,Course module viewed
SYN2023_035,2023-12-02 18:23:19,Assignment,Assignment: 2,Submission status viewed
SYN2023_035,2023-12-02 19:24:34,Assignment,Assignment: 3,Submission status viewed
SYN2023_035,2023-12-03 14:14:21,File,Learning material 8.pdf,Course module viewed
SYN2023_035,2023-12-03 18:42:52,Forum,Course forum,Discussion viewed
SYN2023_035,2023-12-05 14:46:57,Assignment,Assignment: 3,Submission status viewed
SYN2023_035,2023-12-06 15:33:11,Quiz,Quiz: 1,Quiz attempt viewed
SYN2023_035,2023-12-07 16:01:21,Assignment,Assignment: 3,Assignment submitted
SYN2023_035,2023-12-11 19:46:50,File,Learning material 1.pdf,Course module viewed
SYN2023_036,2023-10-20 16:16:32,Quiz,Quiz: 2,Quiz attempt viewed
SYN2023_036,2023-10-22 13:05:38,File,Learning material 7.pdf,Course module viewed
SYN2023_036,2023-10-22 20:33:21,File,Learning material 1.pdf,Course module viewed
SYN2023_036,2023-10-23 13:07:05,File,Learning material 7.pdf,Course module viewed
SYN2023_036,2023-10-28 14:20:58,File,Learning material 6.pdf,Course module viewed
SYN2023_036,2023-10-28 14:44:48,Assignment,Assignment: 2,Submission status viewed
SYN2023_036,2023-11-01 18:52:33,Forum,Course forum,Discussion viewed
SYN2023_036,2023-11-06 14:22:54,Assignment,Assignment: 3,Submission status viewed
SYN2023_036,2023-11-07 15:08:28,File,Learning material 6.pdf,Course module viewed
SYN2023_036,2023-11-07 15:51:57,Assignment,Assignment: 1,Submission status viewed
SYN2023_036,2023-11-08 10:44:48,File,Learning material 5.pdf,Course module viewed
SYN2023_036,2023-11-10 13:11:37,Forum,Course forum,Discussion viewed
SYN2023_036,2023-11-12 13:34:01,File,Learning material 4.pdf,Course module viewed
SYN2023_036,2023-11-12 18:58:01,Quiz,Quiz: 1,Quiz attempt viewed
SYN2023_036,2023-11-13 13:52:13,Quiz,Quiz: 3,Quiz attempt viewed
SYN2023_036,2023-11-15 13:37:53,Forum,Course forum,Discussion viewed
SYN2023_036,2023-11-18 18:57:31,Assignment,Assignment: 1,Submission status viewed
SYN2023_036,2023-11-19 19:41:06,File,Learning material 1.pdf,Course module viewed
SYN2023_036,2023-11-22 22:38:27,Assignment,Assignment: 2,Submission status viewed
SYN2023_036,2023-11-23 18:37:10,Assignment,Assignment: 1,Assignment submitted
SYN2023_036,2023-11-24 10:54:26,Assignment,Assignment: 3,Submission status viewed
SYN2023_036,2023-11-25 18:35:26,Assignment,Assignment: 2,Assignment submitted
SYN2023_036,2023-11-25 21:58:16,Quiz,Quiz: 1,Quiz attempt viewed
SYN2023_036,2023-11-26 13:08:31,Quiz,Quiz: 1,Quiz attempt viewed
SYN2023_036,2023-11-26 19:55:59,File,Learning material 3.pdf,Course module viewed
SYN2023_036,2023-11-27 18:47:12,File,Learning material 7.pdf,Course module viewed
SYN2023_036,2023-11-30 20:31:30,Assignment,Assignment: 3,Assignment submitted
SYN2023_036,2023-12-04 10:11:50,Quiz,Quiz: 2,Quiz attempt viewed
SYN2023_036,2023-12-05 14:52:54,File,Learning material 5.pdf,Course module viewed
SYN2023_036,2023-12-09 11:45:34,File,Learning material 5.pdf,Course module viewed
SYN2023_036,2023-12-10 09:38:51,Quiz,Quiz: 3,Quiz attempt viewed
SYN2023_036,2023-12-10 14:06:20,Quiz,Quiz: 2,Quiz attempt viewed
SYN2023_036,2023-12-10 15:02:11,File,Learning material 2.pdf,Course module viewed
SYN2023_036,2023-12-10 15:03:17,File,Learning material 1.pdf,Course module viewed
SYN2023_036,2023-12-10 16:02:46,File,Learning material 7.pdf,Course module viewed
SYN2023_036,2023-12-10 17:26:54,File,Learning material 1.pdf,Course module viewed
SYN2023_036,2023-12-10 19:49:59,Quiz,Quiz: 3,Quiz attempt viewed
SYN2023_036,2023-12-10 23:54:20,File,Learning material 7.pdf,Course module viewed
SYN2023_036,2023-12-11 11:01:28,File,Learning material 2.pdf,Course module viewed
SYN2023_036,2023-12-11 11:20:57,Quiz,Quiz: 3,Quiz attempt viewed
SYN2023_036,2023-12-11 12:06:54,File,Learning material 1.pdf,Course module viewed
SYN2023_036,2023-12-11 14:58:34,Quiz,Quiz: 2,Quiz attempt viewed
SYN2023_036,2023-12-11 15:29:18,Quiz,Quiz: 1,Quiz attempt viewed
SYN2023_036,2023-12-11 18:20:29,Quiz,Quiz: 3,Quiz attempt viewed
SYN2023_036,2023-12-11 18:27:19,File,Learning material 6.pdf,Course module viewed
SYN2023_036,2023-12-11 19:01:25,File,Learning material 6.pdf,Course module viewed
SYN2023_036,2023-12-11 20:47:26,Quiz,Quiz: 3,Quiz attempt viewed
SYN2023_036,2023-12-12 10:30:48,Assignment,Assignment: 3,Submission status viewed
SYN2023_036,2023-12-12 10:49:06,Forum,Course forum,Discussion viewed
SYN2023_036,2023-12-12 12:04:44,Quiz,Quiz: 1,Quiz attempt viewed
SYN2023_036,2023-12-12 13:09:15,File,Learning material 3.pdf,Course module viewed
SYN2023_036,2023-12-12 14:13:28,File,Learning material 5.pdf,Course module viewed
SYN2023_036,2023-12-12 16:05:29,File,Learning material 3.pdf,Course module viewed
SYN2023_036,2023-12-12 18:24:31,File,Learning material 1.pdf,Course module viewed
SYN2023_036,2023-12-12 18:37:01,Quiz,Quiz: 2,Quiz attempt viewed
SYN2023_037,2023-10-22 17:42:53,File,Learning material 6.pdf,Course module viewed
SYN2023_037,2023-10-26 11:58:48,Quiz,Quiz: 3,Quiz attempt viewed
SYN2023_037,2023-10-28 13:45:32,File,Learning material 1.pdf,Course module viewed
SYN2023_037,2023-11-01 19:31:20,File,Learning material 5.pdf,Course module viewed
SYN2023_037,2023-11-07 21:26:19,Assignment,Assignment: 3,Submission status viewed
SYN2023_037,2023-11-08 09:52:20,Assignment,Assignment: 3,Assignment submitted
SYN2023_037,2023-11-11 18:18:02,Quiz,Quiz: 1,Quiz attempt viewed
SYN2023_037,2023-11-12 17:51:46,Forum,Course forum,Discussion viewed
SYN2023_037,2023-11-13 10:58:17,File,Learning material 5.pdf,Course module viewed
SYN2023_037,2023-11-13 19:57:48,File,Learning material 7.pdf,Course module viewed
SYN2023_037,2023-11-15 16:06:54,Assignment,Assignment: 1,Submission status viewed
SYN2023_037,2023-11-20 14:32:10,File,Learning material 6.pdf,Course module viewed
SYN2023_037,2023-11-21 09:09:54,Assignment,Assignment: 1,Assignment submitted
SYN2023_037,2023-11-22 14:39:17,Assignment,Assignment: 1,Submission status viewed
SYN2023_037,2023-11-22 17:21:15,File,Learning material 1.pdf,Course module viewed
SYN2023_037,2023-11-22 18:24:08,File,Learning material 5.pdf,Course module viewed
SYN2023_037,2023-11-24 13:49:02,Assignment,Assignment: 2,Submission status viewed
SYN2023_037,2023-11-28 17:11:10,Assignment,Assignment: 1,Submission status viewed
SYN2023_037,2023-11-30 21:59:48,Assignment,Assignment: 2,Assignment submitted
SYN2023_037,2023-12-06 20:10:22,File,Learning material 3.pdf,Course module viewed
SYN2023_037,2023-12-10 14:04:52,File,Learning material 1.pdf,Course module viewed
SYN2023_037,2023-12-10 15:38:02,Forum,Course forum,Discussion viewed
SYN2023_037,2023-12-10 15:41:43,Quiz,Quiz: 1,Quiz attempt viewed
SYN2023_037,2023-12-10 16:10:27,Quiz,Quiz: 2,Quiz attempt viewed
SYN2023_037,2023-12-10 16:32:58,File,Learning material 1.pdf,Course module viewed
SYN2023_037,2023-12-10 18:01:54,File,Learning material 8.pdf,Course module viewed
SYN2023_037,2023-12-10 18:10:16,File,Learning material 3.pdf,Course module viewed
SYN2023_037,2023-12-10 19:20:00,File,Learning material 3.pdf,Course module viewed
SYN2023_037,2023-12-10 19:29:42,File,Learning material 4.pdf,Course module viewed
SYN2023_037,2023-12-10 19:29:58,File,Learning material 1.pdf,Course module viewed
SYN2023_037,2023-12-10 20:07:08,File,Learning material 6.pdf,Course module viewed
SYN2023_037,2023-12-10 21:11:38,File,Learning material 7.pdf,Course module viewed
SYN2023_037,2023-12-10 21:36:58,File,Learning material 6.pdf,Course module viewed
SYN2023_037,2023-12-11 12:47:34,File,Learning material 7.pdf,Course module viewed
SYN2023_037,2023-12-11 13:16:27,Assignment,Assignment: 2,Submission status viewed
SYN2023_037,2023-12-11 15:31:17,File,Learning material 8.pdf,Course module viewed
SYN2023_037,2023-12-11 16:02:50,File,Learning material 5.pdf,Course module viewed
SYN2023_037,2023-12-11 16:24:14,File,Learning material 3.pdf,Course module viewed
SYN2023_037,2023-12-11 17:04:27,File,Learning material 1.pdf,Course module viewed
SYN2023_037,2023-12-11 17:09:38,File,Learning material 5.pdf,Course module viewed
SYN2023_037,2023-12-11 17:12:29,Quiz,Quiz: 2,Quiz attempt viewed
SYN2023_037,2023-12-11 17:52:36,Assignment,Assignment: 1,Submission status viewed
SYN2023_037,2023-12-11 19:35:01,File,Learning material 4.pdf,Course module viewed
SYN2023_037,2023-12-11 21:47:32,File,Learning material 6.pdf,Course module viewed
SYN2023_037,2023-12-12 14:53:57,Quiz,Quiz: 2,Quiz attempt viewed
SYN2023_037,2023-12-12 15:14:24,File,Learning material 5.pdf,Course module viewed
SYN2023_037,2023-12-12 15:39:38,File,Learning material 3.pdf,Course module viewed
SYN2023_037,2023-12-12 16:33:55,Quiz,Quiz: 3,Quiz attempt viewed
SYN2023_037,2023-12-12 17:35:33,File,Learning material 5.pdf,Course module viewed
SYN2023_037,2023-12-12 18:56:38,File,Learning material 8.pdf,Course module viewed
SYN2023_037,2023-12-12 19:40:02,File,Learning material 5.pdf,Course module viewed
SYN2023_037,2023-12-12 19:40:20,Assignment,Assignment: 1,Submission status viewed
SYN2023_038,2023-10-20 13:08:52,File,Learning material 5.pdf,Course module viewed
SYN2023_038,2023-10-22 08:10:48,File,Learning material 1.pdf,Course module viewed
SYN2023_038,2023-10-24 14:00:54,Forum,Course forum,Discussion viewed
SYN2023_038,2023-10-28 08:45:35,File,Learning material 2.pdf,Course module viewed
SYN2023_038,2023-10-30 18:10:16,Quiz,Quiz: 1,Quiz attempt viewed
SYN2023_038,2023-11-01 12:29:41,File,Learning material 5.pdf,Course module viewed
SYN2023_038,2023-11-02 14:38:12,File,Learning material 6.pdf,Course module viewed
SYN2023_038,2023-11-09 15:27:24,File,Learning material 7.pdf,Course module viewed
SYN2023_038,2023-11-13 12:39:55,Assignment,Assignment: 3,Submission status viewed
SYN2023_038,2023-11-14 13:55:51,Assignment,Assignment: 1,Submission status viewed
SYN2023_038,2023-11-14 21:10:32,Assignment,Assignment: 2,Submission status viewed
SYN2023_038,2023-11-17 16:30:15,File,Learning material 6.pdf,Course module viewed
SYN2023_038,2023-11-17 23:45:28,Assignment,Assignment: 3,Assignment submitted
SYN2023_038,2023-11-18 13:02:56,File,Learning material 5.pdf,Course module viewed
SYN2023_038,2023-11-18 15:57:17,File,Learning material 8.pdf,Course module viewed
SYN2023_038,2023-11-21 20:47:43,Assignment,Assignment: 2,Assignment submitted
SYN2023_038,2023-11-21 23:30:21,Assignment,Assignment: 1,Assignment submitted
SYN2023_038,2023-11-22 11:48:14,Quiz,Quiz: 1,Quiz attempt viewed
SYN2023_038,2023-11-23 14:54:14,File,Learning material 2.pdf,Course module viewed
SYN2023_038,2023-11-24 19:32:10,Assignment,Assignment: 2,Submission status viewed
SYN2023_038,2023-11-26 15:10:05,File,Learning material 1.pdf,Course module viewed
SYN2023_038,2023-11-28 16:13:16,Assignment,Assignment: 2,Submission status viewed
SYN2023_038,2023-12-01 10:38:38,Quiz,Quiz: 3,Quiz attempt viewed
SYN2023_038,2023-12-01 14:26:49,File,Learning material 1.pdf,Course module viewed
SYN2023_038,2023-12-01 22:21:59,File,Learning material 2.pdf,Course module viewed
SYN2023_038,2023-12-02 18:45:29,File,Learning material 1.pdf,Course module viewed
SYN2023_038,2023-12-03 10:33:58,File,Learning material 2.pdf,Course module viewed
SYN2023_038,2023-12-03 16:12:35,Quiz,Quiz: 3,Quiz attempt viewed
SYN2023_038,2023-12-03 17:52:09,File,Learning material 8.pdf,Course module viewed
SYN2023_038,2023-12-04 14:03:40,File,Learning material 2.pdf,Course module viewed
SYN2023_038,2023-12-04 14:37:36,File,Learning material 1.pdf,Course module viewed
SYN2023_038,2023-12-05 16:33:52,File,Learning material 3.pdf,Course module viewed
SYN2023_038,2023-12-06 17:27:51,Quiz,Quiz: 2,Quiz attempt viewed
SYN2023_038,2023-12-07 08:29:02,File,Learning material 1.pdf,Course module viewed
SYN2023_038,2023-12-07 10:22:28,Assignment,Assignment: 1,Submission status viewed
SYN2023_039,2023-10-19 15:08:55,Assignment,Assignment: 1,Submission status viewed
SYN2023_039,2023-10-19 18:44:59,Forum,Course forum,Discussion viewed
SYN2023_039,2023-10-21 12:10:02,Forum,Course forum,Discussion viewed
SYN2023_039,2023-10-21 13:52:28,Quiz,Quiz: 3,Quiz attempt viewed
SYN2023_039,2023-10-25 16:03:00,File,Learning material 6.pdf,Course module viewed
SYN2023_039,2023-10-26 18:25:10,File,Learning material 5.pdf,Course module viewed
SYN2023_039,2023-10-28 18:23:03,Quiz,Quiz: 2,Quiz attempt viewed
SYN2023_039,2023-10-28 19:30:41,File,Learning material 5.pdf,Course module viewed
SYN2023_039,2023-10-29 17:19:59,Quiz,Quiz: 2,Quiz attempt viewed
SYN2023_039,2023-10-31 13:54:36,Assignment,Assignment: 3,Submission status viewed
SYN2023_039,2023-11-01 20:25:59,File,Learning material 6.pdf,Course module viewed
SYN2023_039,2023-11-02 19:03:44,File,Learning material 5.pdf,Course module viewed
SYN2023_039,2023-11-03 17:03:07,Forum,Course forum,Discussion viewed
SYN2023_039,2023-11-05 12:32:05,Quiz,Quiz: 2,Quiz attempt viewed
SYN2023_039,2023-11-06 12:26:51,File,Learning material 2.pdf,Course module viewed
SYN2023_039,2023-11-07 20:14:57,File,Learning material 8.pdf,Course module viewed
SYN2023_039,2023-11-08 16:14:08,File,Learning material 8.pdf,Course module viewed
SYN2023_039,2023-11-10 19:58:20,Assignment,Assignment: 2,Submission status viewed
SYN2023_039,2023-11-10 20:48:58,Assignment,Assignment: 3,Submission status viewed
SYN2023_039,2023-11-11 11:29:27,Forum,Course forum,Discussion viewed
SYN2023_039,2023-11-12 12:33:00,File,Learning material 4.pdf,Course module viewed
SYN2023_039,2023-11-12 20:59:00,Assignment,Assignment: 1,Submission status viewed
SYN2023_039,2023-11-13 14:34:45,File,Learning material 1.pdf,Course module viewed
SYN2023_039,2023-11-13 17:07:15,File,Learning material 4.pdf,Course module viewed
SYN2023_039,2023-11-13 19:50:53,File,Learning material 7.pdf,Course module viewed
SYN2023_039,2023-11-14 14:03:14,Assignment,Assignment: 2,Submission status viewed
SYN2023_039,2023-11-14 14:36:17,File,Learning material 2.pdf,Course module viewed
SYN2023_039,2023-11-14 19:57:37,Assignment,Assignment: 3,Assignment submitted
SYN2023_039,2023-11-16 21:15:57,Quiz,Quiz: 2,Quiz attempt viewed
SYN2023_039,2023-11-16 22:50:52,Assignment,Assignment: 3,Submission status viewed
SYN2023_039,2023-11-17 20:44:59,Assignment,Assignment: 1,Submission status viewed
SYN2023_039,2023-11-18 15:02:37,Quiz,Quiz: 2,Quiz attempt viewed
SYN2023_039,2023-11-18 18:14:06,File,Learning material 7.pdf,Course module viewed
SYN2023_039,2023-11-21 15:16:08,File,Learning material 4.pdf,Course module viewed
SYN2023_039,2023-11-21 18:11:13,File,Learning material 7.pdf,Course module viewed
SYN2023_039,2023-11-22 21:19:15,Assignment,Assignment: 2,Assignment submitted
SYN2023_039,2023-11-22 21:44:10,Assignment,Assignment: 1,Submission status viewed
SYN2023_039,2023-11-24 18:54:11,File,Learning material 6.pdf,Course module viewed
SYN2023_039,2023-11-25 23:42:22,Assignment,Assignment: 1,Assignment submitted
SYN2023_039,2023-11-26 13:53:38,Assignment,Assignment: 3,Submission status viewed
SYN2023_039,2023-11-27 20:22:23,Forum,Course forum,Discussion viewed
SYN2023_039,2023-11-28 16:03:59,File,Learning material 3.pdf,Course module viewed
SYN2023_039,2023-12-02 15:14:14,File,Learning material 1.pdf,Course module viewed
SYN2023_039,2023-12-02 17:29:24,File,Learning material 1.pdf,Course module viewed
SYN2023_039,2023-12-03 17:55:15,File,Learning material 6.pdf,Course module viewed
SYN2023_039,2023-12-04 17:46:29,File,Learning material 7.pdf,Course module viewed
SYN2023_039,2023-12-04 17:48:41,Quiz,Quiz: 1,Quiz attempt viewed
SYN2023_039,2023-12-04 22:58:53,Assignment,Assignment: 1,Submission status viewed
SYN2023_039,2023-12-06 13:14:54,Quiz,Quiz: 3,Quiz attempt viewed
SYN2023_039,2023-12-06 13:45:40,File,Learning material 3.pdf,Course module viewed
SYN2023_039,2023-12-06 14:33:06,File,Learning material 6.pdf,Course module viewed
SYN2023_039,2023-12-07 12:26:13,Forum,Course forum,Discussion viewed
SYN2023_039,2023-12-07 14:09:14,File,Learning material 4.pdf,Course module viewed
SYN2023_039,2023-12-07 20:42:17,Quiz,Quiz: 3,Quiz attempt viewed
SYN2023_039,2023-12-08 16:10:21,File,Learning material 5.pdf,Course module viewed
SYN2023_039,2023-12-09 12:02:47,File,Learning material 2.pdf,Course module viewed
SYN2023_039,2023-12-09 15:21:14,Quiz,Quiz: 1,Quiz attempt viewed
SYN2023_039,2023-12-09 15:40:30,Quiz,Quiz: 3,Quiz attempt viewed
SYN2023_039,2023-12-09 17:47:38,File,Learning material 1.pdf,Course module viewed
SYN2023_039,2023-12-09 17:47:39,File,Learning material 4.pdf,Course module viewed
SYN2023_039,2023-12-09 21:13:11,File,Learning material 5.pdf,Course module viewed
SYN2023_039,2023-12-11 14:44:20,File,Learning material 2.pdf,Course module viewed
SYN2023_039,2023-12-11 17:17:21,Quiz,Quiz: 1,Quiz attempt viewed
SYN2023_039,2023-12-11 17:36:16,File,Learning material 6.pdf,Course module viewed
SYN2023_039,2023-12-11 19:38:32,File,Learning material 4.pdf,Course module viewed
SYN2023_040,2023-10-21 20:20:55,File,Learning material 5.pdf,Course module viewed
SYN2023_040,2023-10-24 13:02:31,File,Learning material 8.pdf,Course module viewed
SYN2023_040,2023-10-27 17:16:40,Forum,Course forum,Discussion viewed
SYN2023_040,2023-10-28 12:26:16,File,Learning material 8.pdf,Course module viewed
SYN2023_040,2023-10-29 15:03:06,File,Learning material 1.pdf,Course module viewed
SYN2023_040,2023-11-06 15:57:15,File,Learning material 7.pdf,Course module viewed
SYN2023_040,2023-11-11 16:23:44,File,Learning material 8.pdf,Course module viewed
SYN2023_040,2023-11-16 19:21:44,File,Learning material 1.pdf,Course module viewed
SYN2023_040,2023-11-17 10:59:51,Assignment,Assignment: 3,Submission status viewed
SYN2023_040,2023-11-18 09:06:19,Assignment,Assignment: 2,Submission status viewed
SYN2023_040,2023-11-19 13:32:25,Assignment,Assignment: 1,Submission status viewed
SYN2023_040,2023-11-19 14:25:21,File,Learning material 8.pdf,Course module viewed
SYN2023_040,2023-11-19 17:07:22,File,Learning material 4.pdf,Course module viewed
SYN2023_040,2023-11-21 12:56:52,Assignment,Assignment: 3,Assignment submitted
SYN2023_040,2023-11-22 16:02:49,Assignment,Assignment: 3,Submission status viewed
SYN2023_040,2023-11-23 16:02:32,Quiz,Quiz: 3,Quiz attempt viewed
SYN2023_040,2023-11-24 14:17:44,Quiz,Quiz: 2,Quiz attempt viewed
SYN2023_040,2023-11-24 22:54:59,Assignment,Assignment: 2,Assignment submitted
SYN2023_040,2023-11-25 17:08:49,File,Learning material 7.pdf,Course module viewed
SYN2023_040,2023-11-26 14:22:02,Quiz,Quiz: 3,Quiz attempt viewed
SYN2023_040,2023-11-26 16:49:25,Quiz,Quiz: 3,Quiz attempt viewed
SYN2023_040,2023-11-26 18:39:54,Assignment,Assignment: 2,Submission status viewed
SYN2023_040,2023-11-29 12:15:33,File,Learning material 1.pdf,Course module viewed
SYN2023_040,2023-11-29 16:37:46,Assignment,Assignment: 1,Submission status viewed
SYN2023_040,2023-12-01 15:38:47,Quiz,Quiz: 1,Quiz attempt viewed
SYN2023_040,2023-12-03 15:54:30,Assignment,Assignment: 2,Submission status viewed
SYN2023_040,2023-12-03 16:17:34,Assignment,Assignment: 1,Assignment submitted
SYN2023_040,2023-12-03 17:35:45,File,Learning material 1.pdf,Course module viewed
SYN2023_040,2023-12-03 18:30:22,File,Learning material 3.pdf,Course module viewed
SYN2023_040,2023-12-04 19:58:40,File,Learning material 3.pdf,Course module viewed
SYN2023_040,2023-12-04 21:45:59,Forum,Course forum,Discussion viewed
SYN2023_040,2023-12-05 10:41:45,Forum,Course forum,Discussion viewed
SYN2023_040,2023-12-06 10:42:08,Forum,Course forum,Discussion viewed
SYN2023_040,2023-12-06 13:58:33,File,Learning material 5.pdf,Course module viewed
SYN2023_040,2023-12-07 12:53:38,File,Learning material 2.pdf,Course module viewed
SYN2023_040,2023-12-07 14:49:07,File,Learning material 8.pdf,Course module viewed
SYN2023_040,2023-12-07 18:43:57,Quiz,Quiz: 2,Quiz attempt viewed
SYN2023_040,2023-12-08 13:09:57,Forum,Course forum,Discussion viewed
SYN2023_040,2023-12-08 14:38:00,File,Learning material 8.pdf,Course module viewed
SYN2023_040,2023-12-08 15:21:14,File,Learning material 3.pdf,Course module viewed
SYN2023_040,2023-12-09 11:26:05,Assignment,Assignment: 1,Submission status viewed
SYN2023_040,2023-12-09 11:53:52,Quiz,Quiz: 3,Quiz attempt viewed
SYN2023_040,2023-12-09 12:33:55,File,Learning material 7.pdf,Course module viewed
SYN2023_040,2023-12-09 18:39:10,File,Learning material 6.pdf,Course module viewed
SYN2023_040,2023-12-09 22:48:51,File,Learning material 3.pdf,Course module viewed
SYN2023_040,2023-12-10 12:22:59,File,Learning material 1.pdf,Course module viewed
SYN2023_040,2023-12-11 17:43:00,Quiz,Quiz: 1,Quiz attempt viewed
SYN2023_040,2023-12-11 18:16:53,File,Learning material 4.pdf,Course module viewed
SYN2023_040,2023-12-11 20:43:55,Quiz,Quiz: 2,Quiz attempt viewed
SYN2023_040,2023-12-12 23:56:09,Quiz,Quiz: 2,Quiz attempt viewed
SYN2023_041,2023-10-20 16:49:27,File,Learning material 6.pdf,Course module viewed
SYN2023_041,2023-10-24 13:35:42,Forum,Course forum,Discussion viewed
SYN2023_041,2023-10-24 17:10:52,File,Learning material 1.pdf,Course module viewed
SYN2023_041,2023-10-25 15:35:09,File,Learning material 3.pdf,Course module viewed
SYN2023_041,2023-10-28 15:23:53,Quiz,Quiz: 2,Quiz attempt viewed
SYN2023_041,2023-10-29 14:47:30,Assignment,Assignment: 3,Submission status viewed
SYN2023_041,2023-11-01 17:20:01,File,Learning material 6.pdf,Course module viewed
SYN2023_041,2023-11-04 14:05:35,File,Learning material 4.pdf,Course module viewed
SYN2023_041,2023-11-05 18:30:36,Assignment,Assignment: 2,Submission status viewed
SYN2023_041,2023-11-07 17:08:34,File,Learning material 3.pdf,Course module viewed
SYN2023_041,2023-11-11 14:55:26,Assignment,Assignment: 1,Submission status viewed
SYN2023_041,2023-11-13 13:55:28,Assignment,Assignment: 2,Submission status viewed
SYN2023_041,2023-11-15 12:29:26,Quiz,Quiz: 1,Quiz attempt viewed
SYN2023_041,2023-11-15 13:47:48,File,Learning material 1.pdf,Course module viewed
SYN2023_041,2023-11-15 14:08:58,Forum,Course forum,Discussion viewed
SYN2023_041,2023-11-17 18:38:51,Assignment,Assignment: 1,Assignment submitted
SYN2023_041,2023-11-20 18:42:23,File,Learning material 8.pdf,Course module viewed
SYN2023_041,2023-11-22 14:09:36,File,Learning material 5.pdf,Course module viewed
SYN2023_041,2023-11-26 19:26:42,Assignment,Assignment: 2,Submission status viewed
SYN2023_041,2023-11-27 11:29:16,File,Learning material 7.pdf,Course module viewed
SYN2023_041,2023-11-28 14:41:37,Assignment,Assignment: 3,Submission status viewed
SYN2023_041,2023-11-30 18:24:44,File,Learning material 3.pdf,Course module viewed
SYN2023_041,2023-12-01 14:42:42,Assignment,Assignment: 3,Submission status viewed
SYN2023_041,2023-12-02 17:43:33,Assignment,Assignment: 2,Assignment submitted
SYN2023_041,2023-12-02 19:49:38,File,Learning material 7.pdf,Course module viewed
SYN2023_041,2023-12-04 21:59:17,Assignment,Assignment: 3,Assignment submitted
SYN2023_041,2023-12-05 17:39:00,File,Learning material 8.pdf,Course module viewed
SYN2023_041,2023-12-06 09:33:10,File,Learning material 7.pdf,Course module viewed
SYN2023_041,2023-12-06 13:15:29,File,Learning material 1.pdf,Course module viewed
SYN2023_041,2023-12-06 14:40:27,File,Learning material 5.pdf,Course module viewed
SYN2023_041,2023-12-06 15:23:42,Quiz,Quiz: 1,Quiz attempt viewed
SYN2023_041,2023-12-06 16:21:24,File,Learning material 2.pdf,Course module viewed
SYN2023_041,2023-12-06 16:30:52,File,Learning material 1.pdf,Course module viewed
SYN2023_041,2023-12-06 17:37:02,Assignment,Assignment: 2,Submission status viewed
SYN2023_041,2023-12-06 18:10:13,Forum,Course forum,Discussion viewed
SYN2023_041,2023-12-06 18:43:43,File,Learning material 4.pdf,Course module viewed
SYN2023_041,2023-12-07 15:06:29,Forum,Course forum,Discussion viewed
SYN2023_041,2023-12-07 15:59:18,File,Learning material 8.pdf,Course module viewed
SYN2023_041,2023-12-07 18:02:42,Quiz,Quiz: 3,Quiz attempt viewed
SYN2023_041,2023-12-08 16:34:29,Assignment,Assignment: 3,Submission status viewed
SYN2023_041,2023-12-08 16:49:21,Quiz,Quiz: 2,Quiz attempt viewed
SYN2023_041,2023-12-08 17:10:04,File,Learning material 1.pdf,Course module viewed
SYN2023_041,2023-12-08 17:47:37,Forum,Course forum,Discussion viewed
SYN2023_041,2023-12-08 23:07:32,Quiz,Quiz: 2,Quiz attempt viewed
SYN2023_041,2023-12-08 23:10:31,File,Learning material 6.pdf,Course module viewed
SYN2023_041,2023-12-09 13:20:46,Assignment,Assignment: 2,Submission status viewed
SYN2023_041,2023-12-09 13:46:47,File,Learning material 8.pdf,Course module viewed
SYN2023_041,2023-12-09 17:09:05,Assignment,Assignment: 3,Submission status viewed
SYN2023_041,2023-12-09 17:57:08,Assignment,Assignment: 2,Submission status viewed
SYN2023_041,2023-12-09 18:39:04,File,Learning material 4.pdf,Course module viewed
SYN2023_041,2023-12-09 20:11:27,Quiz,Quiz: 2,Quiz attempt viewed
SYN2023_041,2023-12-09 23:18:02,Forum,Course forum,Discussion viewed
SYN2023_041,2023-12-10 13:26:51,File,Learning material 2.pdf,Course module viewed
SYN2023_041,2023-12-10 14:59:33,File,Learning material 1.pdf,Course module viewed
SYN2023_041,2023-12-10 19:27:38,File,Learning material 4.pdf,Course module viewed
SYN2023_041,2023-12-10 20:17:40,File,Learning material 8.pdf,Course module viewed
SYN2023_041,2023-12-10 22:12:36,File,Learning material 7.pdf,Course module viewed
SYN2023_041,2023-12-11 11:50:57,File,Learning material 4.pdf,Course module viewed
SYN2023_041,2023-12-11 13:28:12,Quiz,Quiz: 2,Quiz attempt viewed
SYN2023_041,2023-12-11 14:22:29,File,Learning material 5.pdf,Course module viewed
SYN2023_041,2023-12-11 17:56:35,File,Learning material 8.pdf,Course module viewed
SYN2023_041,2023-12-11 19:28:33,File,Learning material 2.pdf,Course module viewed
SYN2023_041,2023-12-11 20:32:32,File,Learning material 3.pdf,Course module viewed
SYN2023_041,2023-12-11 20:51:09,File,Learning material 8.pdf,Course module viewed
SYN2023_041,2023-12-12 15:21:29,File,Learning material 5.pdf,Course module viewed
SYN2023_041,2023-12-12 15:40:44,Quiz,Quiz: 1,Quiz attempt viewed
SYN2023_041,2023-12-12 17:02:59,Assignment,Assignment: 1,Submission status viewed
SYN2023_041,2023-12-12 17:58:53,Quiz,Quiz: 3,Quiz attempt viewed
SYN2023_041,2023-12-12 20:03:20,Forum,Course forum,Discussion viewed
SYN2023_042,2023-10-19 15:07:27,Forum,Course forum,Discussion viewed
SYN2023_042,2023-10-21 16:20:05,File,Learning material 8.pdf,Course module viewed
SYN2023_042,2023-10-21 20:31:20,Assignment,Assignment: 1,Submission status viewed
SYN2023_042,2023-10-26 14:32:27,Quiz,Quiz: 3,Quiz attempt viewed
SYN2023_042,2023-10-28 13:51:50,File,Learning material 7.pdf,Course module viewed
SYN2023_042,2023-10-29 10:41:30,File,Learning material 7.pdf,Course module viewed
SYN2023_042,2023-10-31 16:57:44,Assignment,Assignment: 1,Submission status viewed
SYN2023_042,2023-11-01 15:12:10,File,Learning material 4.pdf,Course module viewed
SYN2023_042,2023-11-02 09:53:42,Assignment,Assignment: 3,Submission status viewed
SYN2023_042,2023-11-05 17:35:22,File,Learning material 3.pdf,Course module viewed
SYN2023_042,2023-11-05 19:58:42,File,Learning material 2.pdf,Course module viewed
SYN2023_042,2023-11-06 13:11:57,Assignment,Assignment: 2,Submission status viewed
SYN2023_042,2023-11-11 18:33:39,Assignment,Assignment: 2,Assignment submitted
SYN2023_042,2023-11-12 08:23:27,Assignment,Assignment: 1,Submission status viewed
SYN2023_042,2023-11-12 14:33:03,Assignment,Assignment: 1,Submission status viewed
SYN2023_042,2023-11-12 23:38:18,Assignment,Assignment: 3,Submission status viewed
SYN2023_042,2023-11-14 09:31:44,File,Learning material 7.pdf,Course module viewed
SYN2023_042,2023-11-17 16:19:38,Assignment,Assignment: 1,Assignment submitted
SYN2023_042,2023-11-19 18:36:28,Assignment,Assignment: 3,Assignment submitted
SYN2023_042,2023-11-23 18:46:47,File,Learning material 3.pdf,Course module viewed
SYN2023_042,2023-11-27 11:25:29,Quiz,Quiz: 1,Quiz attempt viewed
SYN2023_042,2023-11-29 14:45:03,File,Learning material 7.pdf,Course module viewed
SYN2023_042,2023-12-03 14:38:50,File,Learning material 1.pdf,Course module viewed
SYN2023_042,2023-12-08 11:43:43,Forum,Course forum,Discussion viewed
SYN2023_042,2023-12-08 12:19:33,File,Learning material 1.pdf,Course module viewed
SYN2023_042,2023-12-08 14:17:23,Assignment,Assignment: 1,Submission status viewed
SYN2023_042,2023-12-08 15:15:27,File,Learning material 1.pdf,Course module viewed
SYN2023_042,2023-12-08 17:00:26,Quiz,Quiz: 3,Quiz attempt viewed
SYN2023_042,2023-12-08 17:19:12,File,Learning material 3.pdf,Course module viewed
SYN2023_042,2023-12-08 19:00:09,Quiz,Quiz: 3,Quiz attempt viewed
SYN2023_042,2023-12-08 21:41:55,Quiz,Quiz: 2,Quiz attempt viewed
SYN2023_042,2023-12-09 12:04:13,Assignment,Assignment: 3,Submission status viewed
SYN2023_042,2023-12-09 15:11:12,File,Learning material 1.pdf,Course module viewed
SYN2023_042,2023-12-09 16:27:55,File,Learning material 2.pdf,Course module viewed
SYN2023_042,2023-12-09 16:34:14,File,Learning material 1.pdf,Course module viewed
SYN2023_042,2023-12-09 17:46:00,Assignment,Assignment: 1,Submission status viewed
SYN2023_042,2023-12-09 20:58:27,File,Learning material 5.pdf,Course module viewed
SYN2023_042,2023-12-09 23:24:17,File,Learning material 5.pdf,Course module viewed
SYN2023_042,2023-12-10 11:38:52,Assignment,Assignment: 2,Submission status viewed
SYN2023_042,2023-12-10 15:00:43,File,Learning material 1.pdf,Course module viewed
SYN2023_042,2023-12-10 21:46:20,Quiz,Quiz: 1,Quiz attempt viewed
SYN2023_042,2023-12-11 12:01:45,File,Learning material 1.pdf,Course module viewed
SYN2023_042,2023-12-11 16:29:29,File,Learning material 8.pdf,Course module viewed
SYN2023_042,2023-12-11 16:53:07,File,Learning material 6.pdf,Course module viewed
SYN2023_042,2023-12-12 13:55:35,File,Learning material 2.pdf,Course module viewed
SYN2023_042,2023-12-12 14:24:18,File,Learning material 3.pdf,Course module viewed
SYN2023_042,2023-12-12 15:57:00,File,Learning material 4.pdf,Course module viewed
SYN2023_042,2023-12-12 17:06:49,File,Learning material 7.pdf,Course module viewed
SYN2023_042,2023-12-12 20:02:16,File,Learning material 6.pdf,Course module viewed
SYN2023_042,2023-12-12 21:01:47,File,Learning material 2.pdf,Course module viewed
SYN2023_043,2023-10-20 10:06:25,File,Learning material 2.pdf,Course module viewed
SYN2023_043,2023-10-22 17:02:30,File,Learning material 6.pdf,Course module viewed
SYN2023_043,2023-10-24 15:37:36,Forum,Course forum,Discussion viewed
SYN2023_043,2023-10-24 18:19:41,Quiz,Quiz: 1,Quiz attempt viewed
SYN2023_043,2023-11-01 13:04:14,Forum,Course forum,Discussion viewed
SYN2023_043,2023-11-04 16:16:01,File,Learning material 8.pdf,Course module viewed
SYN2023_043,2023-11-06 14:00:12,File,Learning material 1.pdf,Course module viewed
SYN2023_043,2023-11-06 18:30:23,Assignment,Assignment: 3,Submission status viewed
SYN2023_043,2023-11-06 21:58:33,Quiz,Quiz: 3,Quiz attempt viewed
SYN2023_043,2023-11-09 12:20:55,File,Learning material 5.pdf,Course module viewed
SYN2023_043,2023-11-09 15:31:40,File,Learning material 2.pdf,Course module viewed
SYN2023_043,2023-11-10 12:00:50,Forum,Course forum,Discussion viewed
SYN2023_043,2023-11-12 23:07:20,Assignment,Assignment: 3,Assignment submitted
SYN2023_043,2023-11-15 09:36:13,File,Learning material 3.pdf,Course module viewed
SYN2023_043,2023-11-16 20:16:31,File,Learning material 2.pdf,Course module viewed
SYN2023_043,2023-11-17 14:06:35,Assignment,Assignment: 2,Submission status viewed
SYN2023_043,2023-11-19 18:14:52,File,Learning material 7.pdf,Course module viewed
SYN2023_043,2023-11-20 13:45:24,File,Learning material 8.pdf,Course module viewed
SYN2023_043,2023-11-20 15:17:19,Forum,Course forum,Discussion viewed
SYN2023_043,2023-11-20 16:04:43,Quiz,Quiz: 1,Quiz attempt viewed
SYN2023_043,2023-11-21 15:37:38,File,Learning material 6.pdf,Course module viewed
SYN2023_043,2023-11-21 16:00:40,Assignment,Assignment: 2,Assignment submitted
SYN2023_043,2023-11-21 16:17:41,Assignment,Assignment: 2,Submission status viewed
SYN2023_043,2023-11-21 18:49:39,File,Learning material 5.pdf,Course module viewed
SYN2023_043,2023-11-25 18:25:17,Forum,Course forum,Discussion viewed
SYN2023_043,2023-11-28 13:57:09,File,Learning material 3.pdf,Course module viewed
SYN2023_043,2023-11-29 13:23:55,File,Learning material 6.pdf,Course module viewed
SYN2023_043,2023-11-30 11:55:46,File,Learning material 1.pdf,Course module viewed
SYN2023_043,2023-11-30 13:12:18,Assignment,Assignment: 3,Submission status viewed
SYN2023_043,2023-11-30 18:51:09,Assignment,Assignment: 2,Submission status viewed
SYN2023_043,2023-11-30 21:36:42,File,Learning material 8.pdf,Course module viewed
SYN2023_043,2023-12-01 09:02:36,File,Learning material 2.pdf,Course module viewed
SYN2023_043,2023-12-01 21:18:10,File,Learning material 4.pdf,Course module viewed
SYN2023_043,2023-12-02 17:45:46,File,Learning material 8.pdf,Course module viewed
SYN2023_043,2023-12-03 11:11:52,File,Learning material 7.pdf,Course module viewed
SYN2023_043,2023-12-03 20:08:17,Assignment,Assignment: 1,Submission status viewed
SYN2023_043,2023-12-04 08:28:03,Assignment,Assignment: 1,Submission status viewed
SYN2023_043,2023-12-04 11:40:14,Quiz,Quiz: 3,Quiz attempt viewed
SYN2023_043,2023-12-04 16:30:32,File,Learning material 7.pdf,Course module viewed
SYN2023_043,2023-12-04 18:02:24,File,Learning material 8.pdf,Course module viewed
SYN2023_043,2023-12-05 14:55:46,Quiz,Quiz: 3,Quiz attempt viewed
SYN2023_043,2023-12-05 16:11:35,Assignment,Assignment: 2,Submission status viewed
SYN2023_043,2023-12-06 15:15:22,File,Learning material 4.pdf,Course module viewed
SYN2023_043,2023-12-06 15:40:34,Quiz,Quiz: 3,Quiz attempt viewed
SYN2023_043,2023-12-07 14:36:42,Quiz,Quiz: 1,Quiz attempt viewed
SYN2023_043,2023-12-07 15:32:22,File,Learning material 5.pdf,Course module viewed
SYN2023_043,2023-12-07 15:40:40,Assignment,Assignment: 1,Submission status viewed
SYN2023_043,2023-12-07 18:03:12,Assignment,Assignment: 2,Submission status viewed
SYN2023_043,2023-12-08 13:56:06,File,Learning material 7.pdf,Course module viewed
SYN2023_043,2023-12-08 16:40:11,Assignment,Assignment: 1,Assignment submitted
SYN2023_043,2023-12-08 19:24:58,File,Learning material 5.pdf,Course module viewed
SYN2023_043,2023-12-11 12:10:17,File,Learning material 6.pdf,Course module viewed
SYN2023_043,2023-12-11 13:42:19,Assignment,Assignment: 3,Submission status viewed
SYN2023_043,2023-12-11 14:07:52,Quiz,Quiz: 1,Quiz attempt viewed
SYN2023_043,2023-12-11 15:33:02,File,Learning material 4.pdf,Course module viewed
SYN2023_043,2023-12-11 17:29:23,File,Learning material 8.pdf,Course module viewed
SYN2023_043,2023-12-11 17:42:49,File,Learning material 1.pdf,Course module viewed
SYN2023_043,2023-12-11 18:26:43,File,Learning material 4.pdf,Course module viewed
SYN2023_043,2023-12-12 08:59:56,File,Learning material 8.pdf,Course module viewed
SYN2023_043,2023-12-12 15:38:19,File,Learning material 1.pdf,Course module viewed
SYN2023_043,2023-12-12 18:29:17,Assignment,Assignment: 1,Submission status viewed
SYN2023_043,2023-12-12 18:41:13,File,Learning material 7.pdf,Course module viewed
SYN2023_044,2023-10-20 13:34:40,File,Learning material 5.pdf,Course module viewed
SYN2023_044,2023-10-20 13:50:11,Forum,Course forum,Discussion viewed
SYN2023_044,2023-10-21 19:19:36,File,Learning material 7.pdf,Course module viewed
SYN2023_044,2023-10-23 12:22:47,File,Learning material 7.pdf,Course module viewed
SYN2023_044,2023-10-24 11:36:00,File,Learning material 6.pdf,Course module viewed
SYN2023_044,2023-10-25 18:20:12,Quiz,Quiz: 2,Quiz attempt viewed
SYN2023_044,2023-10-27 13:21:23,File,Learning material 1.pdf,Course module viewed
SYN2023_044,2023-11-04 15:39:06,File,Learning material 5.pdf,Course module viewed
SYN2023_044,2023-11-06 09:48:41,Quiz,Quiz: 1,Quiz attempt viewed
SYN2023_044,2023-11-07 13:14:01,File,Learning material 4.pdf,Course module viewed
SYN2023_044,2023-11-07 15:38:01,Forum,Course forum,Discussion viewed
SYN2023_044,2023-11-07 16:27:36,File,Learning material 1.pdf,Course module viewed
SYN2023_044,2023-11-08 10:11:46,Assignment,Assignment: 2,Submission status viewed
SYN2023_044,2023-11-09 16:02:04,Forum,Course forum,Discussion viewed
SYN2023_044,2023-11-09 18:21:40,Assignment,Assignment: 3,Submission status viewed
SYN2023_044,2023-11-12 12:20:11,Assignment,Assignment: 1,Submission status viewed
SYN2023_044,2023-11-12 14:20:42,Forum,Course forum,Discussion viewed
SYN2023_044,2023-11-15 12:48:12,File,Learning material 8.pdf,Course module viewed
SYN2023_044,2023-11-15 13:56:01,File,Learning material 7.pdf,Course module viewed
SYN2023_044,2023-11-15 16:20:10,Assignment,Assignment: 1,Submission status viewed
SYN2023_044,2023-11-17 15:43:46,File,Learning material 2.pdf,Course module viewed
SYN2023_044,2023-11-18 10:52:48,Assignment,Assignment: 2,Submission status viewed
SYN2023_044,2023-11-18 17:50:08,Assignment,Assignment: 1,Assignment submitted
SYN2023_044,2023-11-19 11:53:54,File,Learning material 4.pdf,Course module viewed
SYN2023_044,2023-11-20 13:49:27,Quiz,Quiz: 2,Quiz attempt viewed
SYN2023_044,2023-11-21 18:19:24,Assignment,Assignment: 2,Assignment submitted
SYN2023_044,2023-11-24 18:53:47,File,Learning material 6.pdf,Course module viewed
SYN2023_044,2023-11-27 13:58:24,File,Learning material 3.pdf,Course module viewed
SYN2023_044,2023-11-28 16:47:54,Assignment,Assignment: 2,Submission status viewed
SYN2023_044,2023-12-03 11:01:58,File,Learning material 1.pdf,Course module viewed
SYN2023_044,2023-12-03 17:45:29,Assignment,Assignment: 3,Submission status viewed
SYN2023_044,2023-12-04 09:41:44,File,Learning material 8.pdf,Course module viewed
SYN2023_044,2023-12-04 12:45:45,File,Learning material 3.pdf,Course module viewed
SYN2023_044,2023-12-04 14:48:36,Forum,Course forum,Discussion viewed
SYN2023_044,2023-12-04 16:11:05,File,Learning material 1.pdf,Course module viewed
SYN2023_044,2023-12-04 16:45:24,Assignment,Assignment: 1,Submission status viewed
SYN2023_044,2023-12-04 20:06:25,Assignment,Assignment: 3,Submission status viewed
SYN2023_044,2023-12-05 16:17:10,File,Learning material 5.pdf,Course module viewed
SYN2023_044,2023-12-07 14:11:27,Quiz,Quiz: 2,Quiz attempt viewed
SYN2023_044,2023-12-08 19:08:54,Assignment,Assignment: 3,Assignment submitted
SYN2023_044,2023-12-08 20:50:48,Assignment,Assignment: 2,Submission status viewed
SYN2023_044,2023-12-09 13:45:32,File,Learning material 8.pdf,Course module viewed
SYN2023_044,2023-12-09 15:47:33,Forum,Course forum,Discussion viewed
SYN2023_044,2023-12-09 16:19:37,File,Learning material 2.pdf,Course module viewed
SYN2023_044,2023-12-09 18:34:08,Quiz,Quiz: 1,Quiz attempt viewed
SYN2023_044,2023-12-10 12:54:51,File,Learning material 6.pdf,Course module viewed
SYN2023_044,2023-12-10 15:38:25,Forum,Course forum,Discussion viewed
SYN2023_044,2023-12-10 15:56:14,File,Learning material 2.pdf,Course module viewed
SYN2023_044,2023-12-10 18:10:57,File,Learning material 7.pdf,Course module viewed
SYN2023_044,2023-12-11 11:34:20,File,Learning material 2.pdf,Course module viewed
SYN2023_044,2023-12-11 14:07:10,File,Learning material 5.pdf,Course module viewed
SYN2023_044,2023-12-11 14:21:17,File,Learning material 8.pdf,Course module viewed
SYN2023_044,2023-12-12 10:08:29,Forum,Course forum,Discussion viewed
SYN2023_044,2023-12-12 10:58:12,Quiz,Quiz: 3,Quiz attempt viewed
SYN2023_044,2023-12-12 13:22:00,File,Learning material 5.pdf,Course module viewed
SYN2023_045,2023-10-21 18:43:14,File,Learning material 2.pdf,Course module viewed
SYN2023_045,2023-10-24 12:27:49,Quiz,Quiz: 3,Quiz attempt viewed
SYN2023_045,2023-10-25 10:13:47,Forum,Course forum,Discussion viewed
SYN2023_045,2023-11-04 14:26:50,Assignment,Assignment: 3,Submission status viewed
SYN2023_045,2023-11-04 19:59:42,File,Learning material 8.pdf,Course module viewed
SYN2023_045,2023-11-05 10:01:04,Assignment,Assignment: 1,Submission status viewed
SYN2023_045,2023-11-06 14:54:31,Assignment,Assignment: 1,Submission status viewed
SYN2023_045,2023-11-09 21:33:19,Forum,Course forum,Discussion viewed
SYN2023_045,2023-11-12 11:41:47,Assignment,Assignment: 1,Assignment submitted
SYN2023_045,2023-11-12 14:57:15,Assignment,Assignment: 2,Submission status viewed
SYN2023_045,2023-11-14 17:57:26,File,Learning material 3.pdf,Course module viewed
SYN2023_045,2023-11-15 17:59:06,File,Learning material 1.pdf,Course module viewed
SYN2023_045,2023-11-18 12:57:24,Quiz,Quiz: 2,Quiz attempt viewed
SYN2023_045,2023-11-18 17:59:53,Forum,Course forum,Discussion viewed
SYN2023_045,2023-11-21 15:34:16,Quiz,Quiz: 1,Quiz attempt viewed
SYN2023_045,2023-11-21 18:13:16,Assignment,Assignment: 2,Submission status viewed
SYN2023_045,2023-11-25 08:41:20,Quiz,Quiz: 3,Quiz attempt viewed
SYN2023_045,2023-11-26 23:43:59,Assignment,Assignment: 3,Submission status viewed
SYN2023_045,2023-11-26 23:58:02,Assignment,Assignment: 2,Assignment submitted
SYN2023_045,2023-11-27 14:50:55,File,Learning material 7.pdf,Course module viewed
SYN2023_045,2023-11-28 16:10:10,Forum,Course forum,Discussion viewed
SYN2023_045,2023-11-29 18:54:54,Assignment,Assignment: 1,Submission status viewed
SYN2023_045,2023-11-30 13:59:31,File,Learning material 1.pdf,Course module viewed
SYN2023_045,2023-12-01 12:43:01,File,Learning material 2.pdf,Course module viewed
SYN2023_045,2023-12-03 14:30:14,Assignment,Assignment: 3,Assignment submitted
SYN2023_045,2023-12-05 07:26:44,File,Learning material 1.pdf,Course module viewed
SYN2023_045,2023-12-05 12:39:31,File,Learning material 1.pdf,Course module viewed
SYN2023_045,2023-12-05 14:01:01,File,Learning material 2.pdf,Course module viewed
SYN2023_045,2023-12-05 15:40:27,File,Learning material 4.pdf,Course module viewed
SYN2023_045,2023-12-05 19:22:32,Quiz,Quiz: 1,Quiz attempt viewed
SYN2023_045,2023-12-07 14:22:28,File,Learning material 6.pdf,Course module viewed
SYN2023_045,2023-12-07 14:43:38,File,Learning material 2.pdf,Course module viewed
SYN2023_045,2023-12-08 11:01:16,Quiz,Quiz: 2,Quiz attempt viewed
SYN2023_045,2023-12-08 16:06:43,File,Learning material 1.pdf,Course module viewed
SYN2023_045,2023-12-08 16:13:17,Assignment,Assignment: 3,Submission status viewed
SYN2023_045,2023-12-08 18:58:54,File,Learning material 8.pdf,Course module viewed
SYN2023_045,2023-12-09 13:42:38,Assignment,Assignment: 3,Submission status viewed
SYN2023_045,2023-12-09 15:12:58,Assignment,Assignment: 1,Submission status viewed
SYN2023_045,2023-12-09 21:08:34,File,Learning material 4.pdf,Course module viewed
SYN2023_045,2023-12-10 18:20:59,Assignment,Assignment: 1,Submission status viewed
SYN2023_045,2023-12-11 09:25:27,Quiz,Quiz: 3,Quiz attempt viewed
SYN2023_045,2023-12-11 11:19:28,File,Learning material 7.pdf,Course module viewed
SYN2023_045,2023-12-11 11:39:00,File,Learning material 7.pdf,Course module viewed
SYN2023_045,2023-12-12 15:40:44,File,Learning material 4.pdf,Course module viewed
SYN2023_045,2023-12-12 16:18:06,File,Learning material 4.pdf,Course module viewed
SYN2023_045,2023-12-12 21:23:16,Quiz,Quiz: 3,Quiz attempt viewed
SYN2023_046,2023-10-20 16:19:00,File,Learning material 3.pdf,Course module viewed
SYN2023_046,2023-10-22 13:30:10,Quiz,Quiz: 1,Quiz attempt viewed
SYN2023_046,2023-10-23 14:40:08,File,Learning material 2.pdf,Course module viewed
SYN2023_046,2023-10-25 12:30:11,Assignment,Assignment: 2,Submission status viewed
SYN2023_046,2023-10-30 11:15:05,Forum,Course forum,Discussion viewed
SYN2023_046,2023-10-30 13:37:57,File,Learning material 7.pdf,Course module viewed
SYN2023_046,2023-10-30 18:48:15,File,Learning material 1.pdf,Course module viewed
SYN2023_046,2023-11-02 13:09:48,File,Learning material 8.pdf,Course module viewed
SYN2023_046,2023-11-06 18:07:35,Assignment,Assignment: 1,Submission status viewed
SYN2023_046,2023-11-08 16:07:55,File,Learning material 4.pdf,Course module viewed
SYN2023_046,2023-11-10 18:26:18,File,Learning material 3.pdf,Course module viewed
SYN2023_046,2023-11-16 17:31:10,Assignment,Assignment: 1,Submission status viewed
SYN2023_046,2023-11-17 10:18:40,Assignment,Assignment: 3,Submission status viewed
SYN2023_046,2023-11-17 17:58:07,Assignment,Assignment: 2,Submission status viewed
SYN2023_046,2023-11-18 14:34:13,File,Learning material 7.pdf,Course module viewed
SYN2023_046,2023-11-18 15:10:36,Assignment,Assignment: 1,Assignment submitted
SYN2023_046,2023-11-20 17:11:43,Assignment,Assignment: 2,Assignment submitted
SYN2023_046,2023-11-23 17:49:55,Quiz,Quiz: 2,Quiz attempt viewed
SYN2023_046,2023-11-25 16:44:42,Quiz,Quiz: 1,Quiz attempt viewed
SYN2023_046,2023-11-25 17:02:34,Assignment,Assignment: 3,Assignment submitted
SYN2023_046,2023-12-05 11:34:04,Quiz,Quiz: 1,Quiz attempt viewed
SYN2023_046,2023-12-07 11:06:45,Quiz,Quiz: 3,Quiz attempt viewed
SYN2023_046,2023-12-07 12:09:20,File,Learning material 1.pdf,Course module viewed
SYN2023_046,2023-12-07 14:07:56,File,Learning material 1.pdf,Course module viewed
SYN2023_046,2023-12-07 15:17:33,Assignment,Assignment: 1,Submission status viewed
SYN2023_046,2023-12-07 20:26:19,File,Learning material 5.pdf,Course module viewed
SYN2023_046,2023-12-07 22:36:37,File,Learning material 4.pdf,Course module viewed
SYN2023_046,2023-12-08 15:28:23,File,Learning material 5.pdf,Course module viewed
SYN2023_046,2023-12-08 15:34:32,File,Learning material 7.pdf,Course module viewed
SYN2023_046,2023-12-08 15:35:12,Assignment,Assignment: 3,Submission status viewed
SYN2023_046,2023-12-08 16:21:45,Assignment,Assignment: 2,Submission status viewed
SYN2023_046,2023-12-08 16:34:37,Forum,Course forum,Discussion viewed
SYN2023_046,2023-12-08 16:49:53,Quiz,Quiz: 1,Quiz attempt viewed
SYN2023_046,2023-12-08 17:44:18,Assignment,Assignment: 1,Submission status viewed
SYN2023_046,2023-12-08 18:46:03,Forum,Course forum,Discussion viewed
SYN2023_046,2023-12-08 20:54:26,Assignment,Assignment: 1,Submission status viewed
SYN2023_046,2023-12-08 22:22:47,File,Learning material 5.pdf,Course module viewed
SYN2023_046,2023-12-09 13:44:21,File,Learning material 1.pdf,Course module viewed
SYN2023_046,2023-12-09 14:11:35,File,Learning material 8.pdf,Course module viewed
SYN2023_046,2023-12-09 15:34:45,File,Learning material 7.pdf,Course module viewed
SYN2023_046,2023-12-09 15:59:47,File,Learning material 2.pdf,Course module viewed
SYN2023_046,2023-12-09 17:32:23,File,Learning material 8.pdf,Course module viewed
SYN2023_046,2023-12-09 18:28:32,Assignment,Assignment: 3,Submission status viewed
SYN2023_046,2023-12-09 20:14:07,File,Learning material 4.pdf,Course module viewed
SYN2023_046,2023-12-10 15:34:29,Forum,Course forum,Discussion viewed
SYN2023_046,2023-12-10 16:14:33,File,Learning material 6.pdf,Course module viewed
SYN2023_046,2023-12-10 16:23:34,File,Learning material 2.pdf,Course module viewed
SYN2023_046,2023-12-10 16:42:49,Forum,Course forum,Discussion viewed
SYN2023_046,2023-12-10 19:47:51,File,Learning material 3.pdf,Course module viewed
SYN2023_046,2023-12-10 21:54:18,File,Learning material 7.pdf,Course module viewed
SYN2023_046,2023-12-11 11:14:31,File,Learning material 5.pdf,Course module viewed
SYN2023_046,2023-12-11 15:38:52,Quiz,Quiz: 2,Quiz attempt viewed
SYN2023_046,2023-12-11 16:54:53,Assignment,Assignment: 2,Submission status viewed
SYN2023_046,2023-12-11 17:18:03,Quiz,Quiz: 1,Quiz attempt viewed
SYN2023_046,2023-12-11 18:18:37,Forum,Course forum,Discussion viewed
SYN2023_046,2023-12-11 18:18:59,Quiz,Quiz: 3,Quiz attempt viewed
SYN2023_046,2023-12-11 20:13:46,File,Learning material 4.pdf,Course module viewed
SYN2023_046,2023-12-11 22:01:12,File,Learning material 6.pdf,Course module viewed
SYN2023_046,2023-12-12 14:49:41,Assignment,Assignment: 1,Submission status viewed
SYN2023_046,2023-12-12 16:09:09,Assignment,Assignment: 2,Submission status viewed
SYN2023_046,2023-12-12 16:56:52,File,Learning material 3.pdf,Course module viewed
SYN2023_046,2023-12-12 17:14:01,Assignment,Assignment: 2,Submission status viewed
SYN2023_046,2023-12-12 18:54:29,File,Learning material 6.pdf,Course module viewed
SYN2023_047,2023-10-19 12:13:31,File,Learning material 4.pdf,Course module viewed
SYN2023_047,2023-10-19 17:34:25,File,Learning material 5.pdf,Course module viewed
SYN2023_047,2023-10-20 14:57:00,File,Learning material 8.pdf,Course module viewed
SYN2023_047,2023-10-23 15:50:20,Forum,Course forum,Discussion viewed
SYN2023_047,2023-10-25 13:11:28,File,Learning material 2.pdf,Course module viewed
SYN2023_047,2023-10-27 10:34:30,Assignment,Assignment: 2,Submission status viewed
SYN2023_047,2023-10-27 11:54:31,File,Learning material 7.pdf,Course module viewed
SYN2023_047,2023-10-27 17:49:03,File,Learning material 4.pdf,Course module viewed
SYN2023_047,2023-10-29 12:50:41,Assignment,Assignment: 1,Submission status viewed
SYN2023_047,2023-10-30 18:45:55,File,Learning material 3.pdf,Course module viewed
SYN2023_047,2023-11-02 13:58:13,File,Learning material 5.pdf,Course module viewed
SYN2023_047,2023-11-04 16:41:36,Assignment,Assignment: 3,Submission status viewed
SYN2023_047,2023-11-05 20:24:01,Quiz,Quiz: 1,Quiz attempt viewed
SYN2023_047,2023-11-08 13:30:49,Quiz,Quiz: 3,Quiz attempt viewed
SYN2023_047,2023-11-08 14:54:32,File,Learning material 1.pdf,Course module viewed
SYN2023_047,2023-11-11 14:20:34,File,Learning material 3.pdf,Course module viewed
SYN2023_047,2023-11-12 16:16:45,File,Learning material 4.pdf,Course module viewed
SYN2023_047,2023-11-15 14:46:23,File,Learning material 6.pdf,Course module viewed
SYN2023_047,2023-11-19 16:19:50,Assignment,Assignment: 1,Submission status viewed
SYN2023_047,2023-11-21 17:12:27,File,Learning material 6.pdf,Course module viewed
SYN2023_047,2023-11-22 17:08:24,Assignment,Assignment: 1,Submission status viewed
SYN2023_047,2023-11-23 20:16:57,Assignment,Assignment: 3,Submission status viewed
SYN2023_047,2023-11-23 21:38:54,File,Learning material 3.pdf,Course module viewed
SYN2023_047,2023-11-24 17:17:52,File,Learning material 1.pdf,Course module viewed
SYN2023_047,2023-11-24 21:46:45,Assignment,Assignment: 1,Assignment submitted
SYN2023_047,2023-11-27 14:43:29,File,Learning material 3.pdf,Course module viewed
SYN2023_047,2023-11-27 18:08:05,Assignment,Assignment: 3,Assignment submitted
SYN2023_047,2023-11-28 08:21:33,File,Learning material 1.pdf,Course module viewed
SYN2023_047,2023-11-29 13:31:58,Assignment,Assignment: 3,Submission status viewed
SYN2023_047,2023-11-29 21:56:37,File,Learning material 6.pdf,Course module viewed
SYN2023_047,2023-12-01 13:32:08,Assignment,Assignment: 2,Submission status viewed
SYN2023_047,2023-12-01 16:40:04,Quiz,Quiz: 1,Quiz attempt viewed
SYN2023_047,2023-12-01 18:37:27,Forum,Course forum,Discussion viewed
SYN2023_047,2023-12-01 18:39:28,File,Learning material 1.pdf,Course module viewed
SYN2023_047,2023-12-01 20:09:17,File,Learning material 3.pdf,Course module viewed
SYN2023_047,2023-12-03 09:53:46,Assignment,Assignment: 2,Submission status viewed
SYN2023_047,2023-12-03 14:30:32,File,Learning material 4.pdf,Course module viewed
SYN2023_047,2023-12-04 13:13:43,File,Learning material 5.pdf,Course module viewed
SYN2023_047,2023-12-04 17:25:15,Quiz,Quiz: 1,Quiz attempt viewed
SYN2023_047,2023-12-04 17:52:52,Assignment,Assignment: 3,Submission status viewed
SYN2023_047,2023-12-05 09:16:32,Forum,Course forum,Discussion viewed
SYN2023_047,2023-12-06 20:09:54,Assignment,Assignment: 2,Assignment submitted
SYN2023_047,2023-12-07 16:34:21,Forum,Course forum,Discussion viewed
SYN2023_047,2023-12-08 12:45:19,File,Learning material 7.pdf,Course module viewed
SYN2023_047,2023-12-08 13:05:19,File,Learning material 1.pdf,Course module viewed
SYN2023_047,2023-12-08 13:08:41,Forum,Course forum,Discussion viewed
SYN2023_047,2023-12-08 14:12:05,File,Learning material 1.pdf,Course module viewed
SYN2023_047,2023-12-08 14:32:44,File,Learning material 1.pdf,Course module viewed
SYN2023_047,2023-12-08 15:27:26,File,Learning material 5.pdf,Course module viewed
SYN2023_047,2023-12-09 12:00:49,File,Learning material 8.pdf,Course module viewed
SYN2023_047,2023-12-09 12:22:44,Quiz,Quiz: 3,Quiz attempt viewed
SYN2023_047,2023-12-09 18:01:31,File,Learning material 6.pdf,Course module viewed
SYN2023_047,2023-12-10 12:05:12,Forum,Course forum,Discussion viewed
SYN2023_047,2023-12-11 15:49:57,Assignment,Assignment: 2,Submission status viewed
SYN2023_047,2023-12-11 17:39:13,Quiz,Quiz: 3,Quiz attempt viewed
SYN2023_048,2023-10-19 16:25:38,Quiz,Quiz: 2,Quiz attempt viewed
SYN2023_048,2023-10-20 21:55:06,Quiz,Quiz: 2,Quiz attempt viewed
SYN2023_048,2023-10-26 21:56:00,File,Learning material 7.pdf,Course module viewed
SYN2023_048,2023-10-27 21:39:24,File,Learning material 6.pdf,Course module viewed
SYN2023_048,2023-10-27 23:23:32,Assignment,Assignment: 3,Submission status viewed
SYN2023_048,2023-10-29 15:31:13,Forum,Course forum,Discussion viewed
SYN2023_048,2023-10-30 23:48:30,Forum,Course forum,Discussion viewed
SYN2023_048,2023-10-31 17:07:42,Quiz,Quiz: 2,Quiz attempt viewed
SYN2023_048,2023-10-31 17:12:30,File,Learning material 2.pdf,Course module viewed
SYN2023_048,2023-11-07 15:10:20,Assignment,Assignment: 3,Submission status viewed
SYN2023_048,2023-11-08 17:05:45,Assignment,Assignment: 3,Submission status viewed
SYN2023_048,2023-11-10 13:46:50,Assignment,Assignment: 1,Submission status viewed
SYN2023_048,2023-11-11 10:23:40,Assignment,Assignment: 2,Submission status viewed
SYN2023_048,2023-11-11 19:10:18,File,Learning material 8.pdf,Course module viewed
SYN2023_048,2023-11-11 20:55:41,Assignment,Assignment: 1,Assignment submitted
SYN2023_048,2023-11-11 22:38:56,Quiz,Quiz: 2,Quiz attempt viewed
SYN2023_048,2023-11-12 19:26:30,Assignment,Assignment: 3,Assignment submitted
SYN2023_048,2023-11-12 21:53:50,Assignment,Assignment: 2,Assignment submitted
SYN2023_048,2023-11-13 18:42:21,File,Learning material 4.pdf,Course module viewed
SYN2023_048,2023-11-15 18:04:17,File,Learning material 4.pdf,Course module viewed
SYN2023_048,2023-11-16 23:47:51,Quiz,Quiz: 3,Quiz attempt viewed
SYN2023_048,2023-11-18 15:39:29,Quiz,Quiz: 1,Quiz attempt viewed
SYN2023_048,2023-11-21 17:40:18,Forum,Course forum,Discussion viewed
SYN2023_048,2023-11-24 18:47:40,File,Learning material 3.pdf,Course module viewed
SYN2023_048,2023-11-24 19:02:23,Quiz,Quiz: 2,Quiz attempt viewed
SYN2023_048,2023-11-25 17:57:45,File,Learning material 1.pdf,Course module viewed
SYN2023_048,2023-11-25 22:46:17,File,Learning material 3.pdf,Course module viewed
SYN2023_048,2023-11-26 19:32:34,Assignment,Assignment: 2,Submission status viewed
SYN2023_048,2023-11-30 18:12:26,File,Learning material 8.pdf,Course module viewed
SYN2023_048,2023-12-02 13:38:26,Assignment,Assignment: 3,Submission status viewed
SYN2023_048,2023-12-02 19:52:57,File,Learning material 2.pdf,Course module viewed
SYN2023_048,2023-12-05 16:17:43,Assignment,Assignment: 1,Submission status viewed
SYN2023_048,2023-12-06 18:24:27,Quiz,Quiz: 3,Quiz attempt viewed
SYN2023_048,2023-12-07 19:01:27,File,Learning material 3.pdf,Course module viewed
SYN2023_048,2023-12-10 09:50:08,File,Learning material 1.pdf,Course module viewed
SYN2023_048,2023-12-10 14:03:34,File,Learning material 3.pdf,Course module viewed
SYN2023_048,2023-12-10 14:45:10,File,Learning material 1.pdf,Course module viewed
SYN2023_048,2023-12-10 16:05:01,File,Learning material 4.pdf,Course module viewed
SYN2023_048,2023-12-10 16:34:05,File,Learning material 7.pdf,Course module viewed
SYN2023_048,2023-12-10 16:48:30,File,Learning material 5.pdf,Course module viewed
SYN2023_048,2023-12-10 17:06:25,Forum,Course forum,Discussion viewed
SYN2023_048,2023-12-10 17:35:10,Forum,Course forum,Discussion viewed
SYN2023_048,2023-12-10 17:45:07,Quiz,Quiz: 1,Quiz attempt viewed
SYN2023_048,2023-12-10 18:20:55,Assignment,Assignment: 1,Submission status viewed
SYN2023_048,2023-12-10 18:21:47,Assignment,Assignment: 1,Submission status viewed
SYN2023_048,2023-12-10 18:31:28,File,Learning material 8.pdf,Course module viewed
SYN2023_048,2023-12-10 19:27:48,Forum,Course forum,Discussion viewed
SYN2023_048,2023-12-10 19:29:49,File,Learning material 2.pdf,Course module viewed
SYN2023_048,2023-12-10 20:05:51,File,Learning material 8.pdf,Course module viewed
SYN2023_048,2023-12-10 20:18:02,Assignment,Assignment: 1,Submission status viewed
SYN2023_048,2023-12-10 20:26:50,Assignment,Assignment: 2,Submission status viewed
SYN2023_048,2023-12-10 20:47:51,Assignment,Assignment: 2,Submission status viewed
SYN2023_048,2023-12-10 21:11:20,File,Learning material 4.pdf,Course module viewed
SYN2023_048,2023-12-10 21:50:30,File,Learning material 6.pdf,Course module viewed
SYN2023_048,2023-12-10 22:03:46,Forum,Course forum,Discussion viewed
SYN2023_048,2023-12-11 10:43:50,File,Learning material 2.pdf,Course module viewed
SYN2023_048,2023-12-11 14:22:27,Quiz,Quiz: 2,Quiz attempt viewed
SYN2023_048,2023-12-11 14:53:02,File,Learning material 8.pdf,Course module viewed
SYN2023_048,2023-12-11 15:47:07,Assignment,Assignment: 1,Submission status viewed
SYN2023_048,2023-12-11 15:48:51,File,Learning material 3.pdf,Course module viewed
SYN2023_048,2023-12-11 15:56:59,File,Learning material 4.pdf,Course module viewed
SYN2023_048,2023-12-11 16:00:56,Assignment,Assignment: 3,Submission status viewed
SYN2023_048,2023-12-11 16:31:01,Assignment,Assignment: 2,Submission status viewed
SYN2023_048,2023-12-11 16:32:00,Quiz,Quiz: 1,Quiz attempt viewed
SYN2023_048,2023-12-11 16:50:24,Quiz,Quiz: 3,Quiz attempt viewed
SYN2023_048,2023-12-11 17:04:57,Quiz,Quiz: 2,Quiz attempt viewed
SYN2023_048,2023-12-11 17:15:21,File,Learning material 7.pdf,Course module viewed
SYN2023_048,2023-12-11 17:56:34,Quiz,Quiz: 3,Quiz attempt viewed
SYN2023_048,2023-12-11 18:26:27,Assignment,Assignment: 1,Submission status viewed
SYN2023_048,2023-12-11 18:34:06,File,Learning material 1.pdf,Course module viewed
SYN2023_048,2023-12-11 19:27:55,File,Learning material 5.pdf,Course module viewed
SYN2023_048,2023-12-11 19:29:56,File,Learning material 6.pdf,Course module viewed
SYN2023_048,2023-12-11 19:46:57,Assignment,Assignment: 2,Submission status viewed
SYN2023_048,2023-12-11 20:13:46,Quiz,Quiz: 1,Quiz attempt viewed
SYN2023_048,2023-12-11 22:01:05,File,Learning material 2.pdf,Course module viewed
SYN2023_048,2023-12-11 22:57:53,File,Learning material 4.pdf,Course module viewed
SYN2023_048,2023-12-11 23:08:11,File,Learning material 7.pdf,Course module viewed
SYN2023_048,2023-12-12 14:39:27,Forum,Course forum,Discussion viewed
SYN2023_048,2023-12-12 16:49:21,File,Learning material 8.pdf,Course module viewed
SYN2023_048,2023-12-12 17:12:13,File,Learning material 1.pdf,Course module viewed
SYN2023_048,2023-12-12 17:15:40,File,Learning material 3.pdf,Course module viewed
SYN2023_048,2023-12-12 17:17:25,File,Learning material 4.pdf,Course module viewed
SYN2023_048,2023-12-12 17:31:58,File,Learning material 1.pdf,Course module viewed
SYN2023_048,2023-12-12 17:34:10,File,Learning material 7.pdf,Course module viewed
SYN2023_048,2023-12-12 18:49:33,Forum,Course forum,Discussion viewed
SYN2023_048,2023-12-12 18:50:31,File,Learning material 4.pdf,Course module viewed
SYN2023_048,2023-12-12 18:58:17,File,Learning material 3.pdf,Course module viewed
SYN2023_048,2023-12-12 19:22:17,File,Learning material 2.pdf,Course module viewed
SYN2023_048,2023-12-12 19:50:30,Quiz,Quiz: 1,Quiz attempt viewed
SYN2023_048,2023-12-12 21:35:00,Forum,Course forum,Discussion viewed
SYN2023_048,2023-12-12 23:12:22,File,Learning material 7.pdf,Course module viewed
SYN2023_048,2023-12-12 23:38:54,Quiz,Quiz: 1,Quiz attempt viewed
SYN2023_049,2023-10-19 20:42:41,Assignment,Assignment: 3,Submission status viewed
SYN2023_049,2023-10-25 15:57:19,File,Learning material 7.pdf,Course module viewed
SYN2023_049,2023-10-25 18:48:36,Quiz,Quiz: 3,Quiz attempt viewed
SYN2023_049,2023-10-26 17:07:42,File,Learning material 6.pdf,Course module viewed
SYN2023_049,2023-10-26 18:31:45,File,Learning material 8.pdf,Course module viewed
SYN2023_049,2023-10-27 17:59:55,Assignment,Assignment: 2,Submission status viewed
SYN2023_049,2023-11-03 13:22:30,File,Learning material 7.pdf,Course module viewed
SYN2023_049,2023-11-03 15:13:16,File,Learning material 3.pdf,Course module viewed
SYN2023_049,2023-11-04 17:49:37,Assignment,Assignment: 1,Submission status viewed
SYN2023_049,2023-11-05 18:11:32,File,Learning material 8.pdf,Course module viewed
SYN2023_049,2023-11-07 11:06:43,Assignment,Assignment: 1,Submission status viewed
SYN2023_049,2023-11-09 17:33:18,Assignment,Assignment: 1,Assignment submitted
SYN2023_049,2023-11-09 21:11:08,Assignment,Assignment: 3,Submission status viewed
SYN2023_049,2023-11-10 16:53:46,File,Learning material 1.pdf,Course module viewed
SYN2023_049,2023-11-14 17:33:29,File,Learning material 7.pdf,Course module viewed
SYN2023_049,2023-11-22 17:19:06,Assignment,Assignment: 2,Submission status viewed
SYN2023_049,2023-11-22 21:46:34,Assignment,Assignment: 3,Submission status viewed
SYN2023_049,2023-11-23 14:24:30,Assignment,Assignment: 3,Submission status viewed
SYN2023_049,2023-11-23 19:36:32,File,Learning material 3.pdf,Course module viewed
SYN2023_049,2023-11-23 22:05:07,File,Learning material 6.pdf,Course module viewed
SYN2023_049,2023-11-24 20:27:53,Assignment,Assignment: 3,Assignment submitted
SYN2023_049,2023-11-25 14:32:17,Quiz,Quiz: 2,Quiz attempt viewed
SYN2023_049,2023-11-27 12:17:20,Quiz,Quiz: 3,Quiz attempt viewed
SYN2023_049,2023-11-28 18:41:14,Assignment,Assignment: 2,Submission status viewed
SYN2023_049,2023-11-29 17:54:43,Assignment,Assignment: 2,Assignment submitted
SYN2023_049,2023-12-02 17:57:49,Assignment,Assignment: 2,Submission status viewed
SYN2023_049,2023-12-03 20:09:13,Quiz,Quiz: 2,Quiz attempt viewed
SYN2023_049,2023-12-06 21:52:18,File,Learning material 4.pdf,Course module viewed
SYN2023_049,2023-12-07 18:01:08,File,Learning material 2.pdf,Course module viewed
SYN2023_049,2023-12-09 22:57:50,File,Learning material 4.pdf,Course module viewed
SYN2023_049,2023-12-10 12:49:09,File,Learning material 6.pdf,Course module viewed
SYN2023_049,2023-12-10 13:00:03,File,Learning material 3.pdf,Course module viewed
SYN2023_049,2023-12-10 13:30:08,File,Learning material 2.pdf,Course module viewed
SYN2023_049,2023-12-10 13:37:03,File,Learning material 1.pdf,Course module viewed
SYN2023_049,2023-12-10 13:59:16,File,Learning material 8.pdf,Course module viewed
SYN2023_049,2023-12-10 14:08:26,File,Learning material 1.pdf,Course module viewed
SYN2023_049,2023-12-10 15:40:44,Assignment,Assignment: 1,Submission status viewed
SYN2023_049,2023-12-10 15:48:52,File,Learning material 8.pdf,Course module viewed
SYN2023_049,2023-12-10 16:09:57,File,Learning material 6.pdf,Course module viewed
SYN2023_049,2023-12-10 16:21:10,File,Learning material 2.pdf,Course module viewed
SYN2023_049,2023-12-10 16:48:29,Assignment,Assignment: 1,Submission status viewed
SYN2023_049,2023-12-10 18:05:21,Quiz,Quiz: 2,Quiz attempt viewed
SYN2023_049,2023-12-10 18:38:41,File,Learning material 6.pdf,Course module viewed
SYN2023_049,2023-12-10 19:02:13,File,Learning material 1.pdf,Course module viewed
SYN2023_049,2023-12-10 19:39:00,File,Learning material 3.pdf,Course module viewed
SYN2023_049,2023-12-10 19:46:20,File,Learning material 1.pdf,Course module viewed
SYN2023_049,2023-12-10 19:51:16,File,Learning material 5.pdf,Course module viewed
SYN2023_049,2023-12-10 20:36:31,File,Learning material 6.pdf,Course module viewed
SYN2023_049,2023-12-10 21:04:56,File,Learning material 6.pdf,Course module viewed
SYN2023_049,2023-12-10 21:56:30,File,Learning material 6.pdf,Course module viewed
SYN2023_049,2023-12-10 22:21:34,Assignment,Assignment: 3,Submission status viewed
SYN2023_049,2023-12-11 10:07:13,File,Learning material 3.pdf,Course module viewed
SYN2023_049,2023-12-11 12:00:04,File,Learning material 4.pdf,Course module viewed
SYN2023_049,2023-12-11 12:20:07,File,Learning material 3.pdf,Course module viewed
SYN2023_049,2023-12-11 12:32:37,File,Learning material 4.pdf,Course module viewed
SYN2023_049,2023-12-11 13:09:00,Assignment,Assignment: 2,Submission status viewed
SYN2023_049,2023-12-11 15:16:37,Quiz,Quiz: 2,Quiz attempt viewed
SYN2023_049,2023-12-11 17:09:25,File,Learning material 1.pdf,Course module viewed
SYN2023_049,2023-12-11 17:32:10,File,Learning material 3.pdf,Course module viewed
SYN2023_049,2023-12-11 17:39:01,File,Learning material 7.pdf,Course module viewed
SYN2023_049,2023-12-11 18:07:10,Quiz,Quiz: 1,Quiz attempt viewed
SYN2023_049,2023-12-11 18:43:58,File,Learning material 3.pdf,Course module viewed
SYN2023_049,2023-12-11 19:31:59,File,Learning material 3.pdf,Course module viewed
SYN2023_049,2023-12-11 19:37:21,File,Learning material 2.pdf,Course module viewed
SYN2023_049,2023-12-11 19:39:40,File,Learning material 3.pdf,Course module viewed
SYN2023_049,2023-12-12 12:09:40,File,Learning material 5.pdf,Course module viewed
SYN2023_049,2023-12-12 12:14:26,Quiz,Quiz: 3,Quiz attempt viewed
SYN2023_049,2023-12-12 13:02:02,File,Learning material 5.pdf,Course module viewed
SYN2023_049,2023-12-12 14:28:39,File,Learning material 2.pdf,Course module viewed
SYN2023_049,2023-12-12 15:35:04,Forum,Course forum,Discussion viewed
SYN2023_049,2023-12-12 15:37:35,File,Learning material 2.pdf,Course module viewed
SYN2023_049,2023-12-12 16:00:48,File,Learning material 3.pdf,Course module viewed
SYN2023_049,2023-12-12 16:11:16,File,Learning material 5.pdf,Course module viewed
SYN2023_049,2023-12-12 16:22:11,Quiz,Quiz: 2,Quiz attempt viewed
SYN2023_049,2023-12-12 16:29:03,File,Learning material 8.pdf,Course module viewed
SYN2023_049,2023-12-12 16:58:44,File,Learning material 3.pdf,Course module viewed
SYN2023_049,2023-12-12 17:28:02,File,Learning material 6.pdf,Course module viewed
SYN2023_049,2023-12-12 17:53:41,Assignment,Assignment: 2,Submission status viewed
SYN2023_049,2023-12-12 18:02:30,File,Learning material 8.pdf,Course module viewed
SYN2023_049,2023-12-12 18:33:59,File,Learning material 7.pdf,Course module viewed
SYN2023_049,2023-12-12 18:55:40,Quiz,Quiz: 3,Quiz attempt viewed
SYN2023_049,2023-12-12 19:12:29,File,Learning material 5.pdf,Course module viewed
SYN2023_049,2023-12-12 20:22:16,File,Learning material 8.pdf,Course module viewed
SYN2023_049,2023-12-12 20:36:30,File,Learning material 3.pdf,Course module viewed
SYN2023_049,2023-12-12 22:00:47,Quiz,Quiz: 3,Quiz attempt viewed
SYN2023_050,2023-10-21 19:19:39,File,Learning material 1.pdf,Course module viewed
SYN2023_050,2023-10-22 11:58:55,Assignment,Assignment: 1,Submission status viewed
SYN2023_050,2023-10-24 19:08:48,File,Learning material 1.pdf,Course module viewed
SYN2023_050,2023-10-25 15:47:15,File,Learning material 3.pdf,Course module viewed
SYN2023_050,2023-10-26 12:50:49,Forum,Course forum,Discussion viewed
SYN2023_050,2023-10-26 16:05:23,File,Learning material 2.pdf,Course module viewed
SYN2023_050,2023-10-30 15:35:27,File,Learning material 3.pdf,Course module viewed
SYN2023_050,2023-10-31 13:22:25,File,Learning material 3.pdf,Course module viewed
SYN2023_050,2023-10-31 20:49:31,Forum,Course forum,Discussion viewed
SYN2023_050,2023-11-03 11:18:43,File,Learning material 3.pdf,Course module viewed
SYN2023_050,2023-11-04 13:09:03,Quiz,Quiz: 2,Quiz attempt viewed
SYN2023_050,2023-11-04 14:17:21,File,Learning material 3.pdf,Course module viewed
SYN2023_050,2023-11-06 09:36:39,File,Learning material 7.pdf,Course module viewed
SYN2023_050,2023-11-06 17:37:49,File,Learning material 8.pdf,Course module viewed
SYN2023_050,2023-11-09 16:17:54,File,Learning material 7.pdf,Course module viewed
SYN2023_050,2023-11-10 12:05:40,File,Learning material 8.pdf,Course module viewed
SYN2023_050,2023-11-17 14:49:40,Assignment,Assignment: 1,Submission status viewed
SYN2023_050,2023-11-17 17:26:59,File,Learning material 8.pdf,Course module viewed
SYN2023_050,2023-11-18 22:58:17,Assignment,Assignment: 3,Submission status viewed
SYN2023_050,2023-11-21 16:55:45,File,Learning material 4.pdf,Course module viewed
SYN2023_050,2023-11-21 22:08:42,Assignment,Assignment: 1,Assignment submitted
SYN2023_050,2023-11-22 14:56:10,Forum,Course forum,Discussion viewed
SYN2023_050,2023-11-22 15:22:57,Assignment,Assignment: 3,Submission status viewed
SYN2023_050,2023-11-22 17:50:18,File,Learning material 8.pdf,Course module viewed
SYN2023_050,2023-11-22 21:57:15,Assignment,Assignment: 2,Submission status viewed
SYN2023_050,2023-11-27 11:52:45,Forum,Course forum,Discussion viewed
SYN2023_050,2023-11-27 20:51:35,Assignment,Assignment: 2,Assignment submitted
SYN2023_050,2023-11-28 18:12:46,File,Learning material 2.pdf,Course module viewed
SYN2023_050,2023-11-30 23:50:18,Assignment,Assignment: 3,Assignment submitted
SYN2023_050,2023-12-01 20:52:03,File,Learning material 8.pdf,Course module viewed
SYN2023_050,2023-12-02 14:49:02,Forum,Course forum,Discussion viewed
SYN2023_050,2023-12-06 09:12:03,File,Learning material 6.pdf,Course module viewed
SYN2023_050,2023-12-06 14:10:40,File,Learning material 1.pdf,Course module viewed
SYN2023_050,2023-12-06 19:39:58,File,Learning material 2.pdf,Course module viewed
SYN2023_050,2023-12-06 20:29:45,Quiz,Quiz: 3,Quiz attempt viewed
SYN2023_050,2023-12-07 12:59:27,File,Learning material 2.pdf,Course module viewed
SYN2023_050,2023-12-07 16:01:36,File,Learning material 6.pdf,Course module viewed
SYN2023_050,2023-12-07 17:46:59,File,Learning material 7.pdf,Course module viewed
SYN2023_050,2023-12-08 13:45:19,File,Learning material 4.pdf,Course module viewed
SYN2023_050,2023-12-09 11:10:35,File,Learning material 1.pdf,Course module viewed
SYN2023_050,2023-12-09 13:36:43,File,Learning material 6.pdf,Course module viewed
SYN2023_050,2023-12-09 16:05:13,File,Learning material 1.pdf,Course module viewed
SYN2023_050,2023-12-09 17:35:17,Assignment,Assignment: 2,Submission status viewed
SYN2023_050,2023-12-09 17:52:44,File,Learning material 1.pdf,Course module viewed
SYN2023_050,2023-12-10 11:51:22,File,Learning material 8.pdf,Course module viewed
SYN2023_050,2023-12-10 13:26:48,File,Learning material 2.pdf,Course module viewed
SYN2023_050,2023-12-10 14:13:19,File,Learning material 1.pdf,Course module viewed
SYN2023_050,2023-12-10 16:41:39,File,Learning material 6.pdf,Course module viewed
SYN2023_050,2023-12-10 16:42:42,Assignment,Assignment: 3,Submission status viewed
SYN2023_050,2023-12-11 13:58:59,File,Learning material 2.pdf,Course module viewed
SYN2023_050,2023-12-11 13:59:58,File,Learning material 1.pdf,Course module viewed
SYN2023_050,2023-12-11 15:50:13,Quiz,Quiz: 2,Quiz attempt viewed
SYN2023_050,2023-12-11 18:49:22,Assignment,Assignment: 1,Submission status viewed
SYN2023_050,2023-12-12 15:18:55,File,Learning material 8.pdf,Course module viewed
SYN2023_050,2023-12-12 16:24:58,Assignment,Assignment: 2,Submission status viewed
SYN2023_050,2023-12-12 17:41:21,File,Learning material 5.pdf,Course module viewed
SYN2023_050,2023-12-12 18:25:34,File,Learning material 8.pdf,Course module viewed
SYN2023_050,2023-12-12 19:48:28,File,Learning material 1.pdf,Course module viewed
SYN2023_051,2023-10-28 09:29:42,File,Learning material 5.pdf,Course module viewed
SYN2023_051,2023-10-30 13:26:44,Assignment,Assignment: 2,Submission status viewed
SYN2023_051,2023-11-04 18:04:08,Quiz,Quiz: 2,Quiz attempt viewed
SYN2023_051,2023-11-11 15:35:16,File,Learning material 3.pdf,Course module viewed
SYN2023_051,2023-11-11 20:40:49,Quiz,Quiz: 2,Quiz attempt viewed
SYN2023_051,2023-11-12 13:00:07,Quiz,Quiz: 1,Quiz attempt viewed
SYN2023_051,2023-11-12 15:09:49,Assignment,Assignment: 2,Submission status viewed
SYN2023_051,2023-11-13 18:12:33,File,Learning material 5.pdf,Course module viewed
SYN2023_051,2023-11-14 18:03:41,Assignment,Assignment: 2,Assignment submitted
SYN2023_051,2023-11-16 12:48:37,File,Learning material 7.pdf,Course module viewed
SYN2023_051,2023-11-18 13:45:48,Quiz,Quiz: 2,Quiz attempt viewed
SYN2023_051,2023-11-19 13:18:27,File,Learning material 6.pdf,Course module viewed
SYN2023_051,2023-11-20 18:50:34,Quiz,Quiz: 2,Quiz attempt viewed
SYN2023_051,2023-11-22 13:20:30,Assignment,Assignment: 1,Submission status viewed
SYN2023_051,2023-11-22 13:29:54,File,Learning material 5.pdf,Course module viewed
SYN2023_051,2023-11-22 21:30:58,Assignment,Assignment: 3,Submission status viewed
SYN2023_051,2023-11-23 17:13:58,Quiz,Quiz: 2,Quiz attempt viewed
SYN2023_051,2023-11-24 17:00:18,Assignment,Assignment: 1,Assignment submitted
SYN2023_051,2023-11-25 13:21:18,Assignment,Assignment: 2,Submission status viewed
SYN2023_051,2023-11-27 11:29:07,Quiz,Quiz: 3,Quiz attempt viewed
SYN2023_051,2023-11-29 15:11:34,Assignment,Assignment: 3,Assignment submitted
SYN2023_051,2023-12-03 16:53:50,File,Learning material 5.pdf,Course module viewed
SYN2023_051,2023-12-09 12:24:30,Assignment,Assignment: 1,Submission status viewed
SYN2023_051,2023-12-09 14:56:59,File,Learning material 1.pdf,Course module viewed
SYN2023_051,2023-12-09 16:13:38,Quiz,Quiz: 2,Quiz attempt viewed
SYN2023_051,2023-12-10 14:02:32,Assignment,Assignment: 3,Submission status viewed
SYN2023_051,2023-12-10 16:04:16,File,Learning material 7.pdf,Course module viewed
SYN2023_051,2023-12-10 17:09:00,File,Learning material 7.pdf,Course module viewed
SYN2023_051,2023-12-11 12:37:22,Quiz,Quiz: 2,Quiz attempt viewed
SYN2023_051,2023-12-11 13:05:37,File,Learning material 7.pdf,Course module viewed
SYN2023_051,2023-12-11 13:24:41,File,Learning material 5.pdf,Course module viewed
SYN2023_051,2023-12-11 14:07:21,File,Learning material 4.pdf,Course module viewed
SYN2023_051,2023-12-11 15:34:10,Quiz,Quiz: 2,Quiz attempt viewed
SYN2023_051,2023-12-11 16:18:43,File,Learning material 7.pdf,Course module viewed
SYN2023_051,2023-12-11 18:10:33,File,Learning material 8.pdf,Course module viewed
SYN2023_051,2023-12-11 19:37:06,File,Learning material 4.pdf,Course module viewed
SYN2023_051,2023-12-12 11:41:27,File,Learning material 3.pdf,Course module viewed
SYN2023_051,2023-12-12 13:12:25,Quiz,Quiz: 1,Quiz attempt viewed
SYN2023_051,2023-12-12 13:36:49,Assignment,Assignment: 1,Submission status viewed
SYN2023_051,2023-12-12 14:40:31,Forum,Course forum,Discussion viewed
SYN2023_051,2023-12-12 15:19:16,File,Learning material 6.pdf,Course module viewed
SYN2023_051,2023-12-12 16:57:13,File,Learning material 5.pdf,Course module viewed
SYN2023_051,2023-12-12 17:31:43,File,Learning material 6.pdf,Course module viewed
SYN2023_051,2023-12-12 18:34:20,File,Learning material 1.pdf,Course module viewed
SYN2023_051,2023-12-12 21:38:01,File,Learning material 5.pdf,Course module viewed
SYN2023_052,2023-10-19 15:26:59,Assignment,Assignment: 2,Submission status viewed
SYN2023_052,2023-10-27 14:16:48,File,Learning material 6.pdf,Course module viewed
SYN2023_052,2023-10-30 17:17:53,Quiz,Quiz: 3,Quiz attempt viewed
SYN2023_052,2023-10-30 17:41:57,Quiz,Quiz: 1,Quiz attempt viewed
SYN2023_052,2023-11-03 22:40:52,File,Learning material 7.pdf,Course module viewed
SYN2023_052,2023-11-05 17:50:37,Assignment,Assignment: 2,Submission status viewed
SYN2023_052,2023-11-10 10:38:10,File,Learning material 7.pdf,Course module viewed
SYN2023_052,2023-11-12 07:35:53,Assignment,Assignment: 3,Submission status viewed
SYN2023_052,2023-11-14 17:36:34,Quiz,Quiz: 3,Quiz attempt viewed
SYN2023_052,2023-11-15 16:35:45,Assignment,Assignment: 2,Submission status viewed
SYN2023_052,2023-11-15 18:52:30,Assignment,Assignment: 3,Assignment submitted
SYN2023_052,2023-11-18 17:57:18,File,Learning material 8.pdf,Course module viewed
SYN2023_052,2023-11-20 22:28:10,Assignment,Assignment: 1,Submission status viewed
SYN2023_052,2023-11-21 15:03:45,Assignment,Assignment: 1,Submission status viewed
SYN2023_052,2023-11-21 18:03:48,Assignment,Assignment: 2,Assignment submitted
SYN2023_052,2023-11-22 09:42:35,Quiz,Quiz: 1,Quiz attempt viewed
SYN2023_052,2023-11-23 15:55:18,Assignment,Assignment: 1,Submission status viewed
SYN2023_052,2023-11-23 18:55:29,File,Learning material 4.pdf,Course module viewed
SYN2023_052,2023-11-24 16:29:33,Assignment,Assignment: 3,Submission status viewed
SYN2023_052,2023-11-24 23:08:30,Forum,Course forum,Discussion viewed
SYN2023_052,2023-11-26 19:07:10,Assignment,Assignment: 1,Assignment submitted
SYN2023_052,2023-11-27 16:05:58,File,Learning material 4.pdf,Course module viewed
SYN2023_052,2023-11-29 16:09:58,Assignment,Assignment: 2,Submission status viewed
SYN2023_052,2023-12-05 12:37:08,File,Learning material 8.pdf,Course module viewed
SYN2023_052,2023-12-05 13:02:05,File,Learning material 1.pdf,Course module viewed
SYN2023_052,2023-12-05 14:20:00,File,Learning material 2.pdf,Course module viewed
SYN2023_052,2023-12-05 16:17:01,File,Learning material 1.pdf,Course module viewed
SYN2023_052,2023-12-05 16:22:02,File,Learning material 6.pdf,Course module viewed
SYN2023_052,2023-12-05 17:04:16,Assignment,Assignment: 2,Submission status viewed
SYN2023_052,2023-12-05 17:39:31,Assignment,Assignment: 2,Submission status viewed
SYN2023_052,2023-12-05 22:20:10,Quiz,Quiz: 1,Quiz attempt viewed
SYN2023_052,2023-12-05 23:01:02,File,Learning material 5.pdf,Course module viewed
SYN2023_052,2023-12-06 18:18:34,File,Learning material 7.pdf,Course module viewed
SYN2023_052,2023-12-07 14:42:02,Assignment,Assignment: 2,Submission status viewed
SYN2023_052,2023-12-07 16:07:47,Quiz,Quiz: 1,Quiz attempt viewed
SYN2023_052,2023-12-07 17:22:49,File,Learning material 1.pdf,Course module viewed
SYN2023_052,2023-12-07 20:21:08,File,Learning material 8.pdf,Course module viewed
SYN2023_052,2023-12-07 20:29:17,File,Learning material 7.pdf,Course module viewed
SYN2023_052,2023-12-07 22:40:29,File,Learning material 1.pdf,Course module viewed
SYN2023_052,2023-12-08 12:03:32,File,Learning material 7.pdf,Course module viewed
SYN2023_052,2023-12-08 13:16:49,File,Learning material 5.pdf,Course module viewed
SYN2023_052,2023-12-08 17:08:37,Quiz,Quiz: 1,Quiz attempt viewed
SYN2023_052,2023-12-08 17:51:08,Assignment,Assignment: 1,Submission status viewed
SYN2023_052,2023-12-08 18:45:49,Assignment,Assignment: 2,Submission status viewed
SYN2023_052,2023-12-08 21:51:21,File,Learning material 3.pdf,Course module viewed
SYN2023_052,2023-12-08 22:34:01,File,Learning material 5.pdf,Course module viewed
SYN2023_052,2023-12-09 12:56:53,File,Learning material 1.pdf,Course module viewed
SYN2023_052,2023-12-09 14:44:47,Assignment,Assignment: 3,Submission status viewed
SYN2023_052,2023-12-09 16:43:59,File,Learning material 4.pdf,Course module viewed
SYN2023_052,2023-12-09 17:56:42,File,Learning material 2.pdf,Course module viewed
SYN2023_052,2023-12-09 22:08:58,File,Learning material 6.pdf,Course module viewed
SYN2023_052,2023-12-10 15:35:20,Forum,Course forum,Discussion viewed
SYN2023_052,2023-12-10 17:53:13,File,Learning material 5.pdf,Course module viewed
SYN2023_052,2023-12-10 18:01:37,File,Learning material 2.pdf,Course module viewed
SYN2023_052,2023-12-10 18:44:25,Quiz,Quiz: 3,Quiz attempt viewed
SYN2023_052,2023-12-10 19:31:14,File,Learning material 4.pdf,Course module viewed
SYN2023_052,2023-12-10 20:54:11,File,Learning material 5.pdf,Course module viewed
SYN2023_052,2023-12-11 12:11:33,File,Learning material 3.pdf,Course module viewed
SYN2023_052,2023-12-11 14:39:10,Quiz,Quiz: 2,Quiz attempt viewed
SYN2023_052,2023-12-11 15:27:06,File,Learning material 7.pdf,Course module viewed
SYN2023_052,2023-12-11 17:49:38,File,Learning material 4.pdf,Course module viewed
SYN2023_052,2023-12-11 18:08:27,File,Learning material 3.pdf,Course module viewed
SYN2023_052,2023-12-11 20:22:06,Assignment,Assignment: 1,Submission status viewed
SYN2023_052,2023-12-12 12:03:29,File,Learning material 4.pdf,Course module viewed
SYN2023_052,2023-12-12 18:06:44,File,Learning material 3.pdf,Course module viewed
SYN2023_052,2023-12-12 19:19:26,Quiz,Quiz: 3,Quiz attempt viewed
SYN2023_052,2023-12-12 20:32:54,Assignment,Assignment: 3,Submission status viewed
SYN2023_052,2023-12-12 21:30:03,File,Learning material 7.pdf,Course module viewed
SYN2023_053,2023-10-23 10:40:14,File,Learning material 4.pdf,Course module viewed
SYN2023_053,2023-10-24 10:51:22,Forum,Course forum,Discussion viewed
SYN2023_053,2023-10-28 22:22:42,File,Learning material 6.pdf,Course module viewed
SYN2023_053,2023-11-04 12:43:33,File,Learning material 6.pdf,Course module viewed
SYN2023_053,2023-11-04 15:09:29,Assignment,Assignment: 2,Submission status viewed
SYN2023_053,2023-11-09 13:51:56,Assignment,Assignment: 2,Submission status viewed
SYN2023_053,2023-11-09 19:40:26,Assignment,Assignment: 2,Assignment submitted
SYN2023_053,2023-11-16 15:12:08,Assignment,Assignment: 3,Submission status viewed
SYN2023_053,2023-11-17 15:05:48,Quiz,Quiz: 1,Quiz attempt viewed
SYN2023_053,2023-11-19 13:36:27,File,Learning material 1.pdf,Course module viewed
SYN2023_053,2023-11-19 23:13:35,Assignment,Assignment: 1,Submission status viewed
SYN2023_053,2023-11-20 10:11:59,File,Learning material 1.pdf,Course module viewed
SYN2023_053,2023-11-22 17:56:29,Assignment,Assignment: 3,Assignment submitted
SYN2023_053,2023-11-23 14:32:27,Assignment,Assignment: 1,Submission status viewed
SYN2023_053,2023-11-23 15:50:47,File,Learning material 8.pdf,Course module viewed
SYN2023_053,2023-11-24 13:07:48,File,Learning material 1.pdf,Course module viewed
SYN2023_053,2023-11-25 14:37:05,Quiz,Quiz: 1,Quiz attempt viewed
SYN2023_053,2023-11-25 15:01:03,Assignment,Assignment: 1,Assignment submitted
SYN2023_053,2023-11-26 18:28:38,File,Learning material 1.pdf,Course module viewed
SYN2023_053,2023-11-29 17:50:57,Assignment,Assignment: 3,Submission status viewed
SYN2023_053,2023-11-30 11:10:41,Assignment,Assignment: 1,Submission status viewed
SYN2023_053,2023-11-30 20:13:54,File,Learning material 5.pdf,Course module viewed
SYN2023_053,2023-12-01 11:59:13,Assignment,Assignment: 1,Submission status viewed
SYN2023_053,2023-12-01 16:59:39,Assignment,Assignment: 1,Submission status viewed
SYN2023_053,2023-12-04 16:23:12,File,Learning material 6.pdf,Course module viewed
SYN2023_053,2023-12-04 22:46:27,Assignment,Assignment: 1,Submission status viewed
SYN2023_053,2023-12-05 19:26:22,File,Learning material 1.pdf,Course module viewed
SYN2023_053,2023-12-06 15:11:24,File,Learning material 2.pdf,Course module viewed
SYN2023_053,2023-12-06 16:41:43,File,Learning material 2.pdf,Course module viewed
SYN2023_053,2023-12-06 17:07:20,Assignment,Assignment: 2,Submission status viewed
SYN2023_053,2023-12-07 06:12:29,File,Learning material 6.pdf,Course module viewed
SYN2023_053,2023-12-07 10:44:13,File,Learning material 4.pdf,Course module viewed
SYN2023_053,2023-12-09 13:08:07,File,Learning material 5.pdf,Course module viewed
SYN2023_053,2023-12-09 19:13:44,Assignment,Assignment: 3,Submission status viewed
SYN2023_053,2023-12-09 20:16:51,File,Learning material 4.pdf,Course module viewed
SYN2023_053,2023-12-10 13:13:47,Assignment,Assignment: 2,Submission status viewed
SYN2023_053,2023-12-11 13:48:15,File,Learning material 1.pdf,Course module viewed
SYN2023_053,2023-12-11 15:52:34,Assignment,Assignment: 2,Submission status viewed
SYN2023_053,2023-12-11 18:38:50,Quiz,Quiz: 2,Quiz attempt viewed
SYN2023_053,2023-12-12 10:17:49,File,Learning material 2.pdf,Course module viewed
SYN2023_053,2023-12-12 16:01:41,Quiz,Quiz: 2,Quiz attempt viewed
SYN2023_054,2023-10-23 16:24:11,Quiz,Quiz: 3,Quiz attempt viewed
SYN2023_054,2023-10-24 09:04:01,File,Learning material 5.pdf,Course module viewed
SYN2023_054,2023-10-26 09:54:38,File,Learning material 8.pdf,Course module viewed
SYN2023_054,2023-10-28 13:38:23,File,Learning material 7.pdf,Course module viewed
SYN2023_054,2023-10-29 09:34:41,Forum,Course forum,Discussion viewed
SYN2023_054,2023-10-29 15:08:45,Quiz,Quiz: 3,Quiz attempt viewed
SYN2023_054,2023-10-30 18:18:00,File,Learning material 4.pdf,Course module viewed
SYN2023_054,2023-10-31 07:58:22,Assignment,Assignment: 1,Submission status viewed
SYN2023_054,2023-11-01 14:41:04,File,Learning material 4.pdf,Course module viewed
SYN2023_054,2023-11-04 13:13:32,Assignment,Assignment: 3,Submission status viewed
SYN2023_054,2023-11-04 15:41:36,Assignment,Assignment: 2,Submission status viewed
SYN2023_054,2023-11-04 16:13:11,File,Learning material 2.pdf,Course module viewed
SYN2023_054,2023-11-07 16:36:54,Quiz,Quiz: 1,Quiz attempt viewed
SYN2023_054,2023-11-08 14:39:27,Assignment,Assignment: 2,Submission status viewed
SYN2023_054,2023-11-08 15:05:28,File,Learning material 5.pdf,Course module viewed
SYN2023_054,2023-11-09 14:14:39,Forum,Course forum,Discussion viewed
SYN2023_054,2023-11-09 19:05:46,Assignment,Assignment: 2,Assignment submitted
SYN2023_054,2023-11-10 15:01:11,Assignment,Assignment: 1,Submission status viewed
SYN2023_054,2023-11-11 10:15:05,File,Learning material 5.pdf,Course module viewed
SYN2023_054,2023-11-14 13:46:50,Quiz,Quiz: 1,Quiz attempt viewed
SYN2023_054,2023-11-16 13:02:27,Assignment,Assignment: 1,Submission status viewed
SYN2023_054,2023-11-18 17:32:39,Assignment,Assignment: 2,Submission status viewed
SYN2023_054,2023-11-23 18:35:20,Assignment,Assignment: 1,Assignment submitted
SYN2023_054,2023-11-24 17:07:15,Assignment,Assignment: 3,Submission status viewed
SYN2023_054,2023-11-24 21:32:37,File,Learning material 2.pdf,Course module viewed
SYN2023_054,2023-11-30 15:43:03,Assignment,Assignment: 3,Assignment submitted
SYN2023_054,2023-12-02 15:11:19,Forum,Course forum,Discussion viewed
SYN2023_054,2023-12-02 20:58:31,Assignment,Assignment: 2,Submission status viewed
SYN2023_054,2023-12-04 23:55:22,File,Learning material 6.pdf,Course module viewed
SYN2023_054,2023-12-05 12:38:27,File,Learning material 1.pdf,Course module viewed
SYN2023_054,2023-12-05 14:14:18,Quiz,Quiz: 1,Quiz attempt viewed
SYN2023_054,2023-12-05 15:56:42,Forum,Course forum,Discussion viewed
SYN2023_054,2023-12-05 19:46:40,File,Learning material 2.pdf,Course module viewed
SYN2023_054,2023-12-05 22:02:30,File,Learning material 3.pdf,Course module viewed
SYN2023_054,2023-12-06 14:53:47,File,Learning material 7.pdf,Course module viewed
SYN2023_054,2023-12-07 09:10:26,File,Learning material 6.pdf,Course module viewed
SYN2023_054,2023-12-07 14:55:38,File,Learning material 3.pdf,Course module viewed
SYN2023_054,2023-12-07 15:18:42,Quiz,Quiz: 1,Quiz attempt viewed
SYN2023_054,2023-12-08 13:41:59,Quiz,Quiz: 3,Quiz attempt viewed
SYN2023_054,2023-12-09 15:04:03,File,Learning material 5.pdf,Course module viewed
SYN2023_054,2023-12-11 09:28:02,File,Learning material 3.pdf,Course module viewed
SYN2023_054,2023-12-11 12:36:44,File,Learning material 8.pdf,Course module viewed
SYN2023_054,2023-12-11 14:11:16,Quiz,Quiz: 2,Quiz attempt viewed
SYN2023_055,2023-10-21 13:03:21,Forum,Course forum,Discussion viewed
SYN2023_055,2023-10-23 11:24:56,File,Learning material 7.pdf,Course module viewed
SYN2023_055,2023-10-23 15:40:25,File,Learning material 2.pdf,Course module viewed
SYN2023_055,2023-10-24 17:04:10,File,Learning material 2.pdf,Course module viewed
SYN2023_055,2023-10-24 23:43:47,File,Learning material 6.pdf,Course module viewed
SYN2023_055,2023-10-25 11:38:47,Quiz,Quiz: 2,Quiz attempt viewed
SYN2023_055,2023-10-28 12:52:17,File,Learning material 8.pdf,Course module viewed
SYN2023_055,2023-10-30 16:06:16,Assignment,Assignment: 1,Submission status viewed
SYN2023_055,2023-11-03 12:34:45,File,Learning material 5.pdf,Course module viewed
SYN2023_055,2023-11-03 16:02:30,Assignment,Assignment: 3,Submission status viewed
SYN2023_055,2023-11-03 18:54:16,File,Learning material 7.pdf,Course module viewed
SYN2023_055,2023-11-04 12:15:55,File,Learning material 8.pdf,Course module viewed
SYN2023_055,2023-11-05 12:31:02,File,Learning material 3.pdf,Course module viewed
SYN2023_055,2023-11-05 15:17:37,Assignment,Assignment: 3,Submission status viewed
SYN2023_055,2023-11-06 22:24:34,Assignment,Assignment: 1,Submission status viewed
SYN2023_055,2023-11-08 16:36:26,File,Learning material 7.pdf,Course module viewed
SYN2023_055,2023-11-08 16:51:54,Assignment,Assignment: 3,Submission status viewed
SYN2023_055,2023-11-08 18:00:24,Assignment,Assignment: 1,Assignment submitted
SYN2023_055,2023-11-09 15:35:12,Assignment,Assignment: 3,Submission status viewed
SYN2023_055,2023-11-09 20:24:19,Assignment,Assignment: 3,Assignment submitted
SYN2023_055,2023-11-10 17:48:24,File,Learning material 4.pdf,Course module viewed
SYN2023_055,2023-11-11 14:30:57,Assignment,Assignment: 2,Submission status viewed
SYN2023_055,2023-11-11 19:01:03,Forum,Course forum,Discussion viewed
SYN2023_055,2023-11-12 16:23:28,File,Learning material 7.pdf,Course module viewed
SYN2023_055,2023-11-16 14:33:22,File,Learning material 5.pdf,Course module viewed
SYN2023_055,2023-11-16 19:44:32,Assignment,Assignment: 2,Assignment submitted
SYN2023_055,2023-11-25 17:20:34,Quiz,Quiz: 3,Quiz attempt viewed
SYN2023_055,2023-12-01 11:36:25,File,Learning material 4.pdf,Course module viewed
SYN2023_055,2023-12-01 13:16:46,File,Learning material 8.pdf,Course module viewed
SYN2023_055,2023-12-01 21:20:49,File,Learning material 1.pdf,Course module viewed
SYN2023_055,2023-12-02 07:32:33,File,Learning material 2.pdf,Course module viewed
SYN2023_055,2023-12-02 16:04:24,File,Learning material 6.pdf,Course module viewed
SYN2023_055,2023-12-03 11:54:02,File,Learning material 2.pdf,Course module viewed
SYN2023_055,2023-12-03 14:31:27,Assignment,Assignment: 2,Submission status viewed
SYN2023_055,2023-12-03 15:48:53,Quiz,Quiz: 1,Quiz attempt viewed
SYN2023_055,2023-12-04 11:30:48,Assignment,Assignment: 3,Submission status viewed
SYN2023_055,2023-12-04 12:17:35,File,Learning material 7.pdf,Course module viewed
SYN2023_055,2023-12-04 14:27:25,Quiz,Quiz: 3,Quiz attempt viewed
SYN2023_055,2023-12-07 12:05:27,Assignment,Assignment: 3,Submission status viewed
SYN2023_055,2023-12-10 12:07:05,File,Learning material 5.pdf,Course module viewed
SYN2023_055,2023-12-12 11:09:31,File,Learning material 4.pdf,Course module viewed
SYN2023_055,2023-12-12 11:59:48,Assignment,Assignment: 1,Submission status viewed
SYN2023_055,2023-12-12 15:23:43,File,Learning material 2.pdf,Course module viewed
SYN2023_056,2023-10-19 13:01:39,Quiz,Quiz: 1,Quiz attempt viewed
SYN2023_056,2023-10-23 21:26:16,File,Learning material 8.pdf,Course module viewed
SYN2023_056,2023-10-25 14:42:50,Forum,Course forum,Discussion viewed
SYN2023_056,2023-10-27 15:01:33,Assignment,Assignment: 2,Submission status viewed
SYN2023_056,2023-10-29 20:23:51,Assignment,Assignment: 3,Submission status viewed
SYN2023_056,2023-11-09 14:42:29,Assignment,Assignment: 1,Submission status viewed
SYN2023_056,2023-11-09 16:25:32,Assignment,Assignment: 2,Submission status viewed
SYN2023_056,2023-11-10 17:18:19,Assignment,Assignment: 3,Submission status viewed
SYN2023_056,2023-11-11 09:10:42,Forum,Course forum,Discussion viewed
SYN2023_056,2023-11-14 10:10:44,Quiz,Quiz: 1,Quiz attempt viewed
SYN2023_056,2023-11-14 10:26:26,Quiz,Quiz: 3,Quiz attempt viewed
SYN2023_056,2023-11-16 13:36:47,Assignment,Assignment: 3,Assignment submitted
SYN2023_056,2023-11-16 14:32:02,Assignment,Assignment: 2,Assignment submitted
SYN2023_056,2023-11-16 16:32:39,File,Learning material 8.pdf,Course module viewed
SYN2023_056,2023-11-22 18:52:41,Assignment,Assignment: 1,Submission status viewed
SYN2023_056,2023-11-26 20:14:43,Assignment,Assignment: 1,Assignment submitted
SYN2023_056,2023-12-03 13:32:16,File,Learning material 5.pdf,Course module viewed
SYN2023_056,2023-12-05 18:10:26,File,Learning material 6.pdf,Course module viewed
SYN2023_056,2023-12-08 12:02:39,Assignment,Assignment: 3,Submission status viewed
SYN2023_056,2023-12-08 18:12:31,Quiz,Quiz: 2,Quiz attempt viewed
SYN2023_056,2023-12-09 12:03:15,File,Learning material 1.pdf,Course module viewed
SYN2023_056,2023-12-10 14:58:30,File,Learning material 2.pdf,Course module viewed
SYN2023_056,2023-12-10 15:51:03,Assignment,Assignment: 2,Submission status viewed
SYN2023_056,2023-12-11 11:40:36,File,Learning material 8.pdf,Course module viewed
SYN2023_056,2023-12-11 13:32:12,Assignment,Assignment: 2,Submission status viewed
SYN2023_056,2023-12-11 14:08:13,File,Learning material 4.pdf,Course module viewed
SYN2023_056,2023-12-11 14:20:06,File,Learning material 2.pdf,Course module viewed
SYN2023_056,2023-12-11 16:07:53,File,Learning material 2.pdf,Course module viewed
SYN2023_056,2023-12-11 16:33:45,File,Learning material 1.pdf,Course module viewed
SYN2023_056,2023-12-11 18:53:03,File,Learning material 3.pdf,Course module viewed
SYN2023_056,2023-12-12 13:53:15,Quiz,Quiz: 2,Quiz attempt viewed
SYN2023_056,2023-12-12 19:11:09,File,Learning material 7.pdf,Course module viewed
SYN2023_057,2023-10-20 15:58:11,File,Learning material 4.pdf,Course module viewed
SYN2023_057,2023-10-21 19:11:12,Assignment,Assignment: 3,Submission status viewed
SYN2023_057,2023-10-21 21:17:16,File,Learning material 1.pdf,Course module viewed
SYN2023_057,2023-10-21 21:55:44,Assignment,Assignment: 3,Submission status viewed
SYN2023_057,2023-10-22 19:08:35,Quiz,Quiz: 2,Quiz attempt viewed
SYN2023_057,2023-10-23 16:16:27,Quiz,Quiz: 3,Quiz attempt viewed
SYN2023_057,2023-10-27 18:05:04,File,Learning material 5.pdf,Course module viewed
SYN2023_057,2023-10-29 19:38:17,File,Learning material 1.pdf,Course module viewed
SYN2023_057,2023-10-30 15:33:22,File,Learning material 4.pdf,Course module viewed
SYN2023_057,2023-10-30 22:05:04,Quiz,Quiz: 1,Quiz attempt viewed
SYN2023_057,2023-11-04 12:01:33,Assignment,Assignment: 1,Submission status viewed
SYN2023_057,2023-11-05 13:10:19,Assignment,Assignment: 3,Submission status viewed
SYN2023_057,2023-11-07 16:06:05,Quiz,Quiz: 3,Quiz attempt viewed
SYN2023_057,2023-11-08 13:09:07,File,Learning material 2.pdf,Course module viewed
SYN2023_057,2023-11-10 15:14:34,File,Learning material 8.pdf,Course module viewed
SYN2023_057,2023-11-10 23:40:35,Assignment,Assignment: 3,Assignment submitted
SYN2023_057,2023-11-16 18:55:38,File,Learning material 8.pdf,Course module viewed
SYN2023_057,2023-11-22 20:17:34,Assignment,Assignment: 1,Submission status viewed
SYN2023_057,2023-11-23 16:50:09,Assignment,Assignment: 1,Assignment submitted
SYN2023_057,2023-11-24 13:36:27,File,Learning material 4.pdf,Course module viewed
SYN2023_057,2023-11-24 23:04:10,File,Learning material 6.pdf,Course module viewed
SYN2023_057,2023-11-25 16:36:56,File,Learning material 4.pdf,Course module viewed
SYN2023_057,2023-11-26 15:31:13,Assignment,Assignment: 2,Submission status viewed
SYN2023_057,2023-11-27 11:45:37,Assignment,Assignment: 2,Assignment submitted
SYN2023_057,2023-11-28 17:09:32,Forum,Course forum,Discussion viewed
SYN2023_057,2023-11-29 16:19:08,File,Learning material 8.pdf,Course module viewed
SYN2023_057,2023-12-02 13:03:39,File,Learning material 6.pdf,Course module viewed
SYN2023_057,2023-12-04 18:44:30,Assignment,Assignment: 3,Submission status viewed
SYN2023_057,2023-12-09 10:33:16,Forum,Course forum,Discussion viewed
SYN2023_057,2023-12-09 13:03:07,Forum,Course forum,Discussion viewed
SYN2023_057,2023-12-09 14:15:56,File,Learning material 2.pdf,Course module viewed
SYN2023_057,2023-12-09 15:55:47,File,Learning material 1.pdf,Course module viewed
SYN2023_057,2023-12-09 16:37:45,File,Learning material 1.pdf,Course module viewed
SYN2023_057,2023-12-09 18:53:42,Assignment,Assignment: 1,Submission status viewed
SYN2023_057,2023-12-09 19:12:14,File,Learning material 3.pdf,Course module viewed
SYN2023_057,2023-12-09 19:21:26,File,Learning material 6.pdf,Course module viewed
SYN2023_057,2023-12-09 19:43:18,File,Learning material 3.pdf,Course module viewed
SYN2023_057,2023-12-09 20:01:23,Quiz,Quiz: 1,Quiz attempt viewed
SYN2023_057,2023-12-10 08:50:08,File,Learning material 7.pdf,Course module viewed
SYN2023_057,2023-12-10 13:57:25,File,Learning material 1.pdf,Course module viewed
SYN2023_057,2023-12-10 17:45:39,Quiz,Quiz: 2,Quiz attempt viewed
SYN2023_057,2023-12-10 18:06:21,File,Learning material 2.pdf,Course module viewed
SYN2023_057,2023-12-10 19:44:09,File,Learning material 2.pdf,Course module viewed
SYN2023_057,2023-12-10 21:17:00,File,Learning material 4.pdf,Course module viewed
SYN2023_057,2023-12-10 21:56:37,Quiz,Quiz: 2,Quiz attempt viewed
SYN2023_057,2023-12-10 23:17:32,File,Learning material 1.pdf,Course module viewed
SYN2023_057,2023-12-11 14:16:57,Assignment,Assignment: 2,Submission status viewed
SYN2023_057,2023-12-11 14:52:10,File,Learning material 2.pdf,Course module viewed
SYN2023_057,2023-12-11 15:50:03,File,Learning material 7.pdf,Course module viewed
SYN2023_057,2023-12-11 16:02:45,File,Learning material 8.pdf,Course module viewed
SYN2023_057,2023-12-11 16:16:55,File,Learning material 1.pdf,Course module viewed
SYN2023_057,2023-12-11 16:36:58,Quiz,Quiz: 3,Quiz attempt viewed
SYN2023_057,2023-12-11 18:41:50,Forum,Course forum,Discussion viewed
SYN2023_057,2023-12-11 19:05:48,File,Learning material 8.pdf,Course module viewed
SYN2023_057,2023-12-11 19:22:29,Quiz,Quiz: 2,Quiz attempt viewed
SYN2023_057,2023-12-11 19:56:36,File,Learning material 5.pdf,Course module viewed
SYN2023_057,2023-12-11 19:59:26,Assignment,Assignment: 3,Submission status viewed
SYN2023_057,2023-12-11 20:39:13,Quiz,Quiz: 2,Quiz attempt viewed
SYN2023_057,2023-12-11 20:41:23,File,Learning material 7.pdf,Course module viewed
SYN2023_057,2023-12-12 13:29:49,Assignment,Assignment: 3,Submission status viewed
SYN2023_057,2023-12-12 13:58:35,Quiz,Quiz: 2,Quiz attempt viewed
SYN2023_057,2023-12-12 15:32:37,File,Learning material 3.pdf,Course module viewed
SYN2023_057,2023-12-12 16:42:23,Assignment,Assignment: 2,Submission status viewed
SYN2023_057,2023-12-12 16:49:07,File,Learning material 3.pdf,Course module viewed
SYN2023_057,2023-12-12 17:05:51,File,Learning material 5.pdf,Course module viewed
SYN2023_057,2023-12-12 17:15:18,File,Learning material 8.pdf,Course module viewed
SYN2023_057,2023-12-12 17:15:58,File,Learning material 1.pdf,Course module viewed
SYN2023_057,2023-12-12 17:42:45,File,Learning material 1.pdf,Course module viewed
SYN2023_057,2023-12-12 17:59:36,Forum,Course forum,Discussion viewed
SYN2023_057,2023-12-12 18:12:01,Quiz,Quiz: 1,Quiz attempt viewed
SYN2023_057,2023-12-12 18:43:23,Quiz,Quiz: 3,Quiz attempt viewed
SYN2023_057,2023-12-12 19:35:21,File,Learning material 2.pdf,Course module viewed
SYN2023_057,2023-12-12 19:40:46,Quiz,Quiz: 3,Quiz attempt viewed
SYN2023_057,2023-12-12 23:17:13,Quiz,Quiz: 1,Quiz attempt viewed
SYN2023_058,2023-10-19 17:50:25,Assignment,Assignment: 3,Submission status viewed
SYN2023_058,2023-10-21 13:09:28,Forum,Course forum,Discussion viewed
SYN2023_058,2023-10-25 17:33:57,File,Learning material 5.pdf,Course module viewed
SYN2023_058,2023-10-29 18:56:00,File,Learning material 2.pdf,Course module viewed
SYN2023_058,2023-10-29 20:33:57,Assignment,Assignment: 2,Submission status viewed
SYN2023_058,2023-10-30 15:41:24,Quiz,Quiz: 3,Quiz attempt viewed
SYN2023_058,2023-10-31 13:41:48,Forum,Course forum,Discussion viewed
SYN2023_058,2023-11-04 12:01:25,File,Learning material 3.pdf,Course module viewed
SYN2023_058,2023-11-06 14:54:21,Assignment,Assignment: 3,Submission status viewed
SYN2023_058,2023-11-08 23:14:09,Assignment,Assignment: 3,Assignment submitted
SYN2023_058,2023-11-15 18:06:20,Assignment,Assignment: 3,Submission status viewed
SYN2023_058,2023-11-16 14:42:13,Forum,Course forum,Discussion viewed
SYN2023_058,2023-11-24 21:09:35,Quiz,Quiz: 2,Quiz attempt viewed
SYN2023_058,2023-12-02 16:26:33,Assignment,Assignment: 1,Submission status viewed
SYN2023_058,2023-12-03 15:05:51,File,Learning material 1.pdf,Course module viewed
SYN2023_058,2023-12-03 17:49:14,Assignment,Assignment: 2,Submission status viewed
SYN2023_058,2023-12-03 20:22:39,Assignment,Assignment: 1,Assignment submitted
SYN2023_058,2023-12-06 14:20:36,Assignment,Assignment: 1,Submission status viewed
SYN2023_058,2023-12-06 15:10:56,Quiz,Quiz: 1,Quiz attempt viewed
SYN2023_058,2023-12-06 16:45:45,Quiz,Quiz: 2,Quiz attempt viewed
SYN2023_058,2023-12-06 17:44:33,File,Learning material 4.pdf,Course module viewed
SYN2023_058,2023-12-06 19:29:16,File,Learning material 3.pdf,Course module viewed
SYN2023_058,2023-12-06 21:14:18,File,Learning material 7.pdf,Course module viewed
SYN2023_058,2023-12-06 21:40:47,File,Learning material 1.pdf,Course module viewed
SYN2023_058,2023-12-07 16:01:06,File,Learning material 1.pdf,Course module viewed
SYN2023_058,2023-12-07 18:32:48,Assignment,Assignment: 2,Assignment submitted
SYN2023_058,2023-12-07 20:19:39,Quiz,Quiz: 2,Quiz attempt viewed
SYN2023_058,2023-12-08 15:39:19,File,Learning material 7.pdf,Course module viewed
SYN2023_058,2023-12-08 16:14:07,Forum,Course forum,Discussion viewed
SYN2023_058,2023-12-08 16:20:36,Quiz,Quiz: 1,Quiz attempt viewed
SYN2023_058,2023-12-09 10:20:25,File,Learning material 5.pdf,Course module viewed
SYN2023_058,2023-12-09 14:49:27,File,Learning material 6.pdf,Course module viewed
SYN2023_058,2023-12-10 13:55:46,Assignment,Assignment: 1,Submission status viewed
SYN2023_058,2023-12-10 19:50:08,File,Learning material 1.pdf,Course module viewed
SYN2023_058,2023-12-10 22:52:56,Assignment,Assignment: 1,Submission status viewed
SYN2023_058,2023-12-11 11:38:59,File,Learning material 3.pdf,Course module viewed
SYN2023_058,2023-12-11 12:10:55,File,Learning material 1.pdf,Course module viewed
SYN2023_058,2023-12-11 13:56:16,File,Learning material 7.pdf,Course module viewed
SYN2023_058,2023-12-11 15:01:42,File,Learning material 8.pdf,Course module viewed
SYN2023_058,2023-12-11 15:32:14,File,Learning material 6.pdf,Course module viewed
SYN2023_058,2023-12-11 16:47:47,File,Learning material 3.pdf,Course module viewed
SYN2023_058,2023-12-11 17:30:31,File,Learning material 3.pdf,Course module viewed
SYN2023_058,2023-12-11 18:02:56,File,Learning material 4.pdf,Course module viewed
SYN2023_058,2023-12-11 20:00:25,Quiz,Quiz: 1,Quiz attempt viewed
SYN2023_058,2023-12-12 10:14:07,Assignment,Assignment: 1,Submission status viewed
SYN2023_058,2023-12-12 11:52:23,File,Learning material 3.pdf,Course module viewed
SYN2023_058,2023-12-12 13:29:21,File,Learning material 5.pdf,Course module viewed
SYN2023_058,2023-12-12 16:23:30,File,Learning material 3.pdf,Course module viewed
SYN2023_058,2023-12-12 17:03:08,File,Learning material 5.pdf,Course module viewed
SYN2023_058,2023-12-12 17:19:53,Assignment,Assignment: 3,Submission status viewed
SYN2023_058,2023-12-12 18:33:31,Forum,Course forum,Discussion viewed
SYN2023_058,2023-12-12 20:17:53,Assignment,Assignment: 2,Submission status viewed
SYN2023_059,2023-10-19 18:26:22,File,Learning material 5.pdf,Course module viewed
SYN2023_059,2023-10-19 20:32:21,File,Learning material 1.pdf,Course module viewed
SYN2023_059,2023-10-20 14:23:31,Assignment,Assignment: 1,Submission status viewed
SYN2023_059,2023-10-21 15:56:53,File,Learning material 6.pdf,Course module viewed
SYN2023_059,2023-10-22 13:09:02,File,Learning material 3.pdf,Course module viewed
SYN2023_059,2023-10-31 16:25:14,File,Learning material 8.pdf,Course module viewed
SYN2023_059,2023-11-01 15:30:49,File,Learning material 1.pdf,Course module viewed
SYN2023_059,2023-11-02 14:38:15,File,Learning material 6.pdf,Course module viewed
SYN2023_059,2023-11-02 14:52:36,Assignment,Assignment: 2,Submission status viewed
SYN2023_059,2023-11-07 15:44:21,File,Learning material 1.pdf,Course module viewed
SYN2023_059,2023-11-09 14:15:51,Quiz,Quiz: 3,Quiz attempt viewed
SYN2023_059,2023-11-10 13:35:59,Quiz,Quiz: 2,Quiz attempt viewed
SYN2023_059,2023-11-10 15:12:35,File,Learning material 8.pdf,Course module viewed
SYN2023_059,2023-11-14 16:15:25,Forum,Course forum,Discussion viewed
SYN2023_059,2023-11-15 15:47:40,File,Learning material 8.pdf,Course module viewed
SYN2023_059,2023-11-17 18:57:42,File,Learning material 3.pdf,Course module viewed
SYN2023_059,2023-11-23 17:08:32,Quiz,Quiz: 3,Quiz attempt viewed
SYN2023_059,2023-11-25 17:38:01,Assignment,Assignment: 1,Submission status viewed
SYN2023_059,2023-11-27 13:41:05,Assignment,Assignment: 2,Submission status viewed
SYN2023_059,2023-11-28 10:55:18,Assignment,Assignment: 1,Submission status viewed
SYN2023_059,2023-11-29 17:29:57,Assignment,Assignment: 1,Assignment submitted
SYN2023_059,2023-11-29 20:09:20,Assignment,Assignment: 2,Submission status viewed
SYN2023_059,2023-11-30 16:23:42,File,Learning material 8.pdf,Course module viewed
SYN2023_059,2023-12-01 21:11:15,File,Learning material 1.pdf,Course module viewed
SYN2023_059,2023-12-01 21:35:04,File,Learning material 7.pdf,Course module viewed
SYN2023_059,2023-12-02 14:45:19,Quiz,Quiz: 2,Quiz attempt viewed
SYN2023_059,2023-12-03 15:03:26,Assignment,Assignment: 3,Submission status viewed
SYN2023_059,2023-12-03 15:08:05,Assignment,Assignment: 2,Assignment submitted
SYN2023_059,2023-12-06 22:23:46,Assignment,Assignment: 3,Assignment submitted
SYN2023_059,2023-12-07 12:33:44,File,Learning material 1.pdf,Course module viewed
SYN2023_059,2023-12-07 14:55:56,File,Learning material 5.pdf,Course module viewed
SYN2023_059,2023-12-07 16:41:40,Quiz,Quiz: 1,Quiz attempt viewed
SYN2023_059,2023-12-07 17:49:59,File,Learning material 7.pdf,Course module viewed
SYN2023_059,2023-12-07 18:52:25,File,Learning material 7.pdf,Course module viewed
SYN2023_059,2023-12-07 18:59:21,File,Learning material 2.pdf,Course module viewed
SYN2023_059,2023-12-07 19:36:29,File,Learning material 1.pdf,Course module viewed
SYN2023_059,2023-12-07 20:05:02,File,Learning material 5.pdf,Course module viewed
SYN2023_059,2023-12-07 20:14:48,File,Learning material 3.pdf,Course module viewed
SYN2023_059,2023-12-07 23:45:00,File,Learning material 3.pdf,Course module viewed
SYN2023_059,2023-12-08 14:08:58,File,Learning material 3.pdf,Course module viewed
SYN2023_059,2023-12-08 16:17:19,Quiz,Quiz: 1,Quiz attempt viewed
SYN2023_059,2023-12-08 16:56:11,File,Learning material 5.pdf,Course module viewed
SYN2023_059,2023-12-08 17:13:58,File,Learning material 5.pdf,Course module viewed
SYN2023_059,2023-12-08 20:00:56,Assignment,Assignment: 1,Submission status viewed
SYN2023_059,2023-12-08 20:04:50,Assignment,Assignment: 2,Submission status viewed
SYN2023_059,2023-12-08 23:23:52,Quiz,Quiz: 1,Quiz attempt viewed
SYN2023_059,2023-12-09 13:22:48,File,Learning material 3.pdf,Course module viewed
SYN2023_059,2023-12-09 14:19:56,Quiz,Quiz: 2,Quiz attempt viewed
SYN2023_059,2023-12-09 15:46:48,Assignment,Assignment: 3,Submission status viewed
SYN2023_059,2023-12-09 16:06:31,File,Learning material 6.pdf,Course module viewed
SYN2023_059,2023-12-09 16:07:35,File,Learning material 5.pdf,Course module viewed
SYN2023_059,2023-12-09 16:11:42,Quiz,Quiz: 3,Quiz attempt viewed
SYN2023_059,2023-12-09 16:20:12,File,Learning material 3.pdf,Course module viewed
SYN2023_059,2023-12-09 16:44:46,File,Learning material 5.pdf,Course module viewed
SYN2023_059,2023-12-09 17:33:03,File,Learning material 3.pdf,Course module viewed
SYN2023_059,2023-12-09 17:36:13,Assignment,Assignment: 1,Submission status viewed
SYN2023_059,2023-12-09 17:43:23,Assignment,Assignment: 2,Submission status viewed
SYN2023_059,2023-12-09 17:47:43,File,Learning material 8.pdf,Course module viewed
SYN2023_059,2023-12-09 20:35:56,File,Learning material 1.pdf,Course module viewed
SYN2023_059,2023-12-09 22:09:28,Quiz,Quiz: 3,Quiz attempt viewed
SYN2023_059,2023-12-09 23:33:34,File,Learning material 8.pdf,Course module viewed
SYN2023_059,2023-12-10 15:40:12,File,Learning material 4.pdf,Course module viewed
SYN2023_059,2023-12-10 17:12:01,File,Learning material 4.pdf,Course module viewed
SYN2023_059,2023-12-10 17:15:42,File,Learning material 7.pdf,Course module viewed
SYN2023_059,2023-12-10 17:31:18,Quiz,Quiz: 3,Quiz attempt viewed
SYN2023_059,2023-12-10 17:44:47,File,Learning material 6.pdf,Course module viewed
SYN2023_059,2023-12-10 18:33:57,File,Learning material 3.pdf,Course module viewed
SYN2023_059,2023-12-10 18:57:54,Assignment,Assignment: 2,Submission status viewed
SYN2023_059,2023-12-10 19:12:14,File,Learning material 3.pdf,Course module viewed
SYN2023_059,2023-12-10 19:47:18,File,Learning material 5.pdf,Course module viewed
SYN2023_059,2023-12-10 20:01:23,File,Learning material 3.pdf,Course module viewed
SYN2023_059,2023-12-10 20:19:37,File,Learning material 2.pdf,Course module viewed
SYN2023_059,2023-12-11 14:39:15,Quiz,Quiz: 1,Quiz attempt viewed
SYN2023_059,2023-12-11 15:23:19,File,Learning material 7.pdf,Course module viewed
SYN2023_059,2023-12-11 16:04:30,Quiz,Quiz: 3,Quiz attempt viewed
SYN2023_059,2023-12-11 17:10:32,Assignment,Assignment: 2,Submission status viewed
SYN2023_059,2023-12-11 21:03:58,File,Learning material 4.pdf,Course module viewed
SYN2023_059,2023-12-12 15:06:29,Forum,Course forum,Discussion viewed
SYN2023_059,2023-12-12 15:52:01,File,Learning material 1.pdf,Course module viewed
SYN2023_059,2023-12-12 16:42:15,Assignment,Assignment: 3,Submission status viewed
SYN2023_059,2023-12-12 16:51:14,File,Learning material 2.pdf,Course module viewed
SYN2023_059,2023-12-12 17:09:24,Assignment,Assignment: 2,Submission status viewed
SYN2023_059,2023-12-12 18:18:07,File,Learning material 5.pdf,Course module viewed
SYN2023_059,2023-12-12 20:17:44,File,Learning material 5.pdf,Course module viewed
SYN2023_059,2023-12-12 23:36:35,File,Learning material 3.pdf,Course module viewed
SYN2023_060,2023-10-19 13:21:08,Forum,Course forum,Discussion viewed
SYN2023_060,2023-10-19 18:20:55,Quiz,Quiz: 3,Quiz attempt viewed
SYN2023_060,2023-10-22 08:14:09,File,Learning material 5.pdf,Course module viewed
SYN2023_060,2023-10-22 16:43:51,Quiz,Quiz: 1,Quiz attempt viewed
SYN2023_060,2023-10-26 17:20:03,Assignment,Assignment: 2,Submission status viewed
SYN2023_060,2023-10-26 18:35:38,File,Learning material 1.pdf,Course module viewed
SYN2023_060,2023-10-27 13:33:26,File,Learning material 8.pdf,Course module viewed
SYN2023_060,2023-10-27 14:06:04,File,Learning material 1.pdf,Course module viewed
SYN2023_060,2023-10-29 14:51:08,File,Learning material 3.pdf,Course module viewed
SYN2023_060,2023-10-29 16:42:49,File,Learning material 4.pdf,Course module viewed
SYN2023_060,2023-10-30 15:43:11,File,Learning material 2.pdf,Course module viewed
SYN2023_060,2023-11-01 12:20:24,Forum,Course forum,Discussion viewed
SYN2023_060,2023-11-02 12:49:15,File,Learning material 3.pdf,Course module viewed
SYN2023_060,2023-11-02 18:47:18,Assignment,Assignment: 3,Submission status viewed
SYN2023_060,2023-11-03 16:18:37,Quiz,Quiz: 2,Quiz attempt viewed
SYN2023_060,2023-11-04 18:22:29,File,Learning material 5.pdf,Course module viewed
SYN2023_060,2023-11-06 21:10:41,Forum,Course forum,Discussion viewed
SYN2023_060,2023-11-11 17:38:02,Assignment,Assignment: 1,Submission status viewed
SYN2023_060,2023-11-12 14:20:53,Assignment,Assignment: 3,Submission status viewed
SYN2023_060,2023-11-14 20:17:45,Assignment,Assignment: 1,Assignment submitted
SYN2023_060,2023-11-16 21:16:07,Assignment,Assignment: 3,Submission status viewed
SYN2023_060,2023-11-20 18:34:28,Assignment,Assignment: 3,Assignment submitted
SYN2023_060,2023-11-22 11:08:44,File,Learning material 2.pdf,Course module viewed
SYN2023_060,2023-11-23 17:28:53,Quiz,Quiz: 3,Quiz attempt viewed
SYN2023_060,2023-11-25 16:12:01,Assignment,Assignment: 2,Submission status viewed
SYN2023_060,2023-11-27 14:48:35,File,Learning material 7.pdf,Course module viewed
SYN2023_060,2023-11-29 19:04:07,Assignment,Assignment: 2,Assignment submitted
SYN2023_060,2023-12-02 12:40:54,Forum,Course forum,Discussion viewed
SYN2023_060,2023-12-02 13:35:08,File,Learning material 1.pdf,Course module viewed
SYN2023_060,2023-12-02 13:39:50,File,Learning material 3.pdf,Course module viewed
SYN2023_060,2023-12-02 16:17:26,File,Learning material 5.pdf,Course module viewed
SYN2023_060,2023-12-02 17:24:53,Assignment,Assignment: 1,Submission status viewed
SYN2023_060,2023-12-02 17:41:20,Assignment,Assignment: 3,Submission status viewed
SYN2023_060,2023-12-02 19:57:31,File,Learning material 6.pdf,Course module viewed
SYN2023_060,2023-12-02 22:10:02,Assignment,Assignment: 3,Submission status viewed
SYN2023_060,2023-12-03 11:00:05,File,Learning material 6.pdf,Course module viewed
SYN2023_060,2023-12-03 12:19:57,Quiz,Quiz: 3,Quiz attempt viewed
SYN2023_060,2023-12-03 14:55:29,Quiz,Quiz: 3,Quiz attempt viewed
SYN2023_060,2023-12-04 11:00:46,File,Learning material 3.pdf,Course module viewed
SYN2023_060,2023-12-04 13:18:34,File,Learning material 2.pdf,Course module viewed
SYN2023_060,2023-12-04 18:18:33,File,Learning material 4.pdf,Course module viewed
SYN2023_060,2023-12-04 19:08:29,File,Learning material 6.pdf,Course module viewed
SYN2023_060,2023-12-04 20:23:37,File,Learning material 4.pdf,Course module viewed
SYN2023_060,2023-12-04 22:07:56,Forum,Course forum,Discussion viewed
SYN2023_060,2023-12-05 16:30:15,File,Learning material 1.pdf,Course module viewed
SYN2023_060,2023-12-05 17:00:31,File,Learning material 1.pdf,Course module viewed
SYN2023_060,2023-12-05 20:58:21,Quiz,Quiz: 3,Quiz attempt viewed
SYN2023_060,2023-12-05 21:08:36,File,Learning material 2.pdf,Course module viewed
SYN2023_060,2023-12-06 12:15:46,File,Learning material 1.pdf,Course module viewed
SYN2023_060,2023-12-07 13:32:53,File,Learning material 2.pdf,Course module viewed
SYN2023_060,2023-12-07 17:45:23,File,Learning material 5.pdf,Course module viewed
SYN2023_060,2023-12-07 18:17:05,File,Learning material 3.pdf,Course module viewed
SYN2023_060,2023-12-07 19:15:06,File,Learning material 6.pdf,Course module viewed
SYN2023_060,2023-12-07 20:11:08,File,Learning material 7.pdf,Course module viewed
SYN2023_060,2023-12-07 21:59:49,File,Learning material 1.pdf,Course module viewed
SYN2023_060,2023-12-09 14:14:03,Quiz,Quiz: 2,Quiz attempt viewed
SYN2023_060,2023-12-09 14:22:05,File,Learning material 1.pdf,Course module viewed
SYN2023_060,2023-12-09 15:41:08,Forum,Course forum,Discussion viewed
SYN2023_060,2023-12-09 16:34:12,Assignment,Assignment: 3,Submission status viewed
SYN2023_060,2023-12-09 20:26:28,File,Learning material 8.pdf,Course module viewed
SYN2023_060,2023-12-10 18:41:13,File,Learning material 1.pdf,Course module viewed
SYN2023_060,2023-12-10 19:16:44,File,Learning material 2.pdf,Course module viewed
SYN2023_060,2023-12-11 10:01:46,Assignment,Assignment: 1,Submission status viewed
SYN2023_060,2023-12-11 11:34:56,File,Learning material 1.pdf,Course module viewed
SYN2023_060,2023-12-11 14:08:12,File,Learning material 2.pdf,Course module viewed
SYN2023_060,2023-12-11 17:18:45,Forum,Course forum,Discussion viewed
SYN2023_060,2023-12-11 17:26:20,File,Learning material 2.pdf,Course module viewed
SYN2023_060,2023-12-11 19:09:49,File,Learning material 7.pdf,Course module viewed
SYN2023_060,2023-12-11 20:05:05,Assignment,Assignment: 3,Submission status viewed
SYN2023_060,2023-12-12 16:16:12,File,Learning material 7.pdf,Course module viewed
SYN2023_060,2023-12-12 16:33:45,File,Learning material 5.pdf,Course module viewed
SYN2023_060,2023-12-12 20:58:56,File,Learning material 1.pdf,Course module viewed
